Date,Open,High,Low,Close,Volume
1996-01-01 00:00:00+05:30,4.600218506,4.62490225,4.569924342,4.617048264,104121369
1996-01-02 00:00:00+05:30,4.605830417,4.628270302,4.547485935,4.581145763,168743308
1996-01-03 00:00:00+05:30,4.656318944,4.868378122,4.605829363,4.615927219,209323879
1996-01-04 00:00:00+05:30,4.572169517,4.586755411,4.511581173,4.573291302,216900264
1996-01-05 00:00:00+05:30,4.555338994,4.555338994,4.502604944,4.541874886,166708467
1996-01-08 00:00:00+05:30,4.532899045,4.536264697,4.315229745,4.360109806,186974245
1996-01-09 00:00:00+05:30,4.231078014,4.30849578,4.089705385,4.234443665,388766555
1996-01-10 00:00:00+05:30,4.151416301,4.251274259,4.10653625,4.125609875,276606655
1996-01-11 00:00:00+05:30,4.084097226,4.274838323,4.078487106,4.25464201,409645726
1996-01-12 00:00:00+05:30,4.286057147,4.31859548,4.181710846,4.209761143,374687924
1996-01-15 00:00:00+05:30,4.197419179,4.218737275,4.142441263,4.166003227,199981539
1996-01-16 00:00:00+05:30,4.151417507,4.196297571,4.137953398,4.173857689,217247573
1996-01-17 00:00:00+05:30,4.151416455,4.157026574,3.973018026,4.007799625,299629901
1996-01-18 00:00:00+05:30,3.905698989,3.969652688,3.855208502,3.896722317,377502810
1996-01-19 00:00:00+05:30,3.842865686,3.891111996,3.802473664,3.828279495,324535340
1996-01-22 00:00:00+05:30,3.840622037,3.943846265,3.837255485,3.893356085,338613971
1996-01-23 00:00:00+05:30,3.906819892,3.923649951,3.523094493,3.72842145,354919302
1996-01-24 00:00:00+05:30,3.695883777,3.718323961,3.545535293,3.60051322,351185727
1996-01-25 00:00:00+05:30,3.592658573,3.608366549,3.427724224,3.44904232,360855771
1996-01-26 00:00:00+05:30,3.44904232,3.44904232,3.44904232,3.44904232,0
1996-01-29 00:00:00+05:30,3.433334093,3.753105865,3.412016594,3.720567226,652902286
1996-01-30 00:00:00+05:30,3.837256562,4.241178715,3.781156845,4.054925919,1061936020
1996-01-31 00:00:00+05:30,4.016776359,4.168246889,3.865305529,3.966286182,731560842
1996-02-01 00:00:00+05:30,3.927015145,4.151416301,3.915795507,4.125609875,640422958
1996-02-02 00:00:00+05:30,4.235567672,4.622659704,4.235567672,4.573291302,818725675
1996-02-05 00:00:00+05:30,4.824619814,5.053508751,4.679881478,4.953650475,1222482548
1996-02-06 00:00:00+05:30,5.072581825,5.161220441,4.434161173,4.538507462,1242315590
1996-02-07 00:00:00+05:30,4.287178597,4.667538305,4.242298545,4.622658253,895441820
1996-02-08 00:00:00+05:30,4.669782557,5.108486758,4.622658633,5.026580334,821653997
1996-02-09 00:00:00+05:30,5.206101084,5.430501672,5.028824421,5.318301678,994440377
1996-02-12 00:00:00+05:30,5.183661978,5.273422106,4.914380392,4.985066891,971599188
1996-02-13 00:00:00+05:30,4.936820009,5.478748471,4.894184118,5.284641743,1019034918
1996-02-14 00:00:00+05:30,5.419282081,5.496699874,5.247615836,5.288007259,622459505
1996-02-15 00:00:00+05:30,5.161222179,5.329522798,5.116341814,5.203858376,699136437
1996-02-16 00:00:00+05:30,5.116341459,5.166831641,5.072583181,5.111853123,495646793
1996-02-19 00:00:00+05:30,5.206101695,5.277910275,5.13317163,5.1634655,518231701
1996-02-20 00:00:00+05:30,5.161221772,5.182539569,4.824619961,4.890818119,639131752
1996-02-21 00:00:00+05:30,4.890818119,4.890818119,4.890818119,4.890818119,0
1996-02-22 00:00:00+05:30,5.004140721,5.183661254,4.960382447,5.148879051,613558303
1996-02-23 00:00:00+05:30,5.138780916,5.150000556,5.008628177,5.093901157,546094871
1996-02-26 00:00:00+05:30,5.149999454,5.256590207,5.072581677,5.105119705,544960514
1996-02-27 00:00:00+05:30,5.134292238,5.16122105,4.960382136,5.046776295,542491536
1996-02-28 00:00:00+05:30,5.144391381,5.201612864,5.060240484,5.071460724,427826248
1996-02-29 00:00:00+05:30,5.02657981,5.044531651,4.723638791,4.753932953,697898447
1996-03-01 00:00:00+05:30,4.790959833,4.851547867,4.67988132,4.780861378,723172202
1996-03-04 00:00:00+05:30,4.802179846,4.824620027,4.676515432,4.73149395,673407539
1996-03-05 00:00:00+05:30,4.73149395,4.73149395,4.73149395,4.73149395,0
1996-03-06 00:00:00+05:30,4.813399932,4.932332438,4.77076374,4.899794102,543855566
1996-03-07 00:00:00+05:30,4.968236186,5.054630346,4.919989578,4.94355154,854410306
1996-03-08 00:00:00+05:30,4.880719698,4.936819694,4.819009883,4.917746067,646827174
1996-03-11 00:00:00+05:30,4.847060682,4.948041362,4.827987049,4.933455467,631091821
1996-03-12 00:00:00+05:30,4.925600766,5.340742172,4.903160584,5.187027454,803011329
1996-03-13 00:00:00+05:30,5.049021646,5.121952315,4.987310918,5.098389149,577715422
1996-03-14 00:00:00+05:30,5.093900069,5.147755888,5.060239358,5.09726572,597611484
1996-03-15 00:00:00+05:30,5.070339911,5.086047889,4.891940537,4.930088997,622444100
1996-03-18 00:00:00+05:30,4.879597562,4.891939284,4.687734728,4.705686569,667319823
1996-03-19 00:00:00+05:30,4.689979668,4.775252358,4.31971832,4.416210651,1037292464
1996-03-20 00:00:00+05:30,4.416210651,4.416210651,4.416210651,4.416210651,0
1996-03-21 00:00:00+05:30,4.600218233,4.781982303,4.600218233,4.732614517,670459612
1996-03-22 00:00:00+05:30,4.643977115,4.643977115,4.454358121,4.540752888,674824785
1996-03-25 00:00:00+05:30,4.599097633,4.624903468,4.448748561,4.51382494,457166882
1996-03-26 00:00:00+05:30,4.488018294,4.577778708,4.342157584,4.484652042,532380354
1996-03-27 00:00:00+05:30,4.645099726,4.711297889,4.623781628,4.643977642,377229724
1996-03-28 00:00:00+05:30,4.656318441,4.72812701,4.640610467,4.704565048,359409115
1996-03-29 00:00:00+05:30,4.698956525,4.729250702,4.627148227,4.641734123,325958187
1996-04-01 00:00:00+05:30,4.661928646,4.701199182,4.622658709,4.685490608,247509698
1996-04-02 00:00:00+05:30,4.69558967,4.757299793,4.650709607,4.697833538,367425238
1996-04-03 00:00:00+05:30,4.803300954,4.856035593,4.72588287,4.737102509,297032084
1996-04-04 00:00:00+05:30,4.689979343,4.696711547,4.631635175,4.681003571,241840713
1996-04-05 00:00:00+05:30,4.681003571,4.681003571,4.681003571,4.681003571,0
1996-04-08 00:00:00+05:30,4.740469491,4.784227767,4.710175623,4.759543419,228109392
1996-04-09 00:00:00+05:30,4.819010138,4.873988053,4.740469361,4.765153408,320184170
1996-04-10 00:00:00+05:30,4.824619046,4.845937139,4.743834711,4.762908936,285103129
1996-04-11 00:00:00+05:30,4.718029844,4.746080145,4.68661389,4.713541508,216484333
1996-04-12 00:00:00+05:30,4.713541253,4.880720068,4.692223158,4.842572212,341108156
1996-04-15 00:00:00+05:30,4.936820632,5.065851605,4.926722774,4.967115402,476612002
1996-04-16 00:00:00+05:30,4.981701156,5.043410981,4.936820493,4.978334904,388937409
1996-04-17 00:00:00+05:30,5.116341303,5.245371365,5.068094691,5.190393448,410008440
1996-04-18 00:00:00+05:30,5.351961968,5.503432505,5.310447861,5.475382805,686239778
1996-04-19 00:00:00+05:30,5.520262538,5.621242285,5.46528343,5.510163784,657928468
1996-04-22 00:00:00+05:30,5.565143146,5.576362787,5.307082421,5.335132122,577856867
1996-04-23 00:00:00+05:30,5.28576426,5.35757284,5.217321931,5.299228668,570256675
1996-04-24 00:00:00+05:30,5.544946114,5.791787766,5.524749804,5.728955269,534899747
1996-04-25 00:00:00+05:30,5.767102682,5.890523499,5.340740842,5.437233448,620220200
1996-04-26 00:00:00+05:30,5.430502267,5.552801029,5.295861779,5.485480785,632532875
1996-04-29 00:00:00+05:30,5.430501165,5.45855146,5.335131238,5.440599918,421084526
1996-04-30 00:00:00+05:30,5.430502397,5.610023851,5.396842874,5.489969254,429361131
1996-05-01 00:00:00+05:30,5.991504149,6.056580213,5.929793738,5.970185757,495470338
1996-05-02 00:00:00+05:30,5.924184518,6.004969171,5.834424392,5.974674702,506967956
1996-05-03 00:00:00+05:30,5.923061222,5.957844021,5.811983321,5.838911533,493527926
1996-05-06 00:00:00+05:30,5.699783159,5.731199109,5.482114476,5.511286259,591063023
1996-05-07 00:00:00+05:30,5.503431319,5.620119628,5.482113528,5.578606129,548608662
1996-05-08 00:00:00+05:30,5.4753831,5.688564067,5.408062258,5.608901501,785659868
1996-05-09 00:00:00+05:30,5.503432764,5.61899902,5.441722343,5.472016811,609397594
1996-05-10 00:00:00+05:30,5.340743235,5.445089874,5.308205191,5.414795399,606288615
1996-05-13 00:00:00+05:30,5.486603929,5.56290026,5.455187969,5.529240131,398370778
1996-05-14 00:00:00+05:30,5.520262254,5.719978769,5.492211959,5.682952404,651015892
1996-05-15 00:00:00+05:30,5.59319255,5.744663069,5.47650423,5.69529438,917242481
1996-05-16 00:00:00+05:30,5.761493268,5.845644166,5.689685892,5.727833748,688543503
1996-05-17 00:00:00+05:30,5.610022324,5.677342551,5.583094113,5.614510059,565289312
1996-05-20 00:00:00+05:30,5.542702037,5.551678107,5.421525389,5.438355446,326115037
1996-05-21 00:00:00+05:30,5.405817677,5.475382074,5.37440113,5.419281483,456241191
1996-05-22 00:00:00+05:30,5.475382594,5.502310209,5.431624321,5.44845438,319336904
1996-05-23 00:00:00+05:30,5.412550061,5.43498994,5.376645776,5.40357399,294687746
1996-05-24 00:00:00+05:30,5.701544023,5.717961375,5.671054208,5.700371265,236779521
1996-05-27 00:00:00+05:30,5.652291091,5.652291091,5.523297171,5.532678604,385864842
1996-05-28 00:00:00+05:30,5.417756689,5.417756689,5.289934896,5.35326004,545547298
1996-05-29 00:00:00+05:30,5.465834518,5.73437711,5.465834518,5.658153534,514643772
1996-05-30 00:00:00+05:30,5.699197936,5.715615284,5.518605226,5.55495882,528103408
1996-05-31 00:00:00+05:30,5.634701039,5.640564826,5.53736969,5.590139389,445949352
1996-06-03 00:00:00+05:30,5.699199345,5.781286107,5.664018499,5.761351109,488962489
1996-06-04 00:00:00+05:30,5.862199775,5.897379362,5.576067034,5.679262161,719201952
1996-06-05 00:00:00+05:30,5.746103344,5.746103344,5.592482827,5.642907619,333800656
1996-06-06 00:00:00+05:30,5.721478894,5.839919253,5.699199009,5.735551357,331038987
1996-06-07 00:00:00+05:30,5.654637902,5.757833062,5.646429225,5.730862141,223961286
1996-06-10 00:00:00+05:30,5.71092473,5.734377997,5.652290622,5.679262161,181533533
1996-06-11 00:00:00+05:30,5.652290883,5.687471098,5.603038832,5.634700775,245694726
1996-06-12 00:00:00+05:30,5.722652538,5.78011327,5.678090885,5.720306396,200355457
1996-06-13 00:00:00+05:30,5.710925409,5.742587355,5.679262837,5.698025703,116946606
1996-06-14 00:00:00+05:30,5.722652458,5.769559625,5.703888965,5.75783205,122670207
1996-06-17 00:00:00+05:30,5.775421371,5.775421371,5.665190326,5.679262161,107843741
1996-06-18 00:00:00+05:30,5.652290871,5.652290871,5.467008361,5.533851147,191150360
1996-06-19 00:00:00+05:30,5.535024534,5.558478434,5.325115951,5.368505478,239238694
1996-06-20 00:00:00+05:30,5.323942949,5.400166546,5.265308836,5.376713276,284643785
1996-06-21 00:00:00+05:30,5.345050945,5.380230534,5.197293227,5.227782726,353062318
1996-06-24 00:00:00+05:30,5.185565751,5.230127705,5.103478387,5.183220863,307595608
1996-06-25 00:00:00+05:30,5.206674814,5.230128395,4.972139636,5.074162006,349199902
1996-06-26 00:00:00+05:30,5.105825542,5.105825542,4.952205882,4.976831913,296123198
1996-06-27 00:00:00+05:30,4.931096651,5.112860896,4.870117337,5.065953732,538798574
1996-06-28 00:00:00+05:30,5.112860133,5.200810975,4.961585411,5.009665012,759474427
1996-07-01 00:00:00+05:30,4.949859066,5.105824523,4.843145348,4.895915985,553501802
1996-07-02 00:00:00+05:30,4.899433223,4.946340064,4.761057591,4.792719841,568077589
1996-07-03 00:00:00+05:30,4.725877573,4.736432075,4.42098261,4.471407413,645479950
1996-07-04 00:00:00+05:30,4.391666345,4.592193779,4.320132837,4.454990864,806775714
1996-07-05 00:00:00+05:30,4.497205951,4.53824995,4.328341431,4.388147354,595286753
1996-07-08 00:00:00+05:30,4.478443344,4.854872117,4.375248222,4.42215538,347866683
1996-07-09 00:00:00+05:30,4.386974412,4.854871627,4.033999254,4.205210209,541834730
1996-07-10 00:00:00+05:30,4.057454047,4.220456377,4.036346291,4.133677959,479966058
1996-07-11 00:00:00+05:30,4.186447614,4.280261308,4.117259944,4.144231796,458245222
1996-07-12 00:00:00+05:30,4.116088395,4.126642274,3.953086669,3.989439964,688976239
1996-07-15 00:00:00+05:30,3.963640058,4.40925659,3.89562482,4.211074352,1448889005
1996-07-16 00:00:00+05:30,4.690697551,5.09292478,4.690697551,5.085888863,858611628
1996-07-17 00:00:00+05:30,4.901779484,5.37084924,4.822037933,5.176185608,1115459465
1996-07-18 00:00:00+05:30,5.252409275,5.435346265,5.252409275,5.425964832,848594275
1996-07-19 00:00:00+05:30,5.475217006,5.698025245,5.475217006,5.694507599,393554662
1996-07-22 00:00:00+05:30,5.511570732,5.809430472,5.262963677,5.610075474,405630663
1996-07-23 00:00:00+05:30,5.816464472,5.891515917,5.543230851,5.658153534,488003187
1996-07-24 00:00:00+05:30,5.512744266,5.512744266,5.092926768,5.10699892,447774126
1996-07-25 00:00:00+05:30,5.061263463,5.136313984,4.852527371,4.877153397,593621628
1996-07-26 00:00:00+05:30,4.854871982,4.958067102,4.746985834,4.879498005,534079089
1996-07-29 00:00:00+05:30,4.94516965,5.118725249,4.915852589,4.976831913,442365624
1996-07-30 00:00:00+05:30,4.904124414,4.925232793,4.72822303,4.845490932,411938248
1996-07-31 00:00:00+05:30,4.878326609,5.083545088,4.63910098,5.01435709,419615464
1996-08-01 00:00:00+05:30,5.111688454,5.159768065,4.892398777,4.922888279,573738171
1996-08-02 00:00:00+05:30,4.906471647,4.959241357,4.819693218,4.8560462,363985756
1996-08-05 00:00:00+05:30,4.84549121,4.875981023,4.762231386,4.780993938,229500029
1996-08-06 00:00:00+05:30,4.761057993,4.913505784,4.717668794,4.830245972,330688876
1996-08-07 00:00:00+05:30,4.84900946,4.960413902,4.819692403,4.938132763,305888471
1996-08-08 00:00:00+05:30,4.969794611,5.00028411,4.819692004,4.841972828,287014731
1996-08-09 00:00:00+05:30,4.850181999,4.911161003,4.807966175,4.880671501,237997904
1996-08-12 00:00:00+05:30,4.901778826,4.938131795,4.857217184,4.879498005,193398067
1996-08-13 00:00:00+05:30,4.866598839,4.947513773,4.850181489,4.907642841,196437024
1996-08-14 00:00:00+05:30,4.823211128,4.913507197,4.823211128,4.840801239,172025941
1996-08-15 00:00:00+05:30,4.840801239,4.840801239,4.840801239,4.840801239,0
1996-08-16 00:00:00+05:30,4.843146128,4.875981774,4.797412028,4.840801239,151178980
1996-08-19 00:00:00+05:30,4.819692351,4.831419299,4.599229924,4.626201153,224927590
1996-08-20 00:00:00+05:30,4.579293449,4.772784938,4.553494981,4.676625729,352114219
1996-08-21 00:00:00+05:30,4.803275089,4.911160946,4.772785587,4.911160946,308818193
1996-08-22 00:00:00+05:30,5.065953031,5.099961112,4.917023822,4.946340561,469709230
1996-08-23 00:00:00+05:30,4.948686506,5.060090945,4.925233236,5.006147861,350177410
1996-08-26 00:00:00+05:30,4.960413477,5.004974499,4.887707219,4.907642841,279394933
1996-08-27 00:00:00+05:30,4.901779246,4.9310963,4.831418817,4.867772102,301803385
1996-08-28 00:00:00+05:30,4.878326331,5.013183733,4.878326331,5.003802299,171898501
1996-08-29 00:00:00+05:30,5.017873703,5.029600649,4.946340522,4.956894398,174203626
1996-08-30 00:00:00+05:30,4.951031019,4.976830427,4.92757744,4.961585522,122273882
1996-09-02 00:00:00+05:30,4.974485189,5.00614776,4.951031607,4.988557339,118106171
1996-09-03 00:00:00+05:30,5.006146857,5.04015431,4.833763451,4.863080502,276108098
1996-09-04 00:00:00+05:30,4.837281915,4.880670488,4.810310064,4.868944168,135678901
1996-09-05 00:00:00+05:30,4.888879754,4.954549782,4.888879754,4.941650391,143526971
1996-09-06 00:00:00+05:30,4.961585144,4.968621374,4.880670223,4.900606155,111851802
1996-09-09 00:00:00+05:30,4.899433469,4.90177867,4.843144569,4.863080502,108053807
1996-09-10 00:00:00+05:30,4.858389829,4.858389829,4.790375232,4.819691658,144573101
1996-09-11 00:00:00+05:30,4.810310358,4.875980696,4.739950243,4.76809454,124726054
1996-09-12 00:00:00+05:30,4.737605,4.76574867,4.655517313,4.732913971,271684106
1996-09-13 00:00:00+05:30,4.759884949,4.769266066,4.680142791,4.691869736,181943862
1996-09-16 00:00:00+05:30,4.66841765,4.66841765,4.488997973,4.524178505,209209043
1996-09-17 00:00:00+05:30,4.527696017,4.643790859,4.521833169,4.592193604,177238381
1996-09-18 00:00:00+05:30,4.573430325,4.866599004,4.567567478,4.816174507,203848156
1996-09-19 00:00:00+05:30,4.830246517,4.867772247,4.620337042,4.642618179,245822166
1996-09-20 00:00:00+05:30,4.634409489,4.712978595,4.596883759,4.616819382,159067662
1996-09-23 00:00:00+05:30,4.598056077,4.62033627,4.506587594,4.557012081,163084127
1996-09-24 00:00:00+05:30,4.573430424,4.641445657,4.561704103,4.592193604,132116180
1996-09-25 00:00:00+05:30,4.641445005,4.714151258,4.608610308,4.625027657,148154028
1996-09-26 00:00:00+05:30,4.601574917,4.617992267,4.514797133,4.552322865,131553203
1996-09-27 00:00:00+05:30,4.548804402,4.548804402,4.389320667,4.412774563,258151647
1996-09-30 00:00:00+05:30,4.38580179,4.500724163,4.348276379,4.480788231,248744886
1996-10-01 00:00:00+05:30,4.503070912,4.523006853,4.422156897,4.469063759,186225010
1996-10-02 00:00:00+05:30,4.469063759,4.469063759,4.469063759,4.469063759,0
1996-10-03 00:00:00+05:30,4.514797712,4.571085689,4.416292968,4.449127674,152664847
1996-10-04 00:00:00+05:30,4.47375319,4.50893372,4.368212853,4.472580433,180091079
1996-10-07 00:00:00+05:30,4.483134548,4.483134548,4.233354468,4.385802269,272128046
1996-10-08 00:00:00+05:30,4.364694241,4.456162734,4.257980528,4.404564857,196707309
1996-10-09 00:00:00+05:30,4.456164551,4.503071417,4.39166757,4.462028027,175357589
1996-10-10 00:00:00+05:30,4.449126478,4.596883241,4.428018101,4.581638336,194458201
1996-10-11 00:00:00+05:30,4.602746368,4.655516681,4.528868306,4.575775146,218296503
1996-10-14 00:00:00+05:30,4.532386459,4.549976565,4.422155418,4.440917969,161673883
1996-10-15 00:00:00+05:30,4.41277429,4.491343396,4.356485696,4.42801857,162204650
1996-10-16 00:00:00+05:30,4.504242829,4.52535121,4.405738721,4.420983315,139300441
1996-10-17 00:00:00+05:30,4.398701112,4.573429076,4.358829564,4.534730911,280674936
1996-10-18 00:00:00+05:30,4.56170366,4.643790408,4.498379464,4.568739891,449426646
1996-10-21 00:00:00+05:30,4.568739891,4.568739891,4.568739891,4.568739891,0
1996-10-22 00:00:00+05:30,4.602747825,4.819692618,4.602747825,4.731742382,404608341
1996-10-23 00:00:00+05:30,4.976830905,5.035464075,4.901779444,5.007320404,321409556
1996-10-24 00:00:00+05:30,5.041327564,5.180875984,4.892398339,4.941650391,664698198
1996-10-25 00:00:00+05:30,4.924060229,5.04836374,4.914679109,5.017874241,307185279
1996-10-28 00:00:00+05:30,5.042499822,5.065953088,4.936959498,4.961585522,198911602
1996-10-29 00:00:00+05:30,4.938132855,5.065954025,4.832592198,4.884190083,255387177
1996-10-30 00:00:00+05:30,4.884190083,4.884190083,4.884190083,4.884190083,0
1996-10-31 00:00:00+05:30,4.797410055,4.797410055,4.681315246,4.737604141,174959864
1996-11-01 00:00:00+05:30,4.771612019,5.065953109,4.583984323,4.61447382,176580174
1996-11-04 00:00:00+05:30,4.573429774,4.573429774,4.381111364,4.425673008,219855194
1996-11-05 00:00:00+05:30,4.412774485,4.471407971,4.315442198,4.342413425,171643620
1996-11-06 00:00:00+05:30,4.248599858,4.344759391,4.13133257,4.290816307,375113658
1996-11-07 00:00:00+05:30,4.348276812,4.370557635,4.291988533,4.3506217,197698821
1996-11-08 00:00:00+05:30,4.374074517,4.411600239,4.233353688,4.38931942,156443236
1996-11-11 00:00:00+05:30,4.286123911,4.361175034,4.240389521,4.302541256,160514318
1996-11-12 00:00:00+05:30,4.302541256,4.302541256,4.302541256,4.302541256,0
1996-11-13 00:00:00+05:30,4.268535175,4.403392562,4.268535175,4.378766537,91577621
1996-11-14 00:00:00+05:30,4.362348645,4.38580191,4.300196898,4.321305275,79014267
1996-11-15 00:00:00+05:30,4.307233464,4.406910951,4.293161314,4.376421452,89604400
1996-11-18 00:00:00+05:30,4.39752957,4.507760615,4.39752957,4.496033669,160543727
1996-11-19 00:00:00+05:30,4.506587725,4.525350274,4.396355752,4.439744949,147561641
1996-11-20 00:00:00+05:30,4.444436665,4.444436665,4.270880474,4.288470268,116320609
1996-11-21 00:00:00+05:30,4.28143549,4.329515737,4.171204096,4.213420868,209685193
1996-11-22 00:00:00+05:30,4.167685014,4.238045441,4.143058364,4.17120266,232072639
1996-11-25 00:00:00+05:30,4.157131123,4.463199525,4.075044365,4.370558262,357273443
1996-11-26 00:00:00+05:30,4.446781063,4.565220768,4.293160522,4.442090034,398213928
1996-11-27 00:00:00+05:30,4.291989983,4.291989983,4.157131931,4.259155273,222453012
1996-11-28 00:00:00+05:30,4.268535573,4.314269982,4.209901771,4.236873627,130021121
1996-11-29 00:00:00+05:30,4.266189634,4.299024963,4.228664841,4.252118111,100735104
1996-12-02 00:00:00+05:30,4.227491647,4.29081648,4.201693174,4.241563797,73168828
1996-12-03 00:00:00+05:30,4.221627796,4.371729757,4.214591566,4.275570869,200186004
1996-12-04 00:00:00+05:30,4.245081575,4.245081575,4.153612772,4.215764523,134967477
1996-12-05 00:00:00+05:30,4.177066773,4.336550502,4.145404516,4.288470268,189137926
1996-12-06 00:00:00+05:30,4.309578626,4.337723237,4.26853525,4.295506477,111482086
1996-12-09 00:00:00+05:30,4.268535272,4.328341827,4.265017,4.288470268,81383813
1996-12-10 00:00:00+05:30,4.268536025,4.277917459,4.187621075,4.214592934,109884183
1996-12-11 00:00:00+05:30,4.232181777,4.510105511,4.232181777,4.508933067,204542775
1996-12-12 00:00:00+05:30,4.549976942,4.581638885,4.392838729,4.410428524,242914851
1996-12-13 00:00:00+05:30,4.388147486,4.432709445,4.345931668,4.411601067,126536824
1996-12-16 00:00:00+05:30,4.439745356,4.596883561,4.439745356,4.568739891,198617510
1996-12-17 00:00:00+05:30,4.561704567,4.599230303,4.460854622,4.507761478,168830135
1996-12-18 00:00:00+05:30,4.573430174,4.661381338,4.541768231,4.574603558,197738033
1996-12-19 00:00:00+05:30,4.561704688,4.632065131,4.520661304,4.576949596,133691676
1996-12-20 00:00:00+05:30,4.634410362,4.819692905,4.634410362,4.784512997,359023994
1996-12-23 00:00:00+05:30,4.80679317,4.80679317,4.681316582,4.71297884,208125102
1996-12-24 00:00:00+05:30,4.700079423,4.737605152,4.655517463,4.703597069,152832900
1996-12-25 00:00:00+05:30,4.703597069,4.703597069,4.703597069,4.703597069,0
1996-12-26 00:00:00+05:30,4.784512145,4.942822802,4.784512145,4.919369221,144718746
1996-12-27 00:00:00+05:30,4.919369221,4.919369221,4.919369221,4.919369221,0
1996-12-30 00:00:00+05:30,4.919369221,4.919369221,4.919369221,4.919369221,0
1996-12-31 00:00:00+05:30,4.942822854,4.948686328,4.810310665,4.846663952,104373449
1997-01-01 00:00:00+05:30,4.913507395,5.171495592,4.913507395,5.145697117,282841417
1997-01-02 00:00:00+05:30,5.158595477,5.159768235,5.009666234,5.023738384,208595650
1997-01-03 00:00:00+05:30,4.98503848,5.095269506,4.98503848,5.082369804,196512647
1997-01-06 00:00:00+05:30,5.112860259,5.136313525,5.030773201,5.049535751,131549002
1997-01-07 00:00:00+05:30,5.044846178,5.123415285,5.014356365,5.084716797,192860298
1997-01-08 00:00:00+05:30,5.20550196,5.275862704,5.124587652,5.167976856,270772419
1997-01-09 00:00:00+05:30,5.130450742,5.204328813,5.097615417,5.156249523,201638261
1997-01-10 00:00:00+05:30,5.241854897,5.262962963,5.189084574,5.220746517,203125529
1997-01-13 00:00:00+05:30,5.159766971,5.230128021,5.124587073,5.212537289,167282648
1997-01-14 00:00:00+05:30,5.25358276,5.523297895,5.197294155,5.420102119,215142711
1997-01-15 00:00:00+05:30,5.511570533,5.800048828,5.477563072,5.800048828,367418236
1997-01-16 00:00:00+05:30,6.206965927,6.206965927,5.570204375,5.655809402,426196135
1997-01-17 00:00:00+05:30,5.464663258,5.793012796,5.464663258,5.714443684,364585144
1997-01-20 00:00:00+05:30,5.722651623,5.734377943,5.471699098,5.510396957,215271551
1997-01-21 00:00:00+05:30,5.476390298,5.558477048,5.349740648,5.402511597,227253722
1997-01-22 00:00:00+05:30,5.558476265,5.781284469,5.558476265,5.771903038,292349010
1997-01-23 00:00:00+05:30,5.771903038,5.771903038,5.771903038,5.771903038,0
1997-01-24 00:00:00+05:30,5.910279591,6.124879165,5.910279591,6.07679987,520318358
1997-01-27 00:00:00+05:30,6.215174574,6.449709747,6.179994361,6.292571545,516657606
1997-01-28 00:00:00+05:30,6.420393816,6.476682418,6.277327423,6.455574036,335030243
1997-01-29 00:00:00+05:30,6.754605563,6.754605563,6.292571746,6.432119846,503528474
1997-01-30 00:00:00+05:30,6.308989746,6.531798003,6.297262798,6.425084591,592714143
1997-01-31 00:00:00+05:30,6.298435275,6.402803804,6.191721858,6.280845165,512306436
1997-02-03 00:00:00+05:30,6.086181701,6.209312468,5.863373436,5.934906006,386045499
1997-02-04 00:00:00+05:30,5.924351471,6.283189524,5.900898204,6.187030315,487395396
1997-02-05 00:00:00+05:30,6.367620218,6.423909423,6.128394699,6.169439316,367611497
1997-02-06 00:00:00+05:30,6.169440507,6.339477779,6.087352511,6.269117355,445404581
1997-02-07 00:00:00+05:30,6.297262659,6.46026404,6.238629173,6.418047905,454092915
1997-02-10 00:00:00+05:30,6.420392496,6.437981976,6.283189293,6.394593716,322994855
1997-02-11 00:00:00+05:30,6.354722923,6.495443141,6.332441788,6.447363853,253800477
1997-02-12 00:00:00+05:30,6.449710242,6.525933835,6.369968378,6.422738075,251775440
1997-02-13 00:00:00+05:30,6.385212528,6.448537038,6.346514669,6.399284363,202465921
1997-02-14 00:00:00+05:30,6.379348224,6.449708638,6.373484438,6.426254749,144386842
1997-02-17 00:00:00+05:30,6.508344318,6.566977807,6.414529982,6.453228474,233793781
1997-02-18 00:00:00+05:30,6.461437068,6.461437068,6.244491363,6.291398525,250776926
1997-02-19 00:00:00+05:30,6.334787096,6.416875096,6.249182076,6.399284363,290382791
1997-02-20 00:00:00+05:30,6.379347986,6.414527566,6.300778901,6.335958481,209330882
1997-02-21 00:00:00+05:30,6.285535214,6.317197783,6.224556217,6.245664597,200382065
1997-02-24 00:00:00+05:30,6.198757755,6.203448785,5.981813274,6.011130333,239367535
1997-02-25 00:00:00+05:30,5.980640754,6.305472049,5.934906341,6.133088589,513271340
1997-02-26 00:00:00+05:30,6.095560828,6.226900862,6.060380619,6.188202381,257479435
1997-02-27 00:00:00+05:30,6.217521798,6.350034013,6.212830767,6.325407982,279361322
1997-02-28 00:00:00+05:30,6.83082931,7.012594189,6.707698545,6.889463425,165116166
1997-03-03 00:00:00+05:30,7.202566884,7.352669174,7.118133994,7.158005238,335152081
1997-03-04 00:00:00+05:30,7.188493088,7.269407691,7.093506652,7.221327782,292860171
1997-03-05 00:00:00+05:30,7.45821247,7.50394689,6.993833601,7.12869072,627047348
1997-03-06 00:00:00+05:30,7.014938279,7.106407087,6.953959282,7.052464008,417566619
1997-03-07 00:00:00+05:30,7.052464008,7.052464008,7.052464008,7.052464008,0
1997-03-10 00:00:00+05:30,6.90470791,6.90470791,6.674863736,6.712389469,383942037
1997-03-11 00:00:00+05:30,6.660790066,6.731151115,6.285534684,6.354722977,567678463
1997-03-12 00:00:00+05:30,6.588084116,6.657271775,6.440327367,6.537658691,436392744
1997-03-13 00:00:00+05:30,6.600985628,6.610367061,6.412184833,6.452055454,278082720
1997-03-14 00:00:00+05:30,6.379350909,6.684245959,6.35120598,6.582222939,679037311
1997-03-17 00:00:00+05:30,6.612712267,6.707698735,6.534143152,6.673691273,474945478
1997-03-18 00:00:00+05:30,6.672516641,6.869526692,6.651408891,6.761640549,463348428
1997-03-19 00:00:00+05:30,6.894153633,6.924642817,6.590430155,6.622092724,355162979
1997-03-20 00:00:00+05:30,6.578704048,6.753432368,6.502480457,6.666654587,430199995
1997-03-21 00:00:00+05:30,6.754605763,6.822620053,6.713561761,6.767504215,297467621
1997-03-24 00:00:00+05:30,6.767504215,6.767504215,6.767504215,6.767504215,0
1997-03-25 00:00:00+05:30,6.819102408,6.848419463,6.708871358,6.767504215,318629681
1997-03-26 00:00:00+05:30,6.842555588,6.939888185,6.814411291,6.841383457,417441980
1997-03-27 00:00:00+05:30,6.813238486,6.864836678,6.766331951,6.839037895,223496340
1997-03-28 00:00:00+05:30,6.839037895,6.839037895,6.839037895,6.839037895,0
1997-03-31 00:00:00+05:30,6.360585409,6.360585409,6.155367929,6.163576603,3646747
1997-04-01 00:00:00+05:30,5.683954379,6.237456485,5.628838532,6.123707771,479214021
1997-04-02 00:00:00+05:30,6.330097626,6.37583141,6.15067826,6.226902485,369832596
1997-04-03 00:00:00+05:30,6.237455842,6.326579144,6.172959194,6.28319025,291468133
1997-04-04 00:00:00+05:30,6.18937533,6.279671371,6.145986445,6.25621748,195533739
1997-04-07 00:00:00+05:30,6.232765557,6.237455961,6.15185093,6.192894936,177526872
1997-04-08 00:00:00+05:30,6.192894936,6.192894936,6.192894936,6.192894936,0
1997-04-09 00:00:00+05:30,6.37700401,6.453227599,6.335960009,6.432119846,352918072
1997-04-10 00:00:00+05:30,6.344168115,6.373485167,6.009956108,6.240972996,344044880
1997-04-11 00:00:00+05:30,6.027547706,6.354724504,6.016994142,6.280845165,283048683
1997-04-14 00:00:00+05:30,6.280845165,6.280845165,6.280845165,6.280845165,0
1997-04-15 00:00:00+05:30,6.279672747,6.318370612,6.182340141,6.228074551,189804536
1997-04-16 00:00:00+05:30,6.228074551,6.228074551,6.228074551,6.228074551,0
1997-04-17 00:00:00+05:30,6.308988459,6.586911875,6.280843539,6.559940338,360463647
1997-04-18 00:00:00+05:30,6.559940338,6.559940338,6.559940338,6.559940338,0
1997-04-21 00:00:00+05:30,6.602158636,7.019630236,6.592777202,7.017285347,407274780
1997-04-22 00:00:00+05:30,7.176767132,7.458209459,6.966858613,7.102889061,726681706
1997-04-23 00:00:00+05:30,7.270584037,7.294037938,7.165043362,7.190842152,382890306
1997-04-24 00:00:00+05:30,7.220156553,7.241264931,7.108752757,7.143932343,280897606
1997-04-25 00:00:00+05:30,7.105234945,7.179113646,7.089989726,7.163868427,242518527
1997-04-28 00:00:00+05:30,7.153314208,7.214293205,7.118133994,7.158005238,173475397
1997-04-29 00:00:00+05:30,7.131035186,7.169733684,7.108755296,7.156834602,156500655
1997-04-30 00:00:00+05:30,7.32921539,7.381985712,7.24712864,7.26354599,339969597
1997-05-01 00:00:00+05:30,7.26354599,7.26354599,7.26354599,7.26354599,0
1997-05-02 00:00:00+05:30,7.200221204,7.222502342,7.147451506,7.161523342,163351611
1997-05-05 00:00:00+05:30,7.064191771,7.094680957,6.996176228,7.016111851,257829546
1997-05-06 00:00:00+05:30,7.036046021,7.129860336,7.013765513,7.101716042,198544687
1997-05-07 00:00:00+05:30,7.129860878,7.129860878,7.040737586,7.054810047,138215100
1997-05-08 00:00:00+05:30,7.057156116,7.092336336,7.021975896,7.079437256,99379477
1997-05-09 00:00:00+05:30,7.094680047,7.104061478,7.04777289,7.064190865,85274238
1997-05-12 00:00:00+05:30,7.059502199,7.077091684,6.850765752,6.869529247,273476670
1997-05-13 00:00:00+05:30,6.860145401,6.907052562,6.839037649,6.863663673,166270129
1997-05-14 00:00:00+05:30,6.867182357,6.963342206,6.758124054,6.943406582,357819615
1997-05-15 00:00:00+05:30,6.901190711,6.953960415,6.87773744,6.898845196,195812427
1997-05-16 00:00:00+05:30,7.157885471,7.206661714,7.148130874,7.188370705,116368224
1997-05-19 00:00:00+05:30,7.267632929,7.343235299,7.21032092,7.246902943,161148717
1997-05-20 00:00:00+05:30,7.249341179,7.287142034,7.223733896,7.245682716,64619137
1997-05-21 00:00:00+05:30,7.243244258,7.243244258,7.11032923,7.133498192,153425287
1997-05-22 00:00:00+05:30,7.14813348,7.157888081,7.01155995,7.068871975,246214290
1997-05-23 00:00:00+05:30,7.048140618,7.181054995,6.989609122,7.078625202,333323105
1997-05-26 00:00:00+05:30,7.054236628,7.101793386,7.01155782,7.027410507,142541061
1997-05-27 00:00:00+05:30,7.055456894,7.131059913,6.882302032,6.942052364,338209243
1997-05-28 00:00:00+05:30,6.974976763,7.020094552,6.873767097,6.890838623,145064655
1997-05-29 00:00:00+05:30,6.874985833,7.22373522,6.850598033,7.176178455,507298460
1997-05-30 00:00:00+05:30,7.220077508,7.374941392,7.176179203,7.342017174,479755992
1997-06-02 00:00:00+05:30,7.401767551,7.461517891,7.329822985,7.42737484,327784362
1997-06-03 00:00:00+05:30,7.438348969,7.582238089,7.340797123,7.398108482,361266100
1997-06-04 00:00:00+05:30,7.462737917,7.495662786,7.37859977,7.407865524,174758201
1997-06-05 00:00:00+05:30,7.47249324,7.688327588,7.445665812,7.578580856,594454891
1997-06-06 00:00:00+05:30,7.609065081,7.639549664,7.499319015,7.515171051,271443230
1997-06-09 00:00:00+05:30,7.462736328,7.605406603,7.426154958,7.533462048,324115207
1997-06-10 00:00:00+05:30,7.609065549,7.682229597,7.555412,7.648086548,306291798
1997-06-11 00:00:00+05:30,7.743198126,7.816362813,7.707835595,7.738320827,283600456
1997-06-12 00:00:00+05:30,7.740761588,7.924891223,7.731006988,7.901722908,410819296
1997-06-13 00:00:00+05:30,7.950496506,8.011466974,7.816363301,7.874894142,309634650
1997-06-16 00:00:00+05:30,7.826120195,7.852946975,7.639551577,7.690766811,269447602
1997-06-17 00:00:00+05:30,7.779780897,7.877332737,7.759050912,7.800510883,271997805
1997-06-18 00:00:00+05:30,7.950498636,8.034638087,7.861482537,7.895625591,239045434
1997-06-19 00:00:00+05:30,7.828559128,8.389483816,7.793196586,8.338269234,579468774
1997-06-20 00:00:00+05:30,8.439477761,8.91382591,8.426064699,8.772375107,712670296
1997-06-23 00:00:00+05:30,8.86505024,9.065031256,8.858953453,8.902851105,374255188
1997-06-24 00:00:00+05:30,8.90163038,9.072346258,8.857732086,8.995524406,306394030
1997-06-25 00:00:00+05:30,9.243065094,9.362566434,8.926020405,8.988209724,703592639
1997-06-26 00:00:00+05:30,8.980891583,9.5113309,8.587025104,9.260134697,1176069141
1997-06-27 00:00:00+05:30,9.189409996,9.230869973,8.986990017,9.015035629,399355288
1997-06-30 00:00:00+05:30,8.90163062,9.021131933,8.817491841,8.983329773,403447375
1997-07-01 00:00:00+05:30,9.072348425,9.116246729,8.828468448,8.918704033,442137352
1997-07-02 00:00:00+05:30,9.034547189,9.191849387,8.974795545,9.027230263,352633783
1997-07-03 00:00:00+05:30,8.980893206,9.060154702,8.879682884,8.907729149,225940109
1997-07-04 00:00:00+05:30,8.932117748,8.956506203,8.699212493,8.754085541,309913338
1997-07-07 00:00:00+05:30,8.73091412,8.907727441,8.715062085,8.788226128,275138993
1997-07-08 00:00:00+05:30,8.768716509,8.822370059,8.633363146,8.682139397,308917624
1997-07-09 00:00:00+05:30,8.877243699,8.945530455,8.852855898,8.912606239,215082492
1997-07-10 00:00:00+05:30,8.974794134,9.072346626,8.889436517,8.951625824,345238055
1997-07-11 00:00:00+05:30,8.838222636,8.852855838,8.713844003,8.749206543,242305660
1997-07-14 00:00:00+05:30,8.684577618,8.730914892,8.389482445,8.44069767,317003769
1997-07-15 00:00:00+05:30,8.505324928,8.569953207,8.42606345,8.478497505,270226247
1997-07-16 00:00:00+05:30,8.608977818,8.679702261,8.513864264,8.555323601,295184902
1997-07-17 00:00:00+05:30,8.56019827,8.596780946,8.476060135,8.535810471,195743805
1997-07-18 00:00:00+05:30,8.535810471,8.535810471,8.535810471,8.535810471,0
1997-07-21 00:00:00+05:30,8.413870643,8.435820119,8.346804029,8.417529106,112578631
1997-07-22 00:00:00+05:30,8.462644943,8.472400191,8.358995675,8.39679718,163882378
1997-07-23 00:00:00+05:30,8.487033452,8.816271642,8.480937317,8.783348083,406262261
1997-07-24 00:00:00+05:30,8.852854463,8.899191733,8.608974535,8.65775013,328082656
1997-07-25 00:00:00+05:30,8.608976162,8.643119215,8.43947843,8.556541443,302769689
1997-07-28 00:00:00+05:30,8.584585566,8.633362465,8.511422173,8.576049805,154803320
1997-07-29 00:00:00+05:30,8.560197958,8.657750453,8.537030298,8.643117905,241113885
1997-07-30 00:00:00+05:30,8.702868681,8.749205956,8.597999906,8.618730545,136464549
1997-07-31 00:00:00+05:30,8.639460375,8.801641173,8.601659512,8.779691696,245046322
1997-08-01 00:00:00+05:30,8.802859157,8.894313558,8.767495972,8.871145248,302729077
1997-08-04 00:00:00+05:30,8.901632409,8.93699495,8.8235904,8.849198341,208057881
1997-08-05 00:00:00+05:30,8.877243421,9.09673558,8.834564607,9.047959328,265491357
1997-08-06 00:00:00+05:30,9.121124111,9.145513216,9.026011877,9.102833748,42514580
1997-08-07 00:00:00+05:30,8.832124509,9.218675365,8.832124509,9.088198662,486993470
1997-08-08 00:00:00+05:30,9.026010006,9.126000171,9.02357038,9.088198662,191725941
1997-08-11 00:00:00+05:30,9.072348244,9.251600574,9.029669428,9.223553658,281715463
1997-08-12 00:00:00+05:30,9.25159924,9.401585795,9.145511633,9.232088089,352814440
1997-08-13 00:00:00+05:30,9.118685397,9.184533177,9.072348118,9.133317947,170164755
1997-08-14 00:00:00+05:30,9.108929435,9.166241448,9.073566898,9.09185791,148990091
1997-08-15 00:00:00+05:30,9.09185791,9.09185791,9.09185791,9.09185791,0
1997-08-18 00:00:00+05:30,9.071128789,9.071128789,8.880902371,8.907729149,129472148
1997-08-19 00:00:00+05:30,8.924798026,8.968696317,8.779689443,8.830904007,173535616
1997-08-20 00:00:00+05:30,8.840659707,8.936992706,8.788225652,8.921140671,158563504
1997-08-21 00:00:00+05:30,8.949187113,8.974794398,8.738231389,8.758960724,133286949
1997-08-22 00:00:00+05:30,8.743108039,8.779690059,8.474839674,8.493130684,271782137
1997-08-25 00:00:00+05:30,8.430944008,8.430944008,8.194380924,8.29071331,288371758
1997-08-26 00:00:00+05:30,8.316318228,8.448013124,8.276077741,8.329731941,277091208
1997-08-27 00:00:00+05:30,8.582147426,8.777252418,8.450452534,8.47118187,178109455
1997-08-28 00:00:00+05:30,8.422404599,8.46264508,8.244372456,8.271199226,216221050
1997-08-29 00:00:00+05:30,8.245593572,8.265104072,7.996835666,8.055366516,294670941
1997-09-01 00:00:00+05:30,8.066341441,8.289492065,8.048050428,8.244374275,276420397
1997-09-02 00:00:00+05:30,8.291930977,8.357778103,8.109020193,8.26022625,305511752
1997-09-03 00:00:00+05:30,8.401677287,8.449234053,8.255348526,8.298027992,269645064
1997-09-04 00:00:00+05:30,8.269979605,8.426062925,8.21876504,8.39679718,267762872
1997-09-05 00:00:00+05:30,8.426063014,8.471180793,8.343143729,8.423624039,236878952
1997-09-08 00:00:00+05:30,8.340705759,8.426064029,8.291930163,8.407773018,132862615
1997-09-09 00:00:00+05:30,8.433381533,8.472401882,8.369972733,8.416309357,155177238
1997-09-10 00:00:00+05:30,8.344366987,8.389484131,8.293151099,8.345585823,139542717
1997-09-11 00:00:00+05:30,8.377290207,8.568736124,8.360218028,8.474842072,299061322
1997-09-12 00:00:00+05:30,8.423624039,8.457767734,8.384603697,8.423624039,140132303
1997-09-15 00:00:00+05:30,8.405332565,8.456547779,8.378506448,8.405332565,84919926
1997-09-16 00:00:00+05:30,8.417529324,8.638240976,8.417529324,8.569954872,236806129
1997-09-17 00:00:00+05:30,8.588246346,8.633364138,8.572393655,8.588246346,19456323
1997-09-18 00:00:00+05:30,8.487036459,8.511424916,8.401678814,8.463868141,160477906
1997-09-19 00:00:00+05:30,8.485817622,8.572394755,8.450455076,8.463868141,146973456
1997-09-22 00:00:00+05:30,8.445575391,8.445575391,8.196817481,8.223644257,170684319
1997-09-23 00:00:00+05:30,8.196818379,8.279737692,8.1699916,8.21754837,136332907
1997-09-24 00:00:00+05:30,8.365096262,8.43582135,8.280957459,8.29681015,109529872
1997-09-25 00:00:00+05:30,8.267542443,8.499228825,8.243154643,8.469963074,282614546
1997-09-26 00:00:00+05:30,8.511422047,8.652872835,8.511422047,8.578489304,254887219
1997-09-29 00:00:00+05:30,8.682141978,8.830908447,8.658973008,8.73823452,241050865
1997-09-30 00:00:00+05:30,8.727256687,8.851635966,8.700429912,8.81505394,198828976
1997-10-01 00:00:00+05:30,8.804077881,8.865048349,8.655310824,8.801639557,241237123
1997-10-02 00:00:00+05:30,8.801639557,8.801639557,8.801639557,8.801639557,0
1997-10-03 00:00:00+05:30,8.801639557,8.801639557,8.801639557,8.801639557,0
1997-10-06 00:00:00+05:30,8.801639557,8.801639557,8.801639557,8.801639557,0
1997-10-07 00:00:00+05:30,8.801639557,8.801639557,8.801639557,8.801639557,0
1997-10-08 00:00:00+05:30,8.801639557,8.801639557,8.801639557,8.801639557,0
1997-10-09 00:00:00+05:30,8.883341441,9.411342535,8.858953639,9.349152565,571827969
1997-10-10 00:00:00+05:30,9.430852659,10.28443423,9.430852659,10.27955627,842876276
1997-10-13 00:00:00+05:30,10.48441472,10.75024415,10.37466864,10.49173164,821158240
1997-10-14 00:00:00+05:30,10.43807932,10.56367811,9.535722091,9.743020058,829693927
1997-10-15 00:00:00+05:30,9.796672926,9.943001036,9.639369427,9.808866501,407386815
1997-10-16 00:00:00+05:30,9.875933973,10.0795741,9.745457899,9.861301422,453279259
1997-10-17 00:00:00+05:30,9.90154397,10.08811263,9.847890401,9.907641411,419364785
1997-10-20 00:00:00+05:30,9.878372552,10.02957796,9.755212758,10.00640965,262550431
1997-10-21 00:00:00+05:30,10.02348019,10.23809503,9.8771521,9.963729858,492254926
1997-10-22 00:00:00+05:30,10.09664364,10.21370598,10.01738216,10.05640316,327551889
1997-10-23 00:00:00+05:30,10.07225404,10.1332245,9.783256365,9.888124466,392390896
1997-10-24 00:00:00+05:30,9.877154009,9.877154009,9.518649983,9.656441689,450881704
1997-10-27 00:00:00+05:30,18.57880437,19.18118835,18.37150577,18.4568634,174379381
1997-10-28 00:00:00+05:30,18.39345522,18.39345522,16.61312809,16.63995552,207521512
1997-10-29 00:00:00+05:30,17.0155325,18.29590497,17.0155325,18.24956703,238464951
1997-10-30 00:00:00+05:30,18.14712991,18.14712991,17.44231699,17.68131828,85330255
1997-10-31 00:00:00+05:30,17.68131828,17.68131828,17.68131828,17.68131828,0
1997-11-03 00:00:00+05:30,17.70815076,18.13494152,17.22039082,17.69595718,138400658
1997-11-04 00:00:00+05:30,17.65693973,17.99837162,17.10820921,17.27404785,144830081
1997-11-05 00:00:00+05:30,8.97479507,9.133317398,8.860171693,8.908947945,95911986
1997-11-06 00:00:00+05:30,8.877244068,8.877244068,8.645557666,8.804080009,100382893
1997-11-07 00:00:00+05:30,8.684577503,8.774813075,8.638240228,8.708965302,51043964
1997-11-10 00:00:00+05:30,8.662629048,8.662629048,8.496791083,8.51386261,61176854
1997-11-11 00:00:00+05:30,8.491911516,8.650433826,8.465084743,8.557759285,61484950
1997-11-12 00:00:00+05:30,8.533369892,8.604095604,8.221203256,8.255346298,152259420
1997-11-13 00:00:00+05:30,8.204133377,8.218766578,7.889528354,7.999273777,154029577
1997-11-14 00:00:00+05:30,7.999273777,7.999273777,7.999273777,7.999273777,0
1997-11-17 00:00:00+05:30,8.065118962,8.206569053,7.970005475,8.1553545,118330241
1997-11-18 00:00:00+05:30,8.121216361,8.145604165,7.928550948,7.970010281,95344107
1997-11-19 00:00:00+05:30,7.940743766,7.940743766,7.638331633,7.672475338,161332175
1997-11-20 00:00:00+05:30,7.61150272,7.743198247,7.379817037,7.577359676,132565722
1997-11-21 00:00:00+05:30,7.516390382,7.701738811,7.462736187,7.579799175,100555147
1997-11-24 00:00:00+05:30,7.511514465,7.645649012,7.20178669,7.233491421,134209139
1997-11-25 00:00:00+05:30,7.194470327,7.82368112,7.174959172,7.682230949,221540624
1997-11-26 00:00:00+05:30,7.75539507,8.145603832,7.75539507,7.984642506,193414172
1997-11-27 00:00:00+05:30,7.950497357,8.169990153,7.760271614,8.143162727,180871125
1997-11-28 00:00:00+05:30,8.101702031,8.101702031,7.64320732,7.738320827,186496695
1997-12-01 00:00:00+05:30,7.66271972,7.899283407,7.57248414,7.83831358,104103164
1997-12-02 00:00:00+05:30,7.8188039,7.901723214,7.66028155,7.709057808,108302385
1997-12-03 00:00:00+05:30,7.750514399,7.865138403,7.667595115,7.738320827,105664655
1997-12-04 00:00:00+05:30,7.694425039,8.36509651,7.487126419,7.845631123,367892986
1997-12-05 00:00:00+05:30,7.809049325,8.313882175,7.809049325,7.965132713,260028938
1997-12-08 00:00:00+05:30,8.004152448,8.240716795,7.999274497,8.172430038,137464463
1997-12-09 00:00:00+05:30,8.194379544,8.269981924,7.418839372,7.606627464,246915210
1997-12-10 00:00:00+05:30,7.5163928,7.652965679,7.392014149,7.521270752,112307646
1997-12-11 00:00:00+05:30,7.513951804,7.679791046,7.299336966,7.613942623,153768395
1997-12-12 00:00:00+05:30,7.652964576,7.652964576,7.306654803,7.338358879,189119721
1997-12-15 00:00:00+05:30,7.323725225,7.579799379,7.201784935,7.543216705,177750242
1997-12-16 00:00:00+05:30,7.560288916,7.689545481,7.428593376,7.621258736,140796812
1997-12-17 00:00:00+05:30,7.706620473,7.799295057,7.567609247,7.665161133,74140734
1997-12-18 00:00:00+05:30,7.691984312,7.945620138,7.613942319,7.667595863,135859558
1997-12-19 00:00:00+05:30,7.626138202,7.867579857,7.584678873,7.840753078,127392493
1997-12-22 00:00:00+05:30,7.899282473,8.016345466,7.857823151,7.938303471,90738757
1997-12-23 00:00:00+05:30,7.970007641,8.065121154,7.945619845,8.026100159,84393360
1997-12-24 00:00:00+05:30,7.962693519,7.962693519,7.791976944,7.930988789,72745895
1997-12-25 00:00:00+05:30,7.930988789,7.930988789,7.930988789,7.930988789,0
1997-12-26 00:00:00+05:30,7.950498596,8.157797199,7.926110793,8.12121582,96386735
1997-12-29 00:00:00+05:30,8.121214225,8.304123687,8.121214225,8.26510334,81759832
1997-12-30 00:00:00+05:30,8.316318409,8.316318409,8.011467986,8.074876785,71475695
1997-12-31 00:00:00+05:30,8.048050123,8.26510395,8.048050123,8.179745674,61601187
1998-01-01 00:00:00+05:30,8.138284624,8.352899431,8.094385682,8.255346298,85954852
1998-01-02 00:00:00+05:30,8.291929797,8.348022316,8.230959327,8.257786751,45964566
1998-01-05 00:00:00+05:30,8.299247212,8.511423094,8.299247212,8.411432266,91759679
1998-01-06 00:00:00+05:30,8.355340551,8.413871408,8.233400235,8.343146324,68660809
1998-01-07 00:00:00+05:30,8.428504421,8.450453899,8.252910551,8.426065445,100660880
1998-01-08 00:00:00+05:30,8.399236495,8.423624291,8.157794906,8.209010124,112816006
1998-01-09 00:00:00+05:30,8.152918803,8.152918803,7.952937154,7.999273777,104302726
1998-01-12 00:00:00+05:30,7.955374219,7.955374219,7.565165582,7.628574371,117221792
1998-01-13 00:00:00+05:30,7.621258518,7.84806757,7.621258518,7.701738834,85152399
1998-01-14 00:00:00+05:30,7.926109797,7.926109797,7.487124843,7.55297327,100106306
1998-01-15 00:00:00+05:30,7.501756792,7.662718067,7.462735798,7.628574371,69335821
1998-01-16 00:00:00+05:30,7.672473814,7.70661686,7.587115546,7.667595863,48451749
1998-01-19 00:00:00+05:30,7.633453697,7.896844803,7.562728621,7.855384827,85051568
1998-01-20 00:00:00+05:30,7.891966701,8.006590076,7.660280326,7.726128101,75693822
1998-01-21 00:00:00+05:30,7.75539553,7.804171791,7.711496569,7.745640278,42754756
1998-01-22 00:00:00+05:30,7.7261288,7.7261288,7.574922736,7.606627464,48247284
1998-01-23 00:00:00+05:30,7.584678182,7.633453782,7.501758228,7.531023979,49873896
1998-01-26 00:00:00+05:30,7.531023979,7.531023979,7.531023979,7.531023979,0
1998-01-27 00:00:00+05:30,7.555409914,7.555409914,7.326161932,7.389570713,70613724
1998-01-28 00:00:00+05:30,7.321287458,7.413962015,7.153009868,7.2286129,87204745
1998-01-29 00:00:00+05:30,7.194469309,7.33592011,7.172519833,7.301776409,46620672
1998-01-30 00:00:00+05:30,7.331043661,7.53834228,7.30421688,7.521270752,83270907
1998-02-02 00:00:00+05:30,7.560290196,7.667597306,7.516391893,7.645648479,67724614
1998-02-03 00:00:00+05:30,7.670036016,7.806608873,7.591994662,7.762710571,86415597
1998-02-04 00:00:00+05:30,7.77978179,7.796853315,7.479809311,7.526145935,76480870
1998-02-05 00:00:00+05:30,7.511512875,7.677351467,7.511512875,7.616381645,58627351
1998-02-06 00:00:00+05:30,7.628574371,7.682228564,7.57492083,7.628574371,44069769
1998-02-09 00:00:00+05:30,7.650526298,7.765150342,7.611505291,7.709057808,54085722
1998-02-10 00:00:00+05:30,7.684667527,7.718810574,7.628575007,7.67491293,42983728
1998-02-11 00:00:00+05:30,7.628575648,7.65784205,7.362746873,7.438349247,58101486
1998-02-12 00:00:00+05:30,7.413960014,7.450542032,7.235927221,7.279826164,91721867
1998-02-13 00:00:00+05:30,7.313971795,7.401768409,7.272512464,7.357870102,44642550
1998-02-16 00:00:00+05:30,7.357870102,7.357870102,7.357870102,7.357870102,0
1998-02-17 00:00:00+05:30,7.40664552,7.509075335,7.331043136,7.379819393,69964619
1998-02-18 00:00:00+05:30,7.370062448,7.401766519,7.287142503,7.321286201,33233859
1998-02-19 00:00:00+05:30,7.350553557,7.579801658,7.318849476,7.452983379,87117918
1998-02-20 00:00:00+05:30,7.482248083,7.531023682,7.318847809,7.333480358,68251180
1998-02-23 00:00:00+05:30,7.370062388,7.474930502,7.343234965,7.448104382,49233895
1998-02-24 00:00:00+05:30,7.479808453,7.499318951,7.399327484,7.448104382,66949470
1998-02-25 00:00:00+05:30,7.53590451,7.706620473,7.477372987,7.665161133,83678435
1998-02-26 00:00:00+05:30,7.674914314,7.735884144,7.599310629,7.672475338,65605047
1998-02-27 00:00:00+05:30,7.689546633,7.865140496,7.682230358,7.813925266,95131240
1998-03-02 00:00:00+05:30,7.843191772,8.206573759,7.843191772,8.150481224,123609903
1998-03-03 00:00:00+05:30,8.121215763,8.194379822,7.735884314,7.8261199,99408886
1998-03-04 00:00:00+05:30,7.906600035,8.19437894,7.901722084,8.106581688,86848333
1998-03-05 00:00:00+05:30,8.072439667,8.384606412,7.999274955,8.1334095,118509498
1998-03-06 00:00:00+05:30,8.101705356,8.165114169,7.999275533,8.084633827,82727536
1998-03-09 00:00:00+05:30,8.130968502,8.884559049,8.130968502,8.818711281,264698007
1998-03-10 00:00:00+05:30,8.828465738,8.945528065,8.535808943,8.606534004,178525386
1998-03-11 00:00:00+05:30,8.689457599,8.769937942,8.274861005,8.389484406,198546087
1998-03-12 00:00:00+05:30,8.389482679,8.411432155,8.240716252,8.306563377,152676751
1998-03-13 00:00:00+05:30,8.306563377,8.306563377,8.306563377,8.306563377,0
1998-03-16 00:00:00+05:30,8.335829675,8.811396693,8.335829675,8.601659775,168154422
1998-03-17 00:00:00+05:30,8.57239357,8.60897625,8.423626478,8.52605629,117781969
1998-03-18 00:00:00+05:30,8.706528767,8.799202683,8.662629808,8.718722343,91482392
1998-03-19 00:00:00+05:30,8.747987579,8.787008585,8.552883856,8.594343185,89757749
1998-03-20 00:00:00+05:30,8.55288076,8.694330876,8.474838778,8.650432587,106067282
1998-03-23 00:00:00+05:30,8.706526582,8.828466875,8.706526582,8.789445877,24629551
1998-03-24 00:00:00+05:30,8.97479732,9.018696283,8.657753236,8.716284752,123780056
1998-03-25 00:00:00+05:30,8.852854435,9.004060471,8.730914146,8.967477798,125146887
1998-03-26 00:00:00+05:30,8.967477093,8.986988241,8.718719235,8.75286293,96842579
1998-03-27 00:00:00+05:30,8.735791265,8.816271581,8.694331946,8.799200058,85253931
1998-03-30 00:00:00+05:30,8.845538306,8.911385425,8.611412973,8.647994995,80663987
1998-03-31 00:00:00+05:30,8.601658896,8.679699593,8.487034221,8.535810471,112466596
1998-04-01 00:00:00+05:30,8.657751878,8.950408111,8.633364076,8.918704033,120689984
1998-04-02 00:00:00+05:30,8.950405812,9.072346095,8.845537703,8.869925499,82061627
1998-04-03 00:00:00+05:30,8.8528549,9.047958592,8.8528549,9.021132469,99024465
1998-04-06 00:00:00+05:30,9.060156249,9.106493536,8.974797299,9.016257286,78792998
1998-04-07 00:00:00+05:30,8.999182464,9.145511201,8.930896372,9.040641785,120966571
1998-04-08 00:00:00+05:30,9.040641785,9.040641785,9.040641785,9.040641785,0
1998-04-09 00:00:00+05:30,9.213796773,9.884467344,9.213796773,9.728384018,152860209
1998-04-10 00:00:00+05:30,9.706437305,9.750335607,9.474750915,9.508893967,99406085
1998-04-13 00:00:00+05:30,9.369882517,9.374759817,9.191849673,9.228431702,123310209
1998-04-14 00:00:00+05:30,9.228431702,9.228431702,9.228431702,9.228431702,0
1998-04-15 00:00:00+05:30,9.535722028,9.750336921,9.462557964,9.694244385,90094555
1998-04-16 00:00:00+05:30,9.691804103,9.706437305,9.469872964,9.508893967,61606789
1998-04-17 00:00:00+05:30,9.50645471,9.728385843,9.443045908,9.701559067,94924675
1998-04-20 00:00:00+05:30,9.740581522,9.862521193,9.584497492,9.647906303,101989899
1998-04-21 00:00:00+05:30,9.682048465,9.791793884,9.633271566,9.718629837,77515096
1998-04-22 00:00:00+05:30,9.852764396,10.08445076,9.608883806,9.66009903,162416817
1998-04-23 00:00:00+05:30,9.604006714,9.647904362,9.252819021,9.311349869,130202478
1998-04-24 00:00:00+05:30,9.328421141,9.404024163,9.123562202,9.345493317,142516553
1998-04-27 00:00:00+05:30,9.357687686,9.438168014,9.145512454,9.17721653,172497889
1998-04-28 00:00:00+05:30,9.169899763,9.191848587,8.979672715,9.023571014,149273680
1998-04-29 00:00:00+05:30,9.506454225,9.657659621,9.250380055,9.289401054,118086565
1998-04-30 00:00:00+05:30,9.245502984,9.406464297,9.199165706,9.362565994,100386394
1998-05-01 00:00:00+05:30,9.362565994,9.362565994,9.362565994,9.362565994,0
1998-05-04 00:00:00+05:30,9.389391806,9.535719902,9.369881307,9.499137878,76239994
1998-05-05 00:00:00+05:30,9.486944176,9.528403502,9.447923175,9.501577377,38495315
1998-05-06 00:00:00+05:30,9.812172785,9.817206933,9.580587831,9.610794067,68254681
1998-05-07 00:00:00+05:30,9.610794067,9.610794067,9.610794067,9.610794067,0
1998-05-08 00:00:00+05:30,9.573037233,9.625898824,9.520174297,9.565485001,52942962
1998-05-11 00:00:00+05:30,9.542830003,9.628415919,9.522692733,9.603243828,25085395
1998-05-12 00:00:00+05:30,9.585622795,9.585622795,9.180347915,9.331381798,98744377
1998-05-13 00:00:00+05:30,9.313762745,9.313762745,8.674386052,8.800247192,127637571
1998-05-14 00:00:00+05:30,8.684455039,9.062040508,8.563628711,8.996592522,173089576
1998-05-15 00:00:00+05:30,9.084692244,9.208036607,8.880796131,8.921072006,116201571
1998-05-18 00:00:00+05:30,8.984005317,9.135039895,8.984005317,9.019247055,57525204
1998-05-19 00:00:00+05:30,9.016727708,9.137555353,8.986521469,9.107348442,62047227
1998-05-20 00:00:00+05:30,9.122451962,9.253348583,9.067072958,9.22314167,84168590
1998-05-21 00:00:00+05:30,9.263415125,9.336415318,9.046933301,9.112381935,119844818
1998-05-22 00:00:00+05:30,9.13755468,9.187899529,9.062037744,9.155175209,62333618
1998-05-25 00:00:00+05:30,9.036868537,9.281039281,9.016729919,9.190419197,80383198
1998-05-26 00:00:00+05:30,9.162726768,9.192933677,9.102313623,9.155175209,48970612
1998-05-27 00:00:00+05:30,9.112382452,9.112382452,8.692004487,8.739831924,126653761
1998-05-28 00:00:00+05:30,8.689485943,8.765002868,8.342108221,8.372314453,165941026
1998-05-29 00:00:00+05:30,8.349661443,8.608935913,7.979628301,8.400006294,217219564
1998-06-01 00:00:00+05:30,8.508242635,8.961344724,8.23638192,8.319450378,244277480
1998-06-02 00:00:00+05:30,8.357213294,8.357213294,7.743008107,7.831111431,307202785
1998-06-03 00:00:00+05:30,8.055145332,8.402523127,7.982145129,8.347144127,146787197
1998-06-04 00:00:00+05:30,8.407558205,8.432730295,8.186041523,8.226317406,83354233
1998-06-05 00:00:00+05:30,8.163386152,8.201145296,7.873904088,7.954455853,112378368
1998-06-08 00:00:00+05:30,8.029970612,8.080315451,7.576869075,7.833626747,112073072
1998-06-09 00:00:00+05:30,7.878938514,7.967041162,7.717835664,7.793352604,101251866
1998-06-10 00:00:00+05:30,7.828592045,7.853764127,7.501351621,7.53407526,95872073
1998-06-11 00:00:00+05:30,7.456044618,7.680078052,7.350320757,7.637284756,98932036
1998-06-12 00:00:00+05:30,7.675042083,7.790834899,7.53659459,7.639801025,73049090
1998-06-15 00:00:00+05:30,7.617146037,7.617146037,7.299974512,7.335215569,60800835
1998-06-16 00:00:00+05:30,7.299975872,7.332700197,6.962666346,7.299975872,106880238
1998-06-17 00:00:00+05:30,7.463596038,7.889008926,7.463596038,7.732940197,81553967
1998-06-18 00:00:00+05:30,7.828594648,7.979628534,7.451009263,7.496319294,81733923
1998-06-19 00:00:00+05:30,7.408216474,7.408216474,7.098596478,7.15145874,70692848
1998-06-22 00:00:00+05:30,7.053286271,7.161526859,6.569977055,7.005458832,71736877
1998-06-23 00:00:00+05:30,6.972734139,7.113699039,6.796528181,7.010493279,89682825
1998-06-24 00:00:00+05:30,7.148940101,7.284871525,7.075941249,7.254663944,56495880
1998-06-25 00:00:00+05:30,7.274800894,7.511419942,7.274800894,7.415765762,69064836
1998-06-26 00:00:00+05:30,7.400664301,7.451009153,7.159010357,7.232009888,63260709
1998-06-29 00:00:00+05:30,7.224457539,7.385560374,7.148939933,7.362905025,39429409
1998-06-30 00:00:00+05:30,7.395629359,7.395629359,7.199284794,7.226974964,79295756
1998-07-01 00:00:00+05:30,7.098597068,7.244596813,7.035666503,7.161527634,56259906
1998-07-02 00:00:00+05:30,7.143904641,7.322627976,7.060836162,7.169077396,67963389
1998-07-03 00:00:00+05:30,7.171595481,7.196768241,6.975251584,7.028113842,48541377
1998-07-06 00:00:00+05:30,7.096078364,7.24711223,7.055802486,7.226974964,42251997
1998-07-07 00:00:00+05:30,7.242079413,7.335216892,7.189217147,7.221941471,67696605
1998-07-08 00:00:00+05:30,7.350319283,7.435904512,7.305008585,7.345284462,48881684
1998-07-09 00:00:00+05:30,7.375493293,7.476182339,7.310045312,7.347803116,63350338
1998-07-10 00:00:00+05:30,7.395630527,7.571837181,7.390596377,7.541630268,87972187
1998-07-13 00:00:00+05:30,7.556731164,7.773212965,7.362904036,7.435903549,83065042
1998-07-14 00:00:00+05:30,7.400662498,7.488766471,7.337731953,7.435903549,50045450
1998-07-15 00:00:00+05:30,7.602044028,7.67252683,7.4082175,7.445975304,60575364
1998-07-16 00:00:00+05:30,7.491284855,7.624698205,7.438422594,7.597008705,48055424
1998-07-17 00:00:00+05:30,7.602041839,7.649869272,7.4560428,7.518973351,57168792
1998-07-20 00:00:00+05:30,7.622180107,7.622180107,7.312560144,7.345284462,44508107
1998-07-21 00:00:00+05:30,7.36038696,7.418282682,7.073421724,7.101111889,79669674
1998-07-22 00:00:00+05:30,7.174112154,7.242077523,7.053285204,7.091042995,67297480
1998-07-23 00:00:00+05:30,7.113699277,7.121251508,6.804079967,6.831769466,76766560
1998-07-24 00:00:00+05:30,6.819183782,6.922390219,6.708425114,6.743666172,70514993
1998-07-27 00:00:00+05:30,6.796529493,6.84687435,6.549840701,6.582564354,55063930
1998-07-28 00:00:00+05:30,6.590116339,6.796529237,6.572495807,6.763804913,73167427
1998-07-29 00:00:00+05:30,6.796529416,7.040700793,6.710942823,6.972735405,78314047
1998-07-30 00:00:00+05:30,6.992872196,7.073422601,6.821699728,6.87456131,47829253
1998-07-31 00:00:00+05:30,6.894698989,6.972732646,6.821698808,6.844354153,32756309
1998-08-03 00:00:00+05:30,6.799043953,6.799043953,6.637941809,6.668148041,31122695
1998-08-04 00:00:00+05:30,6.655562512,6.771355311,6.655562512,6.708424091,44467495
1998-08-05 00:00:00+05:30,6.645492396,6.71849258,6.549838213,6.663113594,60496940
1998-08-06 00:00:00+05:30,6.721011429,6.733597137,6.534735825,6.559907913,69610308
1998-08-07 00:00:00+05:30,6.595147995,6.607735046,6.527183299,6.554873466,63951127
1998-08-10 00:00:00+05:30,6.532221263,6.532221263,6.366083542,6.376152515,57364854
1998-08-11 00:00:00+05:30,6.371114781,6.371114781,6.222598336,6.25532198,86423299
1998-08-12 00:00:00+05:30,6.142048836,6.232668903,6.046393947,6.142048836,69926107
1998-08-13 00:00:00+05:30,6.142048451,6.267909573,6.084152039,6.192393303,57538508
1998-08-14 00:00:00+05:30,6.19239316,6.222599399,6.043876018,6.064013958,75680518
1998-08-17 00:00:00+05:30,6.137012077,6.192391737,6.011150315,6.036323071,57642841
1998-08-18 00:00:00+05:30,6.028773729,6.03129114,5.744326425,5.761947632,105618441
1998-08-19 00:00:00+05:30,5.784601197,5.890325055,5.313878326,5.512739658,210072415
1998-08-20 00:00:00+05:30,5.578187372,5.955772392,5.512739069,5.953255653,156903281
1998-08-21 00:00:00+05:30,5.955771493,6.177288121,5.792151264,5.839978695,207838712
1998-08-24 00:00:00+05:30,5.827393594,5.960806932,5.547980538,5.759427547,85819709
1998-08-25 00:00:00+05:30,5.7896357,5.91549682,5.754394641,5.809772968,111176090
1998-08-26 00:00:00+05:30,5.809772968,5.809772968,5.809772968,5.809772968,0
1998-08-27 00:00:00+05:30,5.885289926,5.933116689,5.691462775,5.72418642,102959004
1998-08-28 00:00:00+05:30,5.691463206,5.691463206,5.401981163,5.427153587,123102243
1998-08-31 00:00:00+05:30,5.437222633,5.507705763,5.326464628,5.391912937,66178528
1998-09-01 00:00:00+05:30,5.381843922,5.381843922,5.135155152,5.185499668,101085214
1998-09-02 00:00:00+05:30,5.336533446,5.351636902,5.235844079,5.283671856,63243904
1998-09-03 00:00:00+05:30,5.261015874,5.507704946,5.245912421,5.349119186,121776726
1998-09-04 00:00:00+05:30,5.384361206,5.777049057,5.384361206,5.774532318,205755556
1998-09-07 00:00:00+05:30,5.885290562,5.983462182,5.80222139,5.900393009,155376101
1998-09-08 00:00:00+05:30,5.925567549,5.925567549,5.759429827,5.875222683,99037769
1998-09-09 00:00:00+05:30,5.985980244,6.12694517,5.890325352,5.940669537,165801682
1998-09-10 00:00:00+05:30,5.918013407,6.111840553,5.855082856,6.026254654,190962701
1998-09-11 00:00:00+05:30,5.991014361,5.991014361,5.857600996,5.923048973,118251817
1998-09-14 00:00:00+05:30,5.955771079,6.217563561,5.955771079,6.184839249,175759516
1998-09-15 00:00:00+05:30,6.16470456,6.167221972,6.04639497,6.074083805,124121764
1998-09-16 00:00:00+05:30,6.167220338,6.177289308,6.006117488,6.031289577,85479402
1998-09-17 00:00:00+05:30,6.026257463,6.162187597,5.996050542,6.053946972,128005886
1998-09-18 00:00:00+05:30,6.041358658,6.076600391,5.965841717,6.038841248,77779779
1998-09-21 00:00:00+05:30,6.086667232,6.28049436,6.086667232,6.169736385,138668842
1998-09-22 00:00:00+05:30,6.184843114,6.215049363,6.043878153,6.094223022,126544527
1998-09-23 00:00:00+05:30,6.167220447,6.252806358,6.139530274,6.189875126,84826797
1998-09-24 00:00:00+05:30,6.237703571,6.356013823,6.237703571,6.328324318,109968210
1998-09-25 00:00:00+05:30,6.308186164,6.454185243,6.308186164,6.373634815,124609117
1998-09-28 00:00:00+05:30,6.411392022,6.436564113,6.293082458,6.308185577,79287353
1998-09-29 00:00:00+05:30,6.315737276,6.386219392,6.018703675,6.079116821,120818124
1998-09-30 00:00:00+05:30,6.066529716,6.101771443,5.978427082,6.003599167,111993247
1998-10-01 00:00:00+05:30,6.003599167,6.003599167,6.003599167,6.003599167,0
1998-10-02 00:00:00+05:30,6.003599167,6.003599167,6.003599167,6.003599167,0
1998-10-05 00:00:00+05:30,5.968360306,5.968360306,5.525327206,5.525327206,82924998
1998-10-06 00:00:00+05:30,5.437220999,5.578186209,5.339049069,5.505187035,107058094
1998-10-07 00:00:00+05:30,5.58825772,5.789636479,5.58825772,5.766981125,100016677
1998-10-08 00:00:00+05:30,5.814807258,5.852565725,5.437221917,5.467429161,165968334
1998-10-09 00:00:00+05:30,5.487567472,5.734256243,5.449809336,5.565601826,169606679
1998-10-12 00:00:00+05:30,5.613429433,5.693980186,5.346602055,5.396946907,104322333
1998-10-13 00:00:00+05:30,5.354154714,5.354154714,5.175431642,5.208155632,135456932
1998-10-14 00:00:00+05:30,5.316395855,5.563084957,5.271085152,5.520291328,123857781
1998-10-15 00:00:00+05:30,5.442257387,5.482533269,5.326464562,5.35667181,83863294
1998-10-16 00:00:00+05:30,5.391913563,5.485051047,5.318913685,5.394430637,79749499
1998-10-19 00:00:00+05:30,5.422119321,5.422119321,5.298775604,5.311361313,29780372
1998-10-20 00:00:00+05:30,5.316394441,5.316394441,5.014326082,5.099912643,109856174
1998-10-21 00:00:00+05:30,5.099912643,5.099912643,5.099912643,5.099912643,0
1998-10-22 00:00:00+05:30,5.165359999,5.399462997,5.165359999,5.336532116,105235420
1998-10-23 00:00:00+05:30,5.364222301,5.42715353,5.276119656,5.371774197,147341072
1998-10-26 00:00:00+05:30,5.432188052,5.802220821,5.432188052,5.802220821,97624725
1998-10-27 00:00:00+05:30,5.890324912,5.930600794,5.724187234,5.804738998,114369095
1998-10-28 00:00:00+05:30,5.945704076,5.945704076,5.701532038,5.736774445,92564932
1998-10-29 00:00:00+05:30,5.678878713,5.719153257,5.600843676,5.691464424,84179793
1998-10-30 00:00:00+05:30,5.663772922,5.751875556,5.537910816,5.573152542,102306398
1998-11-02 00:00:00+05:30,5.542945852,5.618462446,5.442256499,5.563084126,102622198
1998-11-03 00:00:00+05:30,5.563084521,5.563084521,5.452325856,5.469946384,99157507
1998-11-04 00:00:00+05:30,5.469946384,5.469946384,5.469946384,5.469946384,0
1998-11-05 00:00:00+05:30,5.537912525,5.615947223,5.505189208,5.60084343,98155492
1998-11-06 00:00:00+05:30,5.610911468,6.03632427,5.610911468,5.96332407,245471356
1998-11-09 00:00:00+05:30,6.041357213,6.308183854,6.041357213,6.169736385,200914933
1998-11-10 00:00:00+05:30,6.162184612,6.215046193,6.076599387,6.157149792,125555115
1998-11-11 00:00:00+05:30,6.242736628,6.255322335,6.003599452,6.051426888,113206729
1998-11-12 00:00:00+05:30,5.991013703,6.418943253,5.877738966,6.288047314,277402106
1998-11-13 00:00:00+05:30,6.305667836,6.361046835,6.121909635,6.182323456,260143774
1998-11-16 00:00:00+05:30,6.099253632,6.099253632,5.915495471,5.950736523,133786206
1998-11-17 00:00:00+05:30,5.938152809,6.099255678,5.915497455,6.058980465,149670005
1998-11-18 00:00:00+05:30,6.066529674,6.154632981,6.066529674,6.121908665,91709263
1998-11-19 00:00:00+05:30,6.099253965,6.265391609,6.001082363,6.016184807,265329606
1998-11-20 00:00:00+05:30,5.993530337,6.116875373,5.960806693,6.026254654,150923399
1998-11-23 00:00:00+05:30,5.991014138,6.001083782,5.885290953,5.907945633,94873559
1998-11-24 00:00:00+05:30,5.94066693,5.983460207,5.882770538,5.882770538,99721885
1998-11-25 00:00:00+05:30,5.882770538,5.882770538,5.882770538,5.882770538,0
1998-11-26 00:00:00+05:30,5.839978323,5.950736293,5.696496712,5.711599827,125298834
1998-11-27 00:00:00+05:30,5.70656591,5.749359197,5.588256363,5.636083126,123057429
1998-11-30 00:00:00+05:30,5.547980513,5.651186943,5.515256531,5.651186943,79217331
1998-12-01 00:00:00+05:30,5.623498574,5.683911728,5.598326482,5.646153927,96679427
1998-12-02 00:00:00+05:30,5.699015985,5.807257266,5.646154386,5.691464424,141104909
1998-12-03 00:00:00+05:30,5.699014786,5.701531525,5.628531997,5.638601303,70440769
1998-12-04 00:00:00+05:30,5.636082991,5.726703711,5.618462463,5.714118004,73264758
1998-12-07 00:00:00+05:30,5.711600081,5.850047551,5.693978883,5.832427025,94619379
1998-12-08 00:00:00+05:30,5.814806713,5.860116735,5.766979282,5.845013618,75845770
1998-12-09 00:00:00+05:30,5.930599259,6.051426202,5.890323387,5.950736523,162705307
1998-12-10 00:00:00+05:30,5.996048484,6.061496454,5.965841574,6.013669014,111169087
1998-12-11 00:00:00+05:30,6.046393377,6.056461675,5.985979556,6.033806324,79072386
1998-12-14 00:00:00+05:30,6.026255559,6.066530768,5.928083266,5.948221207,67080412
1998-12-15 00:00:00+05:30,5.915496221,5.963323657,5.802220821,5.802220821,138273918
1998-12-16 00:00:00+05:30,5.809773642,5.87018747,5.772015839,5.867670059,60307180
1998-12-17 00:00:00+05:30,5.663773728,5.797187075,5.620980774,5.638601303,85716077
1998-12-18 00:00:00+05:30,5.636084424,5.714119457,5.623498714,5.67132616,64542113
1998-12-21 00:00:00+05:30,5.751875171,5.880254343,5.739289466,5.870185375,83915810
1998-12-22 00:00:00+05:30,5.880254419,5.970875131,5.764461624,5.950736523,127633369
1998-12-23 00:00:00+05:30,6.041357156,6.041357156,5.870185375,5.870185375,91144885
1998-12-24 00:00:00+05:30,5.845015931,5.895360793,5.822360576,5.857601643,62204777
1998-12-25 00:00:00+05:30,5.857601643,5.857601643,5.857601643,5.857601643,0
1998-12-28 00:00:00+05:30,5.940668913,6.111841407,5.915496823,6.066530704,120220136
1998-12-29 00:00:00+05:30,6.064013753,6.086668431,5.968358875,6.006117344,80851646
1998-12-30 00:00:00+05:30,6.106804919,6.270425136,6.096735951,6.184839249,121616376
1998-12-31 00:00:00+05:30,6.182324515,6.182324515,6.021221638,6.021221638,73801127
1999-01-01 00:00:00+05:30,6.041358112,6.164702483,6.021220173,6.152116776,92105588
1999-01-04 00:00:00+05:30,6.192392971,6.305667706,6.159668651,6.21756506,126563432
1999-01-05 00:00:00+05:30,6.230151102,6.242737483,6.157150898,6.192393303,86519930
1999-01-06 00:00:00+05:30,6.305666889,6.325804826,6.227633223,6.24273634,99531425
1999-01-07 00:00:00+05:30,6.265392641,6.632908371,6.257841081,6.54480505,237430025
1999-01-08 00:00:00+05:30,6.695837097,7.068387508,6.615285366,7.068387508,249879243
1999-01-11 00:00:00+05:30,7.350320068,7.634767301,7.305009365,7.305009365,233185289
1999-01-12 00:00:00+05:30,7.186698221,7.292422049,7.005457468,7.128801823,138880309
1999-01-13 00:00:00+05:30,7.224456652,7.289903936,6.909801906,6.977767944,175433913
1999-01-14 00:00:00+05:30,6.766322105,6.997907086,6.733597782,6.85442543,119214620
1999-01-15 00:00:00+05:30,6.947562221,6.957631191,6.721011411,6.799045086,108959192
1999-01-18 00:00:00+05:30,6.892184617,6.892184617,6.494461874,6.82170248,201381280
1999-01-19 00:00:00+05:30,6.721011989,6.721011989,6.519633249,6.54732275,139560923
1999-01-20 00:00:00+05:30,6.54732275,6.54732275,6.54732275,6.54732275,0
1999-01-21 00:00:00+05:30,6.569975945,6.708424091,6.381184302,6.708424091,120108101
1999-01-22 00:00:00+05:30,6.746183313,6.985320498,6.726045375,6.801562309,124151173
1999-01-25 00:00:00+05:30,6.695838572,6.786458617,6.549838863,6.705906868,114612071
1999-01-26 00:00:00+05:30,6.705906868,6.705906868,6.705906868,6.705906868,0
1999-01-27 00:00:00+05:30,6.834285688,6.972733844,6.771355808,6.859458447,96001614
1999-01-28 00:00:00+05:30,6.821700867,6.897217809,6.670666984,6.673184395,66867545
1999-01-29 00:00:00+05:30,6.77135699,6.77135699,6.620322427,6.678218842,50308033
1999-02-01 00:00:00+05:30,6.620321259,6.683252483,6.469287395,6.469287395,46323079
1999-02-02 00:00:00+05:30,6.444117136,6.484393023,6.272944613,6.313220501,78162799
1999-02-03 00:00:00+05:30,6.418943848,6.507047176,6.358530693,6.507047176,66360585
1999-02-04 00:00:00+05:30,6.517116395,6.544805899,6.293082957,6.323289871,65990168
1999-02-05 00:00:00+05:30,6.323287833,6.358528886,6.157149521,6.167219162,57560915
1999-02-08 00:00:00+05:30,6.142046943,6.192391783,5.958288109,5.96584034,48882384
1999-02-09 00:00:00+05:30,5.945701937,6.056459904,5.870185019,6.056459904,75249182
1999-02-10 00:00:00+05:30,6.066530836,6.207496422,5.996048715,6.192393303,73022482
1999-02-11 00:00:00+05:30,6.217564637,6.26790881,6.134496145,6.147081852,62590598
1999-02-12 00:00:00+05:30,6.16721979,6.237701903,6.137012883,6.147081852,45684478
1999-02-15 00:00:00+05:30,6.147081848,6.167219787,5.993530572,5.99856472,41364118
1999-02-16 00:00:00+05:30,5.963324197,6.069048047,5.945703668,6.031289577,66955772
1999-02-17 00:00:00+05:30,6.0816349,6.262875704,6.036324867,6.134497166,94623580
1999-02-18 00:00:00+05:30,6.192393429,6.625357151,6.147082725,6.625357151,155099514
1999-02-19 00:00:00+05:30,6.766323107,7.156494268,6.751219313,7.11873579,228103090
1999-02-22 00:00:00+05:30,7.194251587,7.194251587,6.595149517,6.595149517,180761890
1999-02-23 00:00:00+05:30,6.572495017,6.945044884,6.544804845,6.937493324,161297864
1999-02-24 00:00:00+05:30,6.997907045,7.179148517,6.887149713,7.093562603,236486828
1999-02-25 00:00:00+05:30,7.053288338,7.237045918,6.960150842,7.033149719,196071509
1999-02-26 00:00:00+05:30,7.070906681,7.143906208,6.960148685,7.043217182,120762807
1999-03-01 00:00:00+05:30,7.299975872,7.37549282,7.133838856,7.299975872,176989803
1999-03-02 00:00:00+05:30,7.299975872,7.299975872,7.299975872,7.299975872,0
1999-03-03 00:00:00+05:30,7.546662583,7.816006647,7.425835634,7.576869488,232731546
1999-03-04 00:00:00+05:30,7.778249564,7.803421653,7.529042719,7.632249832,131536398
1999-03-05 00:00:00+05:30,7.73293714,7.926764941,7.627213312,7.687627792,175151024
1999-03-08 00:00:00+05:30,7.803422352,7.899077241,7.554216157,7.69266367,132261126
1999-03-09 00:00:00+05:30,7.685113017,7.727905645,7.501355449,7.551699638,133489312
1999-03-10 00:00:00+05:30,7.639801838,7.639801838,7.161527406,7.249631405,111106068
1999-03-11 00:00:00+05:30,7.254663976,7.299974675,7.028113842,7.028113842,69427550
1999-03-12 00:00:00+05:30,7.030631352,7.083492944,6.859459524,6.927424908,95054916
1999-03-15 00:00:00+05:30,6.97776896,7.184181825,6.897217204,7.010493279,81838256
1999-03-16 00:00:00+05:30,6.967700219,7.035666276,6.721012115,6.721012115,88734027
1999-03-17 00:00:00+05:30,6.821700134,6.990354529,6.625356241,6.645493507,80436415
1999-03-18 00:00:00+05:30,6.645493056,6.708424278,6.580045769,6.705906868,59986479
1999-03-19 00:00:00+05:30,6.721011064,6.997906036,6.637942572,6.670666218,108058709
1999-03-22 00:00:00+05:30,6.600182529,6.645492548,6.378665909,6.464252472,52939461
1999-03-23 00:00:00+05:30,6.464253287,6.494459522,6.368598417,6.441597939,81858563
1999-03-24 00:00:00+05:30,6.522150917,6.836805084,6.197427107,6.426496029,114405506
1999-03-25 00:00:00+05:30,6.393770643,6.459218608,6.247770924,6.270426273,47087719
1999-03-26 00:00:00+05:30,6.220083392,6.303151911,6.07911845,6.139531612,58422187
1999-03-29 00:00:00+05:30,6.139531612,6.139531612,6.139531612,6.139531612,0
1999-03-30 00:00:00+05:30,6.033806661,6.220082283,5.910462947,6.220082283,103332921
1999-03-31 00:00:00+05:30,6.49445816,6.668147337,6.449148818,6.564940929,65478279
1999-04-01 00:00:00+05:30,6.590116065,6.751218251,6.519633271,6.610253334,66402262
1999-04-02 00:00:00+05:30,6.610253334,6.610253334,6.610253334,6.610253334,0
1999-04-05 00:00:00+05:30,6.343425215,6.421459552,6.081633381,6.084150791,64547616
1999-04-06 00:00:00+05:30,5.991013445,6.489425765,5.928082889,6.345943451,82499964
1999-04-07 00:00:00+05:30,6.305668081,6.429012466,6.220082168,6.315737724,56447173
1999-04-08 00:00:00+05:30,6.328320818,6.436561366,6.220079598,6.257838726,59092634
1999-04-09 00:00:00+05:30,6.247769639,6.277976541,6.016184065,6.071563721,46079668
1999-04-12 00:00:00+05:30,6.041356819,6.137011672,5.943185229,6.071563721,34040093
1999-04-13 00:00:00+05:30,6.006117555,6.164702996,6.006117555,6.066530704,53060123
1999-04-14 00:00:00+05:30,6.066530704,6.066530704,6.066530704,6.066530704,0
1999-04-15 00:00:00+05:30,5.842497372,5.973393315,5.842497372,5.905427933,38340552
1999-04-16 00:00:00+05:30,5.940668835,6.378667355,5.940668835,6.378667355,37784143
1999-04-19 00:00:00+05:30,6.189874859,6.635424927,6.119392742,6.502012253,107966896
1999-04-20 00:00:00+05:30,6.554874006,6.695838901,6.456701725,6.680735111,85774769
1999-04-21 00:00:00+05:30,6.678216979,6.728561819,6.512079343,6.562424183,55643110
1999-04-22 00:00:00+05:30,6.554874598,6.680735714,6.2427372,6.343426228,110777552
1999-04-23 00:00:00+05:30,6.406356448,6.444114911,6.21756413,6.368597984,81511561
1999-04-26 00:00:00+05:30,6.1420477,6.192392546,5.99856472,5.99856472,92581990
1999-04-27 00:00:00+05:30,5.99856472,5.99856472,5.99856472,5.99856472,0
1999-04-28 00:00:00+05:30,6.021219702,6.255322046,6.021219702,6.24273634,55481527
1999-04-29 00:00:00+05:30,6.255322815,6.743666172,6.255322815,6.743666172,151664428
1999-04-30 00:00:00+05:30,6.816666143,6.945045349,6.713460372,6.829253197,117325887
1999-05-03 00:00:00+05:30,6.869530714,6.940012852,6.758772012,6.768840313,69425240
1999-05-04 00:00:00+05:30,6.794010082,7.312559605,6.783941113,7.312559605,104142236
1999-05-05 00:00:00+05:30,7.199285519,7.644835606,7.199285519,7.410733223,160732044
1999-05-06 00:00:00+05:30,7.440940331,7.594491628,7.299975416,7.571836948,129847312
1999-05-07 00:00:00+05:30,8.082400066,8.26130806,7.94821995,8.003470421,133303166
1999-05-10 00:00:00+05:30,8.150807028,8.200795854,8.00084055,8.116603851,89925115
1999-05-11 00:00:00+05:30,8.156068369,8.766457558,8.116603545,8.766457558,200446331
1999-05-12 00:00:00+05:30,8.892748512,8.916427695,8.069248577,8.366550446,239199608
1999-05-13 00:00:00+05:30,8.629646969,8.963783118,8.53756284,8.919055939,200207976
1999-05-14 00:00:00+05:30,8.958521307,9.63468647,8.82697164,9.63468647,304092056
1999-05-17 00:00:00+05:30,9.476826961,9.682043947,8.908533661,9.416314125,274513038
1999-05-18 00:00:00+05:30,9.576805256,10.04249115,9.421577094,9.705723763,248775430
1999-05-19 00:00:00+05:30,9.576806292,9.916204187,9.471566956,9.65573597,223301315
1999-05-20 00:00:00+05:30,9.634687933,9.782023274,9.240038872,9.240038872,189930100
1999-05-21 00:00:00+05:30,9.418946102,9.450518111,8.682268706,8.792770386,168277829
1999-05-24 00:00:00+05:30,8.64280386,8.997987378,8.508622998,8.790139198,148619296
1999-05-25 00:00:00+05:30,8.840128489,9.169001639,8.740150113,8.945367813,186176190
1999-05-26 00:00:00+05:30,8.997984152,9.116379318,8.448107128,8.627015114,208450172
1999-05-27 00:00:00+05:30,8.537562713,8.787506851,8.113973618,8.113973618,138774268
1999-05-28 00:00:00+05:30,8.234997492,8.253414315,7.687751635,8.156067848,187063271
1999-05-31 00:00:00+05:30,8.456003278,8.808555603,8.427062447,8.808555603,141729030
1999-06-01 00:00:00+05:30,8.845388091,9.232144251,8.708577483,8.737518311,189259247
1999-06-02 00:00:00+05:30,8.866437385,9.176894382,8.687530058,9.163739204,185597626
1999-06-03 00:00:00+05:30,9.311075144,9.516292137,9.224251948,9.366326332,196463436
1999-06-04 00:00:00+05:30,9.629422824,9.758341298,9.503135526,9.682042122,173599910
1999-06-07 00:00:00+05:30,9.629422775,9.671518775,9.374217004,9.513659477,127590586
1999-06-08 00:00:00+05:30,9.471564799,10.2608614,9.326859954,10.2608614,157396699
1999-06-09 00:00:00+05:30,9.99776307,10.10300238,9.795176562,9.889892578,174542687
1999-06-10 00:00:00+05:30,9.934619469,10.12931316,9.871476158,9.950405121,221248927
1999-06-11 00:00:00+05:30,9.95566816,9.968822637,9.558388629,9.611008644,148956326
1999-06-14 00:00:00+05:30,9.466304139,10.32137608,8.961154086,9.324231148,127806576
1999-06-15 00:00:00+05:30,9.263716702,9.524184862,9.008510191,9.113749504,161321448
1999-06-16 00:00:00+05:30,9.308443902,9.708354587,9.111119736,9.587328911,168935448
1999-06-17 00:00:00+05:30,9.692567642,9.892523675,9.603114682,9.708353996,173672817
1999-06-18 00:00:00+05:30,9.732033678,9.787284163,9.603115177,9.637317657,121421742
1999-06-21 00:00:00+05:30,9.708353883,10.02407323,9.684675407,9.903047562,152864186
1999-06-22 00:00:00+05:30,9.979345029,10.07932268,9.71098407,9.810961723,141189650
1999-06-23 00:00:00+05:30,9.897785615,9.913571266,9.49261259,9.563650131,157938837
1999-06-24 00:00:00+05:30,9.476825341,9.674149467,9.029557789,9.505766869,164589040
1999-06-25 00:00:00+05:30,9.571540859,9.703091216,9.313704603,9.350538254,135100505
1999-06-28 00:00:00+05:30,9.408423278,9.537341091,9.332124077,9.361064911,107781645
1999-06-29 00:00:00+05:30,9.366325612,9.40578974,9.166370284,9.211096764,138767069
1999-06-30 00:00:00+05:30,9.287395145,9.390003274,9.082177483,9.33738327,145817168
1999-07-01 00:00:00+05:30,9.324230475,9.340016128,9.126906305,9.176895142,109978237
1999-07-02 00:00:00+05:30,9.232144435,9.595220722,9.229513259,9.492611885,203595419
1999-07-05 00:00:00+05:30,9.561019751,9.910941618,9.561019751,9.837273598,126089467
1999-07-06 00:00:00+05:30,9.768867736,9.942512726,9.758343733,9.850428581,106616002
1999-07-07 00:00:00+05:30,9.892525732,9.934621045,9.697832011,9.747820854,109173053
1999-07-08 00:00:00+05:30,9.7346614,9.834639042,9.487349173,9.534706116,170700480
1999-07-09 00:00:00+05:30,9.476823807,9.597849439,9.240034893,9.476823807,181030733
1999-07-12 00:00:00+05:30,9.621532167,9.892524351,9.621532167,9.853058815,137290038
1999-07-13 00:00:00+05:30,9.892523797,10.5134371,9.868844617,10.0635376,275183051
1999-07-14 00:00:00+05:30,10.15299196,10.2871721,10.00039428,10.21350479,179650402
1999-07-15 00:00:00+05:30,10.28717268,10.43977036,9.587328978,9.768867493,184973954
1999-07-16 00:00:00+05:30,9.847797588,10.01355046,9.682044718,9.750451088,135255086
1999-07-19 00:00:00+05:30,9.832008809,9.939879277,9.689935166,9.753078461,104692777
1999-07-20 00:00:00+05:30,9.632055971,9.703093518,9.313706813,9.376850128,129188601
1999-07-21 00:00:00+05:30,9.366326398,9.679413891,9.234776015,9.547864914,115196503
1999-07-22 00:00:00+05:30,9.568911104,9.692567241,9.450516617,9.500505447,82375703
1999-07-23 00:00:00+05:30,9.48472056,9.545233401,9.313706742,9.347909927,89314215
1999-07-26 00:00:00+05:30,9.337384444,9.34001562,9.037452142,9.095333099,64150914
1999-07-27 00:00:00+05:30,9.040081344,9.182155,8.953258866,8.987462044,100172687
1999-07-28 00:00:00+05:30,9.074285445,9.347908785,9.055868618,9.211096764,115161394
1999-07-29 00:00:00+05:30,9.308441893,9.537338017,9.13216577,9.461039543,141625103
1999-07-30 00:00:00+05:30,9.363693899,9.51892275,9.234775404,9.424206734,107800803
1999-08-02 00:00:00+05:30,9.371585774,9.371585774,9.208464125,9.276869774,78074026
1999-08-03 00:00:00+05:30,9.208466307,9.276871971,9.053237446,9.132167816,107603327
1999-08-04 00:00:00+05:30,9.27687122,9.487351252,9.105857424,9.437361717,94065897
1999-08-05 00:00:00+05:30,9.4715632,9.747816963,9.387371202,9.429467201,119487145
1999-08-06 00:00:00+05:30,9.416313534,9.41894471,9.271609393,9.303180695,59233574
1999-08-09 00:00:00+05:30,9.303180185,9.392634543,9.218989584,9.290025711,65957538
1999-08-10 00:00:00+05:30,9.261083901,9.261083901,9.055867648,9.1242733,78264233
1999-08-11 00:00:00+05:30,8.997986922,9.153215782,8.919057255,9.040082932,60507737
1999-08-12 00:00:00+05:30,8.976939451,9.124274779,8.858544953,8.905901909,50864470
1999-08-13 00:00:00+05:30,8.992725294,9.019034949,8.787508301,8.808555603,48798050
1999-08-16 00:00:00+05:30,8.834865527,9.100595345,8.829603877,8.976939201,75207505
1999-08-17 00:00:00+05:30,9.016403112,9.076915946,8.9216878,8.98483181,63876679
1999-08-18 00:00:00+05:30,9.182157206,9.329492547,9.116382714,9.240038872,103898923
1999-08-19 00:00:00+05:30,9.287397518,9.439994513,9.132168643,9.174263954,79410634
1999-08-20 00:00:00+05:30,9.155845989,9.274241188,9.069023499,9.190049171,42206455
1999-08-23 00:00:00+05:30,9.366326555,9.926727765,9.366326555,9.847797394,198189647
1999-08-24 00:00:00+05:30,9.826750532,9.83990501,9.663628823,9.747820854,123695204
1999-08-25 00:00:00+05:30,9.966191348,9.966191348,9.05586903,9.426838875,79790924
1999-08-26 00:00:00+05:30,9.629423533,9.629423533,9.421575394,9.524184227,47683453
1999-08-27 00:00:00+05:30,9.576803719,9.80833104,9.576803719,9.739925385,62784924
1999-08-30 00:00:00+05:30,9.782020538,10.07669114,9.776758186,9.921463013,127964069
1999-08-31 00:00:00+05:30,9.879368041,10.25296833,9.792545558,10.1819315,134150194
1999-09-01 00:00:00+05:30,10.28454093,10.33452977,9.866214145,9.981977463,107843531
1999-09-02 00:00:00+05:30,9.85305802,9.85305802,9.629424215,9.668889046,61382886
1999-09-03 00:00:00+05:30,9.647841682,9.787284185,9.603115199,9.642580032,71706361
1999-09-06 00:00:00+05:30,9.734661684,9.826746505,9.66099439,9.76360321,59369739
1999-09-07 00:00:00+05:30,9.787283756,9.81359341,9.637317257,9.660996437,63516500
1999-09-08 00:00:00+05:30,9.797808089,10.14246828,9.776760084,10.00828743,151640369
1999-09-09 00:00:00+05:30,10.04512156,10.54500993,9.997763901,10.48975945,259053405
1999-09-10 00:00:00+05:30,10.48712443,10.53711395,10.32400419,10.40556431,146987376
1999-09-13 00:00:00+05:30,10.40556431,10.40556431,10.40556431,10.40556431,0
1999-09-14 00:00:00+05:30,10.47134176,10.51869942,10.16877759,10.20824242,120661751
1999-09-15 00:00:00+05:30,10.35031645,10.35031645,9.974084247,10.00828743,92616006
1999-09-16 00:00:00+05:30,10.02670245,10.05038162,9.766234319,9.816223145,56556561
1999-09-17 00:00:00+05:30,9.77149625,10.03459484,9.734661899,9.979344368,82183661
1999-09-20 00:00:00+05:30,9.995129512,10.11352398,9.800436579,9.824115753,68195400
1999-09-21 00:00:00+05:30,9.789912757,9.789912757,9.603112645,9.663624763,78449610
1999-09-22 00:00:00+05:30,9.78728285,9.987238867,9.708353195,9.834640503,54897095
1999-09-23 00:00:00+05:30,9.887262729,10.35557912,9.76097469,10.18456459,170993774
1999-09-24 00:00:00+05:30,10.38188785,11.0001707,10.34768537,10.99753952,239673195
1999-09-27 00:00:00+05:30,11.20275611,11.83419337,11.00016961,11.33693695,199690808
1999-09-28 00:00:00+05:30,11.163293,12.18148658,11.08962498,11.84735107,240419896
1999-09-29 00:00:00+05:30,12.04993687,12.64980296,11.94469824,12.57613564,271076847
1999-09-30 00:00:00+05:30,12.61033633,13.15495185,12.51298984,12.61559868,224485681
1999-10-01 00:00:00+05:30,12.61297112,12.71821117,12.15517866,12.54193497,210565566
1999-10-04 00:00:00+05:30,12.57613189,12.58139424,12.08413715,12.14991093,106171236
1999-10-05 00:00:00+05:30,12.07887636,12.62875282,11.93154175,12.5024662,153512212
1999-10-06 00:00:00+05:30,12.51299004,13.07076005,12.10255607,12.52351475,301253502
1999-10-07 00:00:00+05:30,12.55771739,13.33912193,12.55771739,13.05760574,275415244
1999-10-08 00:00:00+05:30,13.13916515,13.20757151,12.65506385,12.73136234,181652318
1999-10-11 00:00:00+05:30,12.72873181,12.85765102,12.47352597,12.62086201,154564783
1999-10-12 00:00:00+05:30,12.57613256,12.76030223,12.42090443,12.50509644,168513663
1999-10-13 00:00:00+05:30,11.68159754,13.08654587,11.68159754,12.73925591,201468961
1999-10-14 00:00:00+05:30,12.78661585,13.1391668,12.7366263,12.79187679,94761916
1999-10-15 00:00:00+05:30,12.74188536,12.83923326,12.2341049,12.32618904,82773765
1999-10-18 00:00:00+05:30,12.41827495,12.53403827,12.21042608,12.28146362,123515821
1999-10-19 00:00:00+05:30,12.28146362,12.28146362,12.28146362,12.28146362,0
1999-10-20 00:00:00+05:30,12.83923534,13.26545503,12.58402808,13.18915653,235407187
1999-10-21 00:00:00+05:30,13.72850724,14.15472826,13.32333563,13.94951057,299256824
1999-10-22 00:00:00+05:30,13.72324587,13.98371405,13.42594402,13.80480671,151540433
1999-10-25 00:00:00+05:30,13.87847569,13.87847569,13.499613,13.56801796,101586207
1999-10-26 00:00:00+05:30,13.55486167,13.63905227,13.39700235,13.43909836,111997266
1999-10-27 00:00:00+05:30,13.60221695,13.62326495,13.08128211,13.22598553,93603485
1999-10-28 00:00:00+05:30,13.26019008,13.26019008,12.7129448,12.81029129,76168166
1999-10-29 00:00:00+05:30,12.7866132,12.83397015,12.27883136,12.38933372,109439529
1999-11-01 00:00:00+05:30,12.37091419,12.41827254,11.4000792,11.4632225,114373142
1999-11-02 00:00:00+05:30,11.31325731,12.38143953,11.18170765,12.32882023,129022957
1999-11-03 00:00:00+05:30,12.64979874,12.64979874,11.69738131,11.86313343,175844467
1999-11-04 00:00:00+05:30,11.77894437,12.12623434,11.63423951,11.89733887,122838876
1999-11-05 00:00:00+05:30,11.89207609,12.4077515,11.89207609,12.23410511,131084769
1999-11-08 00:00:00+05:30,12.23410511,12.23410511,12.23410511,12.23410511,0
1999-11-09 00:00:00+05:30,12.20779415,12.27883028,11.93417014,12.05256462,86587669
1999-11-10 00:00:00+05:30,12.14991169,12.45510701,12.06572108,12.39196301,102012011
1999-11-11 00:00:00+05:30,12.41827396,12.73136142,12.26041464,12.42616749,149253920
1999-11-12 00:00:00+05:30,12.35776269,12.36039387,12.1078178,12.15517616,79148388
1999-11-15 00:00:00+05:30,12.28672406,12.29724736,12.05256487,12.13149452,61299406
1999-11-16 00:00:00+05:30,12.04993608,12.07624644,11.9289104,11.97626877,80545607
1999-11-17 00:00:00+05:30,12.07098258,12.36039227,11.95258809,11.95521927,123075999
1999-11-18 00:00:00+05:30,11.99731348,12.01309913,11.63160606,11.76841736,76528247
1999-11-19 00:00:00+05:30,11.78683565,12.01573179,11.75526364,11.7815733,55197504
1999-11-22 00:00:00+05:30,11.74210919,11.86313485,11.73421637,11.78683567,73807401
1999-11-23 00:00:00+05:30,11.78683567,11.78683567,11.78683567,11.78683567,0
1999-11-24 00:00:00+05:30,11.93417082,12.19727015,11.85260999,12.11834049,88599794
1999-11-25 00:00:00+05:30,12.09729049,12.23147061,12.0341465,12.0867672,55765985
1999-11-26 00:00:00+05:30,12.15254413,12.22884262,11.81840865,11.87365913,70838662
1999-11-29 00:00:00+05:30,11.8920773,11.94206684,11.63950263,11.67633629,52377520
1999-11-30 00:00:00+05:30,11.70527368,11.75789439,11.47900873,11.57109356,63924098
1999-12-01 00:00:00+05:30,11.72369437,11.88418488,11.56583432,11.73948002,59220354
1999-12-02 00:00:00+05:30,11.7342177,11.85787385,11.50795271,11.5947752,59243181
1999-12-03 00:00:00+05:30,11.62897614,11.77631144,11.37640013,11.41849613,98030600
1999-12-06 00:00:00+05:30,11.4711184,11.59214337,11.38166473,11.45270157,54260959
1999-12-07 00:00:00+05:30,11.4921664,11.86313625,11.45007039,11.77105141,115597337
1999-12-08 00:00:00+05:30,12.04993542,12.71294545,11.92890975,12.23410511,280267701
1999-12-09 00:00:00+05:30,12.31303495,12.523515,12.18148598,12.45247746,100346313
1999-12-10 00:00:00+05:30,12.45510569,12.83396828,12.36565275,12.42353439,124489198
1999-12-13 00:00:00+05:30,12.41301171,12.43932207,11.91049222,11.99731541,60152095
1999-12-14 00:00:00+05:30,11.89733484,12.0367773,11.69738027,11.76315403,98386088
1999-12-15 00:00:00+05:30,11.83945525,11.83945525,11.5789871,11.72369194,61810931
1999-12-16 00:00:00+05:30,11.78683589,11.89470637,11.68422775,11.77894306,30255514
1999-12-17 00:00:00+05:30,11.81051755,11.99205608,11.69212235,11.73684883,57563436
1999-12-20 00:00:00+05:30,11.73684794,11.82367113,11.57635743,11.59740543,32392782
1999-12-21 00:00:00+05:30,11.59214128,11.70527411,11.50268833,11.55267715,54545416
1999-12-22 00:00:00+05:30,11.87892048,12.47878643,11.83945565,12.47089291,139424142
1999-12-23 00:00:00+05:30,12.18937839,12.66558898,12.10781755,12.22621346,48251696
1999-12-24 00:00:00+05:30,12.10255466,12.20253232,11.85260981,11.90523052,42032730
1999-12-27 00:00:00+05:30,11.87365987,11.94206624,11.62897874,11.71580124,38946173
1999-12-28 00:00:00+05:30,11.83419183,11.91312148,11.68159489,11.76841736,56899221
1999-12-29 00:00:00+05:30,11.90523172,12.62875316,11.83945653,12.46563148,62403290
1999-12-30 00:00:00+05:30,12.52088326,12.76030342,12.2156879,12.26304626,50106719
1999-12-31 00:00:00+05:30,12.26304626,12.26304626,12.26304626,12.26304626,0
2000-01-03 00:00:00+05:30,12.49720284,13.24440479,12.49720284,13.24440479,62409578
2000-01-04 00:00:00+05:30,13.5969597,14.30469704,13.22335932,14.30469704,132872110
2000-01-05 00:00:00+05:30,13.50487786,15.14924831,13.50487786,14.86510086,375789847
2000-01-06 00:00:00+05:30,15.20712412,15.82277576,15.20712412,15.48863888,219621124
2000-01-07 00:00:00+05:30,15.52284089,16.72783508,15.41760089,16.55155754,278281260
2000-01-10 00:00:00+05:30,16.70152467,16.76992961,16.0648251,16.2332077,187897934
2000-01-11 00:00:00+05:30,16.2042686,16.36212791,14.93613034,15.18081284,175675797
2000-01-12 00:00:00+05:30,15.2071248,16.04904076,14.84667896,15.87539577,169586471
2000-01-13 00:00:00+05:30,16.10165602,16.64890254,16.00167839,16.40948105,239139851
2000-01-14 00:00:00+05:30,16.2858297,16.92516049,16.2858297,16.64364433,188507616
2000-01-17 00:00:00+05:30,16.74625092,16.99093198,16.15690834,16.24636269,150255809
2000-01-18 00:00:00+05:30,16.25952134,16.78308888,16.07798282,16.533144,141210936
2000-01-19 00:00:00+05:30,16.98830892,17.09618015,16.6383877,16.81729507,160790093
2000-01-20 00:00:00+05:30,16.83834014,17.09617716,16.34108293,16.46210861,216069957
2000-01-21 00:00:00+05:30,16.45420976,17.28034126,16.41737611,17.17247009,239994540
2000-01-24 00:00:00+05:30,17.12774718,17.46188407,16.9435789,17.16195107,184344232
2000-01-25 00:00:00+05:30,17.10406506,17.11722094,16.74625185,16.8357048,136584272
2000-01-26 00:00:00+05:30,16.8357048,16.8357048,16.8357048,16.8357048,0
2000-01-27 00:00:00+05:30,17.31191309,17.72234697,16.98040885,17.62500191,210269961
2000-01-28 00:00:00+05:30,17.67499152,17.99071014,17.44872586,17.8039093,164331247
2000-01-31 00:00:00+05:30,17.59869279,17.68025362,17.18299511,17.26718712,142723553
2000-02-01 00:00:00+05:30,17.40662917,17.75655165,17.25929457,17.57764435,149956451
2000-02-02 00:00:00+05:30,18.04333118,18.25381121,17.81443572,17.89862633,139355731
2000-02-03 00:00:00+05:30,17.99596873,18.07489837,17.70129677,17.97755051,94831223
2000-02-04 00:00:00+05:30,18.10121585,18.27749061,17.98019017,18.10910797,99528064
2000-02-07 00:00:00+05:30,17.94861689,18.38799241,17.78812638,18.08016586,114747088
2000-02-08 00:00:00+05:30,18.18014529,18.25381402,17.94598744,18.01702499,90057597
2000-02-09 00:00:00+05:30,18.36431384,18.66161569,18.14331048,18.43798256,160165902
2000-02-10 00:00:00+05:30,18.35379273,19.14308952,18.14857501,18.71949959,151143675
2000-02-11 00:00:00+05:30,19.15360866,19.6798059,18.94575982,19.11677361,114214724
2000-02-14 00:00:00+05:30,18.89050456,18.99048219,18.41692534,18.52742767,71806185
2000-02-15 00:00:00+05:30,18.52217709,18.64846515,17.99861083,18.11963654,113776526
2000-02-16 00:00:00+05:30,18.41692846,18.61688376,18.05385292,18.31958199,110304203
2000-02-17 00:00:00+05:30,18.29590202,18.77474365,18.28537872,18.65634918,107425289
2000-02-18 00:00:00+05:30,18.78000808,18.83525996,18.31169247,18.38799095,70451511
2000-02-21 00:00:00+05:30,18.33273697,18.52216756,17.97755216,18.18803215,41234633
2000-02-22 00:00:00+05:30,18.20645388,18.25907319,17.49608688,17.59343338,100723088
2000-02-23 00:00:00+05:30,18.13804319,18.13804319,17.22245879,17.35400772,67665446
2000-02-24 00:00:00+05:30,17.51713244,17.92756637,17.32770043,17.71971893,79319185
2000-02-25 00:00:00+05:30,17.96440209,18.04333175,17.15931979,17.29086876,54786600
2000-02-28 00:00:00+05:30,17.09354529,17.74603064,16.31214073,17.52765846,70386208
2000-02-29 00:00:00+05:30,17.78023749,18.04070572,16.12534396,16.35687065,139625441
2000-03-01 00:00:00+05:30,16.57523709,17.3566415,15.73332125,16.66995239,150769883
2000-03-02 00:00:00+05:30,16.77782792,16.9435808,15.33867555,15.35183144,175562684
2000-03-03 00:00:00+05:30,15.05452488,15.05452488,14.12578583,14.12578583,64935300
2000-03-06 00:00:00+05:30,14.12578432,14.93612881,12.99709007,13.36279678,146075956
2000-03-07 00:00:00+05:30,13.52328871,13.62852872,12.62875213,12.74977779,133888438
2000-03-08 00:00:00+05:30,12.99183003,13.18126066,12.10255574,12.25778389,101621246
2000-03-09 00:00:00+05:30,12.41301079,12.75503976,11.79472803,12.17095947,77665531
2000-03-10 00:00:00+05:30,12.31303597,12.35513198,11.29221188,11.41060638,92389443
2000-03-13 00:00:00+05:30,11.57109258,12.07624244,10.53974487,10.6923418,150763063
2000-03-14 00:00:00+05:30,10.81337093,11.55004831,10.3739954,11.53426266,141532996
2000-03-15 00:00:00+05:30,11.78683516,12.45773792,11.36587653,12.45773792,79982280
2000-03-16 00:00:00+05:30,12.60243957,13.03918519,12.10781372,12.35775852,147946692
2000-03-17 00:00:00+05:30,12.35775852,12.35775852,12.35775852,12.35775852,0
2000-03-20 00:00:00+05:30,12.35775852,12.35775852,12.35775852,12.35775852,0
2000-03-21 00:00:00+05:30,12.56560837,12.7760884,11.97626711,12.51825142,95762643
2000-03-22 00:00:00+05:30,12.89185404,13.07602374,12.69189868,12.80766201,69064318
2000-03-23 00:00:00+05:30,12.90500281,12.93394433,12.55245061,12.67873859,60024739
2000-03-24 00:00:00+05:30,12.58665444,12.78397856,12.50509503,12.66032314,36941526
2000-03-27 00:00:00+05:30,12.78661287,13.67325592,12.78661287,13.67325592,58001578
2000-03-28 00:00:00+05:30,13.84426976,14.76774788,13.84426976,14.76774788,98405624
2000-03-29 00:00:00+05:30,14.98612193,15.25448224,14.15472925,14.27575493,143934962
2000-03-30 00:00:00+05:30,14.15472973,15.41760445,13.59169733,15.41760445,240432206
2000-03-31 00:00:00+05:30,15.62807755,16.65153313,14.7388049,16.65153313,275945423
2000-04-03 00:00:00+05:30,17.24088063,17.55923046,16.73836111,17.29086876,299036394
2000-04-04 00:00:00+05:30,17.15405552,17.15405552,15.90959644,15.90959644,189486468
2000-04-05 00:00:00+05:30,15.96485219,16.41738368,14.64146443,15.90434074,352720260
2000-04-06 00:00:00+05:30,16.31829476,17.58121228,16.29405939,17.56505585,227418526
2000-04-07 00:00:00+05:30,17.76162937,18.97069168,17.76162937,18.97069168,163657523
2000-04-10 00:00:00+05:30,19.92124621,20.46518898,19.36114557,19.63311768,309647520
2000-04-11 00:00:00+05:30,19.28036141,19.33421809,18.66102102,19.05147552,136676715
2000-04-12 00:00:00+05:30,19.22650668,19.38807386,18.00936682,18.20055389,241770257
2000-04-13 00:00:00+05:30,17.83164102,17.83164102,16.74644852,16.74644852,3153974
2000-04-14 00:00:00+05:30,16.74644852,16.74644852,16.74644852,16.74644852,0
2000-04-17 00:00:00+05:30,15.40813562,16.19981671,15.40813562,16.07056236,223113571
2000-04-18 00:00:00+05:30,16.00054627,16.63604455,15.83359313,16.15942192,122899571
2000-04-19 00:00:00+05:30,16.57142049,17.45196118,16.32368373,16.95648766,228183965
2000-04-20 00:00:00+05:30,16.85685239,18.31365146,16.65489342,18.1897831,271517327
2000-04-21 00:00:00+05:30,18.1897831,18.1897831,18.1897831,18.1897831,0
2000-04-24 00:00:00+05:30,18.63409056,19.42038543,17.39540849,18.14669609,246733265
2000-04-25 00:00:00+05:30,17.35771524,18.28403374,16.78415105,17.88280869,221403241
2000-04-26 00:00:00+05:30,18.31095654,19.31536681,18.31095654,19.277668,238053151
2000-04-27 00:00:00+05:30,19.43115679,19.71120636,18.21940157,18.615242,413796521
2000-04-28 00:00:00+05:30,18.71487739,18.95184366,18.32711584,18.58293152,188028343
2000-05-01 00:00:00+05:30,18.58293152,18.58293152,18.58293152,18.58293152,0
2000-05-02 00:00:00+05:30,18.7418079,19.09994817,17.51658893,17.72662544,230017702
2000-05-03 00:00:00+05:30,17.61083523,17.9797474,16.65220249,17.66469193,192704191
2000-05-04 00:00:00+05:30,17.82625713,18.46983289,17.82625713,18.16016197,158631859
2000-05-05 00:00:00+05:30,18.23017776,18.39443795,17.67007705,18.06053162,156073814
2000-05-08 00:00:00+05:30,17.8262575,18.14939188,17.35771236,17.44926643,82504670
2000-05-09 00:00:00+05:30,17.31463007,17.87203781,17.1476769,17.68354225,85940035
2000-05-10 00:00:00+05:30,17.77240247,18.03629567,17.41156924,17.51658821,93165917
2000-05-11 00:00:00+05:30,17.45196305,17.45196305,16.91071314,17.05881691,90033846
2000-05-12 00:00:00+05:30,17.21231047,17.36849178,16.87301948,17.01304436,57913070
2000-05-15 00:00:00+05:30,16.80568806,17.48696255,16.50678766,17.20691299,81188494
2000-05-16 00:00:00+05:30,17.23384346,17.33616944,16.96456434,17.09381866,43882418
2000-05-17 00:00:00+05:30,17.28231473,17.68623417,17.03188643,17.17191124,109270328
2000-05-18 00:00:00+05:30,17.12613252,17.22037957,16.53910496,16.70067215,75382294
2000-05-19 00:00:00+05:30,16.58757606,17.18268263,16.5471857,16.99688148,111574963
2000-05-22 00:00:00+05:30,16.85685415,17.06689209,16.6414317,16.82723427,43662227
2000-05-23 00:00:00+05:30,16.81915211,17.01841809,16.61450017,16.9510994,58389850
2000-05-24 00:00:00+05:30,16.89186407,17.12075145,16.69528956,16.84339333,56605367
2000-05-25 00:00:00+05:30,16.81915244,17.11535988,16.75452528,16.84608078,36653287
2000-05-26 00:00:00+05:30,16.95379106,17.12612869,16.74913913,17.04265213,49082689
2000-05-29 00:00:00+05:30,17.15306219,18.71218601,17.12613384,18.28133965,165326988
2000-05-30 00:00:00+05:30,18.35135148,18.62601513,18.15477844,18.51561165,79692753
2000-05-31 00:00:00+05:30,18.90337555,19.2157395,18.42405843,18.52099991,118366163
2000-06-01 00:00:00+05:30,18.42405692,18.62870889,18.10361549,18.26787567,75363108
2000-06-02 00:00:00+05:30,18.47253075,18.63409798,17.99321359,18.17363167,81875438
2000-06-05 00:00:00+05:30,18.18709207,18.94915176,18.11707895,18.26787567,151857297
2000-06-06 00:00:00+05:30,18.20324359,18.46444517,18.10091762,18.24632835,54887782
2000-06-07 00:00:00+05:30,18.30557285,18.54792363,18.10899983,18.20055389,52545769
2000-06-08 00:00:00+05:30,18.30557152,18.58023658,18.21671044,18.35673523,64426688
2000-06-09 00:00:00+05:30,18.41328628,18.99492935,18.25979802,18.37558746,172161391
2000-06-12 00:00:00+05:30,18.44020981,18.6179334,18.23286491,18.27864265,57726882
2000-06-13 00:00:00+05:30,18.25710192,18.65832835,18.1520844,18.23017502,95747252
2000-06-14 00:00:00+05:30,18.66101809,18.66101809,18.10091756,18.16823769,62793550
2000-06-15 00:00:00+05:30,18.3648154,18.3648154,17.637763,17.85049248,85105386
2000-06-16 00:00:00+05:30,17.74817203,18.08746294,17.7185507,17.89358139,63843153
2000-06-19 00:00:00+05:30,17.97436285,18.0955397,17.78317574,17.84510994,43452959
2000-06-20 00:00:00+05:30,17.96089423,17.98782257,17.69430811,17.78855515,58093559
2000-06-21 00:00:00+05:30,17.98782711,17.98782711,17.67815614,17.72662544,29007035
2000-06-22 00:00:00+05:30,17.79125363,18.83874749,17.40887656,18.58024025,268082760
2000-06-23 00:00:00+05:30,18.63947881,19.09994499,18.04167937,18.1897831,224036672
2000-06-26 00:00:00+05:30,18.04167689,18.07399118,17.67815078,17.83433342,48525944
2000-06-27 00:00:00+05:30,17.8451091,18.30557536,17.77778896,18.01475525,106940541
2000-06-28 00:00:00+05:30,18.04167774,18.14669669,17.90703891,17.9743576,24433854
2000-06-29 00:00:00+05:30,18.06053325,18.61794104,18.03629788,18.43213844,106685828
2000-06-30 00:00:00+05:30,18.52638114,18.56407995,18.09553486,18.35404205,88865990
2000-07-03 00:00:00+05:30,18.20324603,18.9545337,18.20324603,18.74988174,137988774
2000-07-04 00:00:00+05:30,18.77411759,18.82797428,18.52907384,18.60177994,75354482
2000-07-05 00:00:00+05:30,18.79565908,19.40692194,18.6664062,19.07301712,189904178
2000-07-06 00:00:00+05:30,18.90337588,19.65197075,18.84951918,19.5146389,200669996
2000-07-07 00:00:00+05:30,19.62503346,19.70581703,19.3880687,19.45269585,111604092
2000-07-10 00:00:00+05:30,19.54963874,19.980485,19.31536693,19.84584618,131908677
2000-07-11 00:00:00+05:30,19.92124864,20.34132309,19.74083203,20.24707603,170025705
2000-07-12 00:00:00+05:30,20.1474439,20.236305,19.81892352,19.92932701,70757129
2000-07-13 00:00:00+05:30,19.96971647,20.13128221,19.54964064,19.69774437,83264045
2000-07-14 00:00:00+05:30,19.72466644,19.95086216,19.36652632,19.45269585,89678274
2000-07-17 00:00:00+05:30,19.54425876,19.65196927,19.25343722,19.56579971,86145914
2000-07-18 00:00:00+05:30,19.4688573,19.54964089,19.1888077,19.2884407,52104364
2000-07-19 00:00:00+05:30,19.30728875,19.52271117,18.9841544,19.07032394,58511199
2000-07-20 00:00:00+05:30,19.00569691,19.43115723,18.68794707,19.25881958,124658147
2000-07-21 00:00:00+05:30,19.22650998,19.22650998,18.43213737,18.52099991,143754403
2000-07-24 00:00:00+05:30,18.36750673,18.36750673,17.45734483,17.58390617,84256775
2000-07-25 00:00:00+05:30,17.37117612,18.11977087,17.24461477,17.98243904,92498453
2000-07-26 00:00:00+05:30,18.25710702,18.25710702,17.44927087,17.53544044,54349425
2000-07-27 00:00:00+05:30,17.55697945,18.89260182,17.34694152,18.52907562,120640983
2000-07-28 00:00:00+05:30,18.74180847,18.84951898,18.2678773,18.33519745,83819180
2000-07-31 00:00:00+05:30,18.20324946,18.35943215,18.06861059,18.13862228,28100305
2000-08-01 00:00:00+05:30,18.09553618,18.41328459,18.07399379,18.23017502,52276716
2000-08-02 00:00:00+05:30,18.17093485,18.29480322,18.09553721,18.25710297,20395290
2000-08-03 00:00:00+05:30,18.30018617,18.51291706,18.11169209,18.18439674,46686143
2000-08-04 00:00:00+05:30,18.2301769,18.24364036,17.72662445,17.77778816,45818822
2000-08-07 00:00:00+05:30,17.71854564,17.88011283,17.45734545,17.78586578,34608868
2000-08-08 00:00:00+05:30,17.86126486,17.95282038,17.74547398,17.81818008,31546244
2000-08-09 00:00:00+05:30,17.93397323,18.20325098,17.83434021,17.97167206,33540780
2000-08-10 00:00:00+05:30,17.88011483,18.08207384,17.67276986,17.74816895,23807997
2000-08-11 00:00:00+05:30,17.74547525,17.88011555,17.64853521,17.7320118,27325498
2000-08-14 00:00:00+05:30,17.71854302,17.87203269,17.35770987,17.73739243,37143638
2000-08-15 00:00:00+05:30,17.73739243,17.73739243,17.73739243,17.73739243,0
2000-08-16 00:00:00+05:30,17.87472532,18.35404233,17.78586424,18.17093277,67496889
2000-08-17 00:00:00+05:30,18.2571018,18.60177999,18.06860771,18.1897831,86149527
2000-08-18 00:00:00+05:30,18.15208205,18.3028773,18.07668442,18.14669609,25684195
2000-08-21 00:00:00+05:30,18.1063087,18.25171947,18.04706749,18.12246513,20282583
2000-08-22 00:00:00+05:30,18.23017804,18.43213706,18.133238,18.21940613,39891989
2000-08-23 00:00:00+05:30,18.40251305,18.6340919,18.23286694,18.28672218,75956629
2000-08-24 00:00:00+05:30,18.25709989,18.35134836,17.98782224,18.07399178,46216771
2000-08-25 00:00:00+05:30,18.1224612,18.22478716,17.83971865,17.96627998,23180851
2000-08-28 00:00:00+05:30,17.96089799,18.0416816,17.858572,17.89088631,16676686
2000-08-29 00:00:00+05:30,17.84241605,18.01475517,17.7347041,17.79394531,30320186
2000-08-30 00:00:00+05:30,18.02821539,18.2463308,17.85856928,18.14400482,42939124
2000-08-31 00:00:00+05:30,18.23017153,18.35403987,18.04436901,18.12515259,38384652
2000-09-01 00:00:00+05:30,18.12515259,18.12515259,18.12515259,18.12515259,0
2000-09-04 00:00:00+05:30,18.2517154,19.21303947,18.21670957,19.05955124,110294526
2000-09-05 00:00:00+05:30,19.22650937,19.36653419,18.97069511,19.15918922,50895798
2000-09-06 00:00:00+05:30,19.17265104,19.70582188,18.95722717,19.58195496,136969141
2000-09-07 00:00:00+05:30,19.45001213,19.97510559,19.39346389,19.48771095,105721037
2000-09-08 00:00:00+05:30,19.49578773,20.19591323,19.44462545,19.97510338,83416875
2000-09-11 00:00:00+05:30,20.18513672,20.84217729,20.14743791,20.63483238,98805506
2000-09-12 00:00:00+05:30,20.73447184,20.9929791,20.52981984,20.65099525,60658354
2000-09-13 00:00:00+05:30,20.78562764,20.78562764,20.03434003,20.22283554,82885772
2000-09-14 00:00:00+05:30,20.25246338,20.50020016,20.07204675,20.23361397,58814450
2000-09-15 00:00:00+05:30,20.24976443,20.31169861,19.557718,19.70851326,53200335
2000-09-18 00:00:00+05:30,19.5496385,19.5496385,18.48060252,18.64486122,73399060
2000-09-19 00:00:00+05:30,18.53715222,18.95453362,17.98782353,18.18170357,68148598
2000-09-20 00:00:00+05:30,18.37828398,18.88991402,18.18170946,18.7148819,53619277
2000-09-21 00:00:00+05:30,18.73641777,18.84951422,18.43751879,18.73641777,48372162
2000-09-22 00:00:00+05:30,18.68794371,18.68794371,18.09283882,18.22209167,58990275
2000-09-25 00:00:00+05:30,18.42136153,18.63409096,18.2032447,18.41597557,48547973
2000-09-26 00:00:00+05:30,18.52638027,18.52638027,18.20593748,18.38096809,40011530
2000-09-27 00:00:00+05:30,18.36750726,19.10263854,18.00936704,18.95184326,92628316
2000-09-28 00:00:00+05:30,19.1187888,19.1187888,18.49944859,18.61254501,68963290
2000-09-29 00:00:00+05:30,18.73103271,18.8441306,18.36750655,18.4455986,37998621
2000-10-02 00:00:00+05:30,18.4455986,18.4455986,18.4455986,18.4455986,0
2000-10-03 00:00:00+05:30,18.31365104,18.60716407,18.21671102,18.48060417,41961280
2000-10-04 00:00:00+05:30,18.63409397,18.76873281,18.52099751,18.66909981,25417691
2000-10-05 00:00:00+05:30,18.58831561,18.70410648,18.24094587,18.31903648,24047388
2000-10-06 00:00:00+05:30,18.20594101,18.40790001,18.12515741,18.33250237,29197467
2000-10-09 00:00:00+05:30,18.36481734,18.66102486,18.2597998,18.33519745,34534659
2000-10-10 00:00:00+05:30,18.36751336,18.39174873,17.95551631,18.05245781,30007286
2000-10-11 00:00:00+05:30,17.93396732,18.00936495,17.64314584,17.78855515,27186770
2000-10-12 00:00:00+05:30,17.63776148,18.01475253,17.37117533,17.62968254,69082160
2000-10-13 00:00:00+05:30,17.51658824,17.51658824,16.43139413,17.14229012,53499189
2000-10-16 00:00:00+05:30,17.28769856,18.00936636,16.43947085,16.71144295,68052387
2000-10-17 00:00:00+05:30,16.43408695,16.78684268,16.00862655,16.26174927,82261245
2000-10-18 00:00:00+05:30,16.12979764,16.2913648,15.84705511,16.06786346,37969127
2000-10-19 00:00:00+05:30,15.98438839,16.60911614,15.4566021,16.32637215,70267297
2000-10-20 00:00:00+05:30,16.65489234,16.88377965,15.94938245,16.0544014,88156261
2000-10-23 00:00:00+05:30,16.04901723,16.04901723,15.26003069,15.39466953,49541306
2000-10-24 00:00:00+05:30,15.40274385,15.87128889,15.32196027,15.76357841,69908756
2000-10-25 00:00:00+05:30,15.83359163,16.64681489,15.79589281,16.42869949,76804722
2000-10-26 00:00:00+05:30,16.58487984,16.6952833,16.37484195,16.45562553,18928903
2000-10-27 00:00:00+05:30,16.5310257,16.61450227,16.16211356,16.31560326,48728952
2000-10-30 00:00:00+05:30,16.39907825,16.6629714,16.16211201,16.21058273,40934463
2000-10-31 00:00:00+05:30,16.15941981,16.35868579,15.84974892,16.27251625,42509931
2000-11-01 00:00:00+05:30,16.71952111,16.84608246,16.40177125,16.61719513,72480301
2000-11-02 00:00:00+05:30,16.636043,17.12613047,16.636043,17.00226212,74858151
2000-11-03 00:00:00+05:30,17.14767266,17.27423399,16.95379263,16.99956894,58610896
2000-11-06 00:00:00+05:30,17.06958753,17.22846177,16.80300132,16.84070015,55849367
2000-11-07 00:00:00+05:30,16.70336412,16.9780292,16.70336412,16.86762428,36376364
2000-11-08 00:00:00+05:30,17.05611546,17.36309334,16.96456141,17.15036392,78714125
2000-11-09 00:00:00+05:30,17.09920205,17.37925307,17.01841847,17.18806458,53307147
2000-11-10 00:00:00+05:30,17.15036875,17.22038044,16.70875192,16.75722122,49235533
2000-11-13 00:00:00+05:30,16.697981,16.697981,16.21866533,16.28598404,32680643
2000-11-14 00:00:00+05:30,16.26713328,16.79761263,16.26713328,16.75183487,51493926
2000-11-15 00:00:00+05:30,17.01573146,17.09382209,16.70067453,16.86224174,42863682
2000-11-16 00:00:00+05:30,16.96456385,16.98610624,16.6602789,16.78414726,45646036
2000-11-17 00:00:00+05:30,16.74914301,16.77337837,16.56064747,16.74106407,47502852
2000-11-20 00:00:00+05:30,16.72490409,16.83530899,16.64412051,16.70605469,23524883
2000-11-21 00:00:00+05:30,16.84339507,16.84339507,16.56603835,16.64682198,52537002
2000-11-22 00:00:00+05:30,16.6952923,16.77607592,16.56603936,16.59565926,16058756
2000-11-23 00:00:00+05:30,16.53371983,16.82992733,16.43947278,16.75722122,35718227
2000-11-24 00:00:00+05:30,16.82992939,17.06689427,16.80300105,16.87570572,47203872
2000-11-27 00:00:00+05:30,16.91071044,17.22845888,16.8837821,17.16383171,43128757
2000-11-28 00:00:00+05:30,17.23115237,17.7858671,17.0857416,17.74547386,94755530
2000-11-29 00:00:00+05:30,17.66469161,17.90165645,17.44926771,17.62160683,72628314
2000-11-30 00:00:00+05:30,17.61082965,17.78586169,17.53004608,17.67276382,43866453
2000-12-01 00:00:00+05:30,17.61083706,17.78586917,17.47619819,17.67007828,50742057
2000-12-04 00:00:00+05:30,17.71315432,18.06321694,17.71315432,17.91242027,68788347
2000-12-05 00:00:00+05:30,18.01475102,18.30018511,18.00397911,18.24094391,52905486
2000-12-06 00:00:00+05:30,18.56408547,18.56408547,18.12785312,18.16285896,43719127
2000-12-07 00:00:00+05:30,18.11707811,18.32980902,18.08207227,18.1790123,30523740
2000-12-08 00:00:00+05:30,18.20324359,18.41328147,18.15746585,18.27864265,59695425
2000-12-11 00:00:00+05:30,18.35942663,18.68525393,18.3109559,18.63139725,84918820
2000-12-12 00:00:00+05:30,18.68794892,18.69872083,18.49945482,18.5425396,33331820
2000-12-13 00:00:00+05:30,18.63409789,18.82528645,18.54792832,18.70949554,57066266
2000-12-14 00:00:00+05:30,18.73641903,19.0003122,18.5802378,18.65024948,88461585
2000-12-15 00:00:00+05:30,18.58023793,18.58023793,18.1116928,18.20055389,56209434
2000-12-18 00:00:00+05:30,18.04167733,18.46713763,17.77509122,18.38096809,53342732
2000-12-19 00:00:00+05:30,18.48598612,18.5586922,18.20862955,18.27864265,49308314
2000-12-20 00:00:00+05:30,18.58023532,18.58023532,18.17093145,18.41058922,29325971
2000-12-21 00:00:00+05:30,18.31634539,18.57754559,18.12515687,18.4348278,59473245
2000-12-22 00:00:00+05:30,18.55330865,18.68794749,18.16285416,18.21401787,49839151
2000-12-25 00:00:00+05:30,18.21401787,18.21401787,18.21401787,18.21401787,0
2000-12-26 00:00:00+05:30,18.15208651,18.41328673,17.58659986,17.66469193,53423649
2000-12-27 00:00:00+05:30,17.5569763,18.04167781,17.44926437,17.93665886,56125604
2000-12-28 00:00:00+05:30,18.0847612,18.32172742,17.92319404,18.24632835,56613447
2000-12-29 00:00:00+05:30,18.22748145,18.34865683,18.15208381,18.25440979,37622350
2001-01-01 00:00:00+05:30,18.31095773,18.50753219,18.25710105,18.40520477,42128577
2001-01-02 00:00:00+05:30,18.32981258,19.33422322,18.32442662,19.08110046,92764775
2001-01-03 00:00:00+05:30,19.11879405,19.47962867,19.01108356,19.39076614,123856212
2001-01-04 00:00:00+05:30,19.33959966,19.75967395,19.18341704,19.26958656,83784183
2001-01-05 00:00:00+05:30,19.19957974,19.75429446,19.19957974,19.61965561,104474953
2001-01-08 00:00:00+05:30,19.52271405,19.78930165,19.23997145,19.39884567,95828393
2001-01-09 00:00:00+05:30,19.3557586,19.48501147,19.23189025,19.277668,63211442
2001-01-10 00:00:00+05:30,19.30998656,19.46616782,18.80374253,18.94107437,66251757
2001-01-11 00:00:00+05:30,18.98415876,19.24266601,18.90337515,19.1618824,57008778
2001-01-12 00:00:00+05:30,19.22381351,19.30190412,19.0649393,19.09456062,33646611
2001-01-15 00:00:00+05:30,19.06763292,19.19957879,18.95722801,19.14841652,27697623
2001-01-16 00:00:00+05:30,19.14842078,19.94817942,19.14842078,19.84046745,145605043
2001-01-17 00:00:00+05:30,19.98587441,20.00472382,19.45539507,19.49847984,58317336
2001-01-18 00:00:00+05:30,19.54964332,19.73813888,19.46078079,19.64389038,38235547
2001-01-19 00:00:00+05:30,19.66273473,20.13127979,19.66273473,19.87815857,91923124
2001-01-22 00:00:00+05:30,19.87277974,20.24438493,19.82431044,20.16898727,106260122
2001-01-23 00:00:00+05:30,20.18244911,20.69407908,20.18244911,20.55405426,115872538
2001-01-24 00:00:00+05:30,20.7021581,20.70754262,20.3844082,20.48404121,76479540
2001-01-25 00:00:00+05:30,20.5459698,20.65368173,20.28476965,20.55674171,62876484
2001-01-26 00:00:00+05:30,20.55674171,20.55674171,20.55674171,20.55674171,0
2001-01-29 00:00:00+05:30,20.46519059,20.46519059,19.4419307,20.33863068,71061907
2001-01-30 00:00:00+05:30,20.38710372,21.05760801,20.38710372,20.98490334,147232440
2001-01-31 00:00:00+05:30,21.81158437,21.81158437,20.51904681,20.71292686,82628245
2001-02-01 00:00:00+05:30,20.65368231,20.92834592,20.07204079,20.79640007,178438559
2001-02-02 00:00:00+05:30,20.70754305,21.32149903,20.67792316,21.24610138,141852072
2001-02-05 00:00:00+05:30,21.17070502,21.56923711,21.01721529,21.49653244,149430501
2001-02-06 00:00:00+05:30,21.54230118,21.67694145,21.34034223,21.42651176,84708376
2001-02-07 00:00:00+05:30,21.30803665,21.43190505,21.11146214,21.18955421,50935108
2001-02-08 00:00:00+05:30,21.06837068,21.40496991,21.03067187,21.32418633,66988585
2001-02-09 00:00:00+05:30,21.3807363,21.65001396,21.23263258,21.48306084,97611280
2001-02-12 00:00:00+05:30,21.34034392,21.88698107,21.28648867,21.57192421,92278010
2001-02-13 00:00:00+05:30,21.6500178,22.18319014,21.407667,22.08355713,119497901
2001-02-14 00:00:00+05:30,22.34206192,22.47939374,22.05662638,22.37976074,125432815
2001-02-15 00:00:00+05:30,22.35013745,22.91023655,22.24242553,22.76482582,205960791
2001-02-16 00:00:00+05:30,22.8294601,23.12297463,22.61942359,22.75136948,177636541
2001-02-19 00:00:00+05:30,22.78098709,22.9991025,22.53863632,22.907547,89147661
2001-02-20 00:00:00+05:30,22.83484124,22.97217305,22.67327406,22.77021408,100213930
2001-02-21 00:00:00+05:30,22.78368059,22.88062206,22.19396148,22.30167198,110495812
2001-02-22 00:00:00+05:30,22.24242867,22.56556304,22.00546386,22.3312912,109056397
2001-02-23 00:00:00+05:30,22.35283407,22.65173308,22.05931959,22.15087509,108219311
2001-02-26 00:00:00+05:30,22.09163766,22.23704845,21.71734093,21.87890816,87129836
2001-02-27 00:00:00+05:30,21.9462266,22.04047366,21.39689636,21.65540504,78573731
2001-02-28 00:00:00+05:30,21.65001724,22.61942186,21.57731258,22.30167198,154742009
2001-03-01 00:00:00+05:30,22.40399347,24.01966655,22.40399347,23.59959221,223194307
2001-03-02 00:00:00+05:30,23.69653389,24.28894882,22.35821866,22.57094955,187886955
2001-03-05 00:00:00+05:30,22.64634362,22.88869436,21.67694066,22.00815392,132200024
2001-03-06 00:00:00+05:30,22.00815392,22.00815392,22.00815392,22.00815392,0
2001-03-07 00:00:00+05:30,22.18857765,22.87254532,21.46690972,22.18857765,105663297
2001-03-08 00:00:00+05:30,22.26666812,22.62750137,22.02970182,22.26397514,62047073
2001-03-09 00:00:00+05:30,22.14010365,22.14010365,21.46959953,22.0539341,54988278
2001-03-12 00:00:00+05:30,22.03239146,22.18857413,21.65001588,21.97315025,51412616
2001-03-13 00:00:00+05:30,21.59885553,22.53864035,20.2174553,20.90142441,73733177
2001-03-14 00:00:00+05:30,20.94989151,21.80619815,20.74254513,21.50999069,47229178
2001-03-15 00:00:00+05:30,21.16531773,21.62039948,20.90142452,21.39420509,34790561
2001-03-16 00:00:00+05:30,21.21917084,21.50191343,20.41672082,20.68061256,44860430
2001-03-19 00:00:00+05:30,20.51905036,20.89604007,20.22822878,20.59983253,31633267
2001-03-20 00:00:00+05:30,20.68061459,20.72100783,19.95356214,20.10705185,25515540
2001-03-21 00:00:00+05:30,20.2766975,21.71733892,19.67081904,21.61231995,46522683
2001-03-22 00:00:00+05:30,21.83043104,22.01623358,21.057601,21.18685532,40167819
2001-03-23 00:00:00+05:30,21.21917622,21.57731798,20.15821727,20.44095993,49623609
2001-03-26 00:00:00+05:30,20.46518713,20.82063577,20.25514923,20.69138145,24811230
2001-03-27 00:00:00+05:30,20.62675492,21.24071077,20.55674325,21.04144478,41114839
2001-03-28 00:00:00+05:30,21.27302571,21.81158398,21.19762807,21.65001678,37356183
2001-03-29 00:00:00+05:30,21.60962145,21.85735816,21.21916699,21.35111427,53399898
2001-03-30 00:00:00+05:30,21.22455501,21.36457981,20.82333004,20.97951126,34400048
2001-04-02 00:00:00+05:30,20.81525324,21.20840076,20.17167742,21.06029701,39069902
2001-04-03 00:00:00+05:30,21.00374989,21.27302761,20.78832743,21.04952621,21535935
2001-04-04 00:00:00+05:30,20.47326691,20.87987784,20.37094094,20.63214111,20329316
2001-04-05 00:00:00+05:30,20.63214111,20.63214111,20.63214111,20.63214111,0
2001-04-06 00:00:00+05:30,20.62675996,21.16262533,20.51904945,20.61329651,16347064
2001-04-09 00:00:00+05:30,20.47595787,20.66445337,18.94376136,19.23996735,68517838
2001-04-10 00:00:00+05:30,19.1295661,19.1295661,17.57313405,17.69700241,51180311
2001-04-11 00:00:00+05:30,17.7723994,18.17901032,16.51486783,17.4627285,79577889
2001-04-12 00:00:00+05:30,17.12613027,17.12613027,15.73126693,16.01400948,91028313
2001-04-13 00:00:00+05:30,16.01400948,16.01400948,16.01400948,16.01400948,0
2001-04-16 00:00:00+05:30,15.75820166,16.85685955,15.61817681,16.59565926,63144487
2001-04-17 00:00:00+05:30,16.53371555,17.33078087,16.47986031,16.97533226,55346202
2001-04-18 00:00:00+05:30,16.91071086,17.76701759,16.31829731,17.62160683,92069344
2001-04-19 00:00:00+05:30,17.76970866,20.38979251,17.76970866,19.91316986,148974490
2001-04-20 00:00:00+05:30,19.92124592,20.19052504,19.01646853,19.32613945,80686282
2001-04-23 00:00:00+05:30,19.11879323,19.57118189,18.88990736,19.07032394,45602314
2001-04-24 00:00:00+05:30,18.91414327,19.01108329,18.55330866,18.81989479,37334378
2001-04-25 00:00:00+05:30,18.84951508,19.54964049,18.74180458,19.31536865,69473779
2001-04-26 00:00:00+05:30,19.81958675,20.11925781,19.34396085,19.51166725,71457307
2001-04-27 00:00:00+05:30,19.29996676,19.29996676,18.28822966,18.98929787,72373573
2001-04-30 00:00:00+05:30,19.1735042,19.43193749,18.365215,18.83259392,46574990
2001-05-01 00:00:00+05:30,18.83259392,18.83259392,18.83259392,18.83259392,0
2001-05-02 00:00:00+05:30,18.80510075,19.05253613,18.48618335,18.82159615,31688179
2001-05-03 00:00:00+05:30,18.75011743,19.17900668,18.67588739,18.91232491,32772960
2001-05-04 00:00:00+05:30,18.86833351,19.02504199,18.75011331,18.89857483,17594955
2001-05-07 00:00:00+05:30,18.86009056,19.10202705,18.67038976,18.74462128,15749006
2001-05-08 00:00:00+05:30,18.72262516,19.14601547,18.69788279,19.03054619,30808142
2001-05-09 00:00:00+05:30,19.0800323,19.67387853,19.05528993,19.34121513,62306141
2001-05-10 00:00:00+05:30,19.34946105,19.61339186,19.27797903,19.52816391,30532185
2001-05-11 00:00:00+05:30,19.59964535,19.86632563,19.47317818,19.53915977,31238931
2001-05-14 00:00:00+05:30,19.51991553,19.90756551,19.50067066,19.78384781,24879040
2001-05-15 00:00:00+05:30,19.629886,20.47666499,19.14326219,20.38868904,65107625
2001-05-16 00:00:00+05:30,20.48766331,20.60863153,20.07802046,20.17699432,46455448
2001-05-17 00:00:00+05:30,20.28421489,21.17223458,20.28421489,21.03477097,81220452
2001-05-18 00:00:00+05:30,21.15298856,21.161237,20.50965629,20.61137962,42258187
2001-05-21 00:00:00+05:30,20.45467004,20.97703411,20.43267715,20.71035385,40671474
2001-05-22 00:00:00+05:30,20.77633739,20.97703459,20.65811865,20.75434303,29510899
2001-05-23 00:00:00+05:30,20.73235129,21.0732631,20.72135485,20.9522934,26407985
2001-05-24 00:00:00+05:30,20.94954168,21.68634885,20.94954168,21.60387039,94556989
2001-05-25 00:00:00+05:30,21.6616089,21.86780655,21.50215091,21.63961601,59731991
2001-05-28 00:00:00+05:30,21.66435525,22.09874192,21.66435525,21.92828751,36493007
2001-05-29 00:00:00+05:30,21.93928501,22.37642117,21.8293147,22.18122292,42811487
2001-05-30 00:00:00+05:30,22.32418199,22.36267321,21.44166278,21.5296402,54700207
2001-05-31 00:00:00+05:30,21.42241936,21.65335935,21.05951324,21.57088089,42893875
2001-06-01 00:00:00+05:30,21.62311512,21.67810174,20.79008211,20.90830231,43078103
2001-06-04 00:00:00+05:30,21.00452712,21.05676279,20.41343198,20.60588074,31130355
2001-06-05 00:00:00+05:30,20.4959086,20.77358676,20.37219091,20.50690651,28362650
2001-06-06 00:00:00+05:30,20.61412697,20.67461107,20.00653503,20.10000992,39624813
2001-06-07 00:00:00+05:30,20.17974595,20.20448978,19.63813691,20.02578545,52703851
2001-06-08 00:00:00+05:30,20.06977046,20.53439842,20.03403019,20.3666935,50362650
2001-06-11 00:00:00+05:30,20.3446985,20.47941262,20.13025392,20.38318825,37387314
2001-06-12 00:00:00+05:30,20.33920329,20.41618281,20.20723715,20.34745026,19314752
2001-06-13 00:00:00+05:30,20.3996861,20.72410101,20.34744896,20.64162254,32180868
2001-06-14 00:00:00+05:30,20.55639283,20.80107871,19.91031112,20.00928497,65138602
2001-06-15 00:00:00+05:30,19.91031342,19.91031342,19.41544118,19.66287804,47495514
2001-06-18 00:00:00+05:30,19.52541361,19.62988643,18.64564234,18.7281208,55464526
2001-06-19 00:00:00+05:30,18.69513474,19.13502048,18.67588985,19.07178688,36523999
2001-06-20 00:00:00+05:30,18.42020206,19.29997337,18.42020206,18.96181107,26094230
2001-06-21 00:00:00+05:30,18.95631053,19.26972897,18.69512922,18.75561333,47233211
2001-06-22 00:00:00+05:30,18.80510258,18.90407645,18.48618515,18.82709694,31187017
2001-06-25 00:00:00+05:30,18.73362305,18.8655892,18.45044733,18.77486229,24725145
2001-06-26 00:00:00+05:30,18.72262194,19.18175246,18.64014347,19.06903267,28403417
2001-06-27 00:00:00+05:30,19.0250402,19.78934206,18.84908539,19.69036674,44329523
2001-06-28 00:00:00+05:30,19.68486959,20.14949901,19.60239113,19.92130852,38544176
2001-06-29 00:00:00+05:30,19.93230696,20.53440005,19.8003423,20.26222229,26944326
2001-07-02 00:00:00+05:30,20.38868767,21.71933943,19.3714514,19.72061157,14112521
2001-07-03 00:00:00+05:30,19.22299104,19.35495569,17.81535686,18.11227989,65799036
2001-07-04 00:00:00+05:30,17.76037361,18.22775256,17.70538845,17.93632698,39504767
2001-07-05 00:00:00+05:30,18.25524487,18.49718131,18.03805226,18.24149895,28086259
2001-07-06 00:00:00+05:30,17.81535808,18.10678218,17.65040116,17.90883446,17151702
2001-07-09 00:00:00+05:30,17.81536098,18.14527488,17.38097424,17.99131584,35909821
2001-07-10 00:00:00+05:30,18.22775423,18.41470406,17.98031734,18.34872246,24974270
2001-07-11 00:00:00+05:30,18.25524436,18.73636923,18.09578639,18.50817871,16015356
2001-07-12 00:00:00+05:30,18.61265269,18.8435927,18.54117067,18.70612907,17476842
2001-07-13 00:00:00+05:30,18.79135612,19.28622843,18.27174292,18.9150753,28580447
2001-07-16 00:00:00+05:30,18.6346487,18.80510461,18.14527532,18.25524712,21472159
2001-07-17 00:00:00+05:30,18.09028483,18.49717814,17.87584173,18.31022835,16188394
2001-07-18 00:00:00+05:30,18.36796579,18.4449453,17.87034551,17.9665699,20781490
2001-07-19 00:00:00+05:30,17.87034184,17.95007082,17.65039833,17.82085419,16907479
2001-07-20 00:00:00+05:30,17.92533073,17.93082968,17.07305276,17.26000404,25611498
2001-07-23 00:00:00+05:30,17.04556094,17.37547483,16.49570494,17.21051788,1948391
2001-07-24 00:00:00+05:30,16.5616831,17.40296298,16.5616831,17.28474426,13896909
2001-07-25 00:00:00+05:30,17.29299294,17.34523008,16.97407702,17.08404732,17154376
2001-07-26 00:00:00+05:30,16.93558254,17.17752038,16.64965747,16.76237869,30470005
2001-07-27 00:00:00+05:30,16.68814888,16.93283622,16.49570014,16.82836342,17946522
2001-07-30 00:00:00+05:30,16.79537564,17.2655041,16.67715689,17.20227051,21004692
2001-07-31 00:00:00+05:30,17.30674354,17.63665743,16.69640196,17.5321846,55492156
2001-08-01 00:00:00+05:30,17.64764768,17.71912968,17.16927241,17.34797668,26261387
2001-08-02 00:00:00+05:30,17.26550162,17.64490166,17.02081572,17.47444725,22788924
2001-08-03 00:00:00+05:30,17.45795315,17.65590236,17.06205766,17.44145775,48046979
2001-08-06 00:00:00+05:30,17.43045776,17.85109847,17.33423339,17.77136803,25558407
2001-08-07 00:00:00+05:30,17.65314867,18.1452699,17.65314867,18.09853172,32886578
2001-08-08 00:00:00+05:30,17.8648451,18.20025789,17.73562845,18.06004333,24997699
2001-08-09 00:00:00+05:30,17.92533189,18.68138553,17.87034674,18.46419144,32633546
2001-08-10 00:00:00+05:30,18.58515966,18.77486044,18.37071504,18.68413353,35529952
2001-08-13 00:00:00+05:30,18.66763502,18.74461599,17.8483494,17.95557022,27804630
2001-08-14 00:00:00+05:30,18.12877841,18.12877841,17.57617295,17.65315247,41322595
2001-08-15 00:00:00+05:30,17.65315247,17.65315247,17.65315247,17.65315247,0
2001-08-16 00:00:00+05:30,17.76037646,18.22500454,17.65040467,17.97482109,40314418
2001-08-17 00:00:00+05:30,17.98031365,18.0792875,17.38921854,17.46069908,37882790
2001-08-20 00:00:00+05:30,17.32048725,17.69988876,17.29574342,17.47719574,27714988
2001-08-21 00:00:00+05:30,17.48544352,17.74387681,17.48544352,17.53493118,25945335
2001-08-22 00:00:00+05:30,17.53493118,17.53493118,17.53493118,17.53493118,0
2001-08-23 00:00:00+05:30,17.58991795,18.5851585,17.38097231,17.43045998,24387653
2001-08-24 00:00:00+05:30,17.48544384,17.49919123,17.27649821,17.32873535,20928018
2001-08-27 00:00:00+05:30,17.48544425,17.58991707,17.21601451,17.33698273,18360044
2001-08-28 00:00:00+05:30,17.26000514,17.4689508,17.16652876,17.20227051,14452184
2001-08-29 00:00:00+05:30,17.15553046,17.609162,17.1500315,17.50743866,48566417
2001-08-30 00:00:00+05:30,17.44420182,17.67239229,17.32048415,17.54592514,27727662
2001-08-31 00:00:00+05:30,17.50743772,17.54042852,17.02081541,17.10879135,39395546
2001-09-03 00:00:00+05:30,17.10054631,17.3204884,17.10054631,17.19402122,16171687
2001-09-04 00:00:00+05:30,17.20501382,17.39746549,16.97132586,17.28474426,22366089
2001-09-05 00:00:00+05:30,17.21051468,17.3754716,17.03456133,17.10879135,11804371
2001-09-06 00:00:00+05:30,17.48543968,17.48543968,17.01806234,17.13353157,16967446
2001-09-07 00:00:00+05:30,17.2490026,17.2490026,16.82836339,16.91909027,20467497
2001-09-10 00:00:00+05:30,16.88060454,17.01257069,16.67440835,16.72389603,12647198
2001-09-11 00:00:00+05:30,16.79812264,16.8806011,16.66065903,16.77338028,14673580
2001-09-12 00:00:00+05:30,16.22077389,16.57818105,15.17879521,16.38023186,34785814
2001-09-13 00:00:00+05:30,16.49569688,16.66065374,15.83861742,15.96233654,20201511
2001-09-14 00:00:00+05:30,16.03931874,16.03931874,14.36775398,14.36775398,31589350
2001-09-17 00:00:00+05:30,13.87013674,14.598697,13.25154679,14.44198704,100059643
2001-09-18 00:00:00+05:30,14.29627445,15.31351077,13.74641853,13.91962242,87037267
2001-09-19 00:00:00+05:30,14.29627484,14.3787533,13.36976686,13.57596302,54005126
2001-09-20 00:00:00+05:30,13.30103515,13.49898435,12.74568022,13.19106483,61146786
2001-09-21 00:00:00+05:30,12.84740064,12.86664551,11.87415464,11.91264439,73484375
2001-09-24 00:00:00+05:30,11.95938508,12.47350152,11.79992709,12.16008377,101903813
2001-09-25 00:00:00+05:30,12.37727319,12.59171627,11.19508091,11.3600378,99719112
2001-09-26 00:00:00+05:30,11.5414936,12.49824439,11.5414936,12.48999596,91794116
2001-09-27 00:00:00+05:30,11.81916838,13.4604911,11.81916838,13.29003525,134391056
2001-09-28 00:00:00+05:30,13.41650455,14.62069066,13.11408255,14.54920864,145786541
2001-10-01 00:00:00+05:30,14.51621655,14.92860881,13.92786947,14.2715292,204260754
2001-10-02 00:00:00+05:30,14.2715292,14.2715292,14.2715292,14.2715292,0
2001-10-03 00:00:00+05:30,14.35126315,14.40075082,13.3120338,13.55946922,99945731
2001-10-04 00:00:00+05:30,13.69418263,14.06533721,13.39176207,13.71617699,149091469
2001-10-05 00:00:00+05:30,13.69143575,14.13132149,13.39451408,13.78216267,71438233
2001-10-08 00:00:00+05:30,13.30653014,14.07357996,13.2240517,13.87563229,103922801
2001-10-09 00:00:00+05:30,14.02134963,14.17530866,13.70243217,13.91687679,103584608
2001-10-10 00:00:00+05:30,13.8563929,14.50522434,13.8563929,14.19455528,90542542
2001-10-11 00:00:00+05:30,14.29627477,14.77465015,14.29627477,14.59319782,79497826
2001-10-12 00:00:00+05:30,14.68942172,15.00009066,14.57670049,14.68392277,87830406
2001-10-15 00:00:00+05:30,14.60419883,15.214539,14.46123476,15.04408455,66342603
2001-10-16 00:00:00+05:30,15.11556512,15.22553691,14.93686223,15.04408455,45376787
2001-10-17 00:00:00+05:30,15.12106547,15.76439797,15.01109367,15.6461792,59714247
2001-10-18 00:00:00+05:30,15.37949792,15.42348665,15.07157832,15.1733017,42306432
2001-10-19 00:00:00+05:30,15.14855659,15.31351355,15.0385848,15.20354176,38912730
2001-10-22 00:00:00+05:30,15.21728317,15.58293872,14.84613014,15.0000906,42206273
2001-10-23 00:00:00+05:30,15.2145363,15.26677345,15.02483701,15.11556244,26546026
2001-10-24 00:00:00+05:30,15.28601693,15.28601693,14.54920829,14.62343979,47907075
2001-10-25 00:00:00+05:30,14.79114695,14.8186388,14.39250056,14.5107193,27738810
2001-10-26 00:00:00+05:30,14.5107193,14.5107193,14.5107193,14.5107193,0
2001-10-29 00:00:00+05:30,14.6261897,14.86812613,14.13681642,14.32101822,30511794
2001-10-30 00:00:00+05:30,14.07633466,14.16980958,13.80965436,13.88663387,34700611
2001-10-31 00:00:00+05:30,13.96636465,14.21105061,13.65019667,13.98835754,107369902
2001-11-01 00:00:00+05:30,14.13131968,14.45573609,14.03509529,14.33476639,54707587
2001-11-02 00:00:00+05:30,14.32376809,14.79114703,14.29902426,14.4584837,44285269
2001-11-05 00:00:00+05:30,14.48322987,14.48322987,14.14506753,14.37875557,34339311
2001-11-06 00:00:00+05:30,14.57120328,14.68117505,14.22754351,14.43373966,33712838
2001-11-07 00:00:00+05:30,14.5986972,14.65368235,14.09282849,14.24678898,22285087
2001-11-08 00:00:00+05:30,14.24129147,14.43099225,13.84814398,14.33476639,41576201
2001-11-09 00:00:00+05:30,14.48872389,14.65093132,14.31277053,14.51896667,34613167
2001-11-12 00:00:00+05:30,14.56570645,14.81314038,14.47772903,14.637187,27757758
2001-11-13 00:00:00+05:30,14.62619112,14.8186399,14.47772958,14.76090527,32125312
2001-11-14 00:00:00+05:30,14.95060413,15.10731261,14.9093649,15.02208614,12335502
2001-11-15 00:00:00+05:30,15.01108495,15.37948845,14.95609981,15.28876305,31320535
2001-11-16 00:00:00+05:30,15.28876305,15.28876305,15.28876305,15.28876305,0
2001-11-19 00:00:00+05:30,15.62143287,16.82012024,15.62143287,16.78437996,71040018
2001-11-20 00:00:00+05:30,17.04556082,17.10054745,15.83587705,16.003582,44342547
2001-11-21 00:00:00+05:30,16.05581428,16.61941749,15.80837893,16.18778038,40602096
2001-11-22 00:00:00+05:30,16.22077557,16.40772686,15.9513458,16.05031967,31503531
2001-11-23 00:00:00+05:30,16.05581863,16.30325404,15.6571722,16.05031967,36048423
2001-11-26 00:00:00+05:30,16.25926229,16.58917611,16.17953331,16.41872025,36689979
2001-11-27 00:00:00+05:30,16.60567035,16.76512976,15.98983146,16.12179756,27767645
2001-11-28 00:00:00+05:30,16.12180154,16.17953617,15.68741337,15.97608948,32388329
2001-11-29 00:00:00+05:30,15.94584703,16.0448209,15.72590346,15.94309902,24401629
2001-11-30 00:00:00+05:30,15.94309902,15.94309902,15.94309902,15.94309902,0
2001-12-03 00:00:00+05:30,16.00633278,16.14929538,15.72590507,15.9705925,26789941
2001-12-04 00:00:00+05:30,16.0558124,16.55068303,16.00082726,16.41321945,34449596
2001-12-05 00:00:00+05:30,16.77887857,17.36447625,16.71564499,17.22701263,45707249
2001-12-06 00:00:00+05:30,17.59541735,17.84285276,16.83111678,17.04281044,48654406
2001-12-07 00:00:00+05:30,17.04556105,17.3644785,17.04556105,17.15553284,30398723
2001-12-10 00:00:00+05:30,17.10054492,17.5926662,17.10054492,17.32323647,20566620
2001-12-11 00:00:00+05:30,17.32048977,17.47719828,16.99332535,17.07030487,23066337
2001-12-12 00:00:00+05:30,17.21051619,17.58991772,16.99607306,17.10054588,25557637
2001-12-13 00:00:00+05:30,17.19677027,17.54043005,16.25651489,17.10054588,57676438
2001-12-14 00:00:00+05:30,17.10054916,17.15553433,16.78438116,17.0620594,18745655
2001-12-17 00:00:00+05:30,17.0620594,17.0620594,17.0620594,17.0620594,0
2001-12-18 00:00:00+05:30,17.0455618,17.29574671,16.63866837,16.99882507,21648727
2001-12-19 00:00:00+05:30,17.26000235,17.26000235,16.88060086,16.97407722,35696394
2001-12-20 00:00:00+05:30,16.96308405,17.15553433,16.63866908,17.0620594,24662041
2001-12-21 00:00:00+05:30,16.77063612,17.12804341,16.77063612,17.0648098,14107101
2001-12-24 00:00:00+05:30,16.8256155,17.17752369,16.77062889,17.08404732,13869867
2001-12-25 00:00:00+05:30,17.08404732,17.08404732,17.08404732,17.08404732,0
2001-12-26 00:00:00+05:30,17.04006191,17.21051632,16.68265326,16.86960602,9321039
2001-12-27 00:00:00+05:30,16.77063247,16.85036294,16.39673132,16.61942291,35795461
2001-12-28 00:00:00+05:30,16.49570304,16.76513279,15.90185692,16.60017586,29663225
2001-12-31 00:00:00+05:30,16.71564303,16.98232327,16.41872001,16.8366127,16250994
2002-01-01 00:00:00+05:30,16.76513049,16.98507254,16.63866333,16.77062798,9645367
2002-01-02 00:00:00+05:30,16.71839694,16.82561925,16.55069051,16.69365311,9579602
2002-01-03 00:00:00+05:30,16.77063167,16.87785398,16.23452161,16.30050468,22102484
2002-01-04 00:00:00+05:30,16.55068956,17.91158579,16.38573262,17.65315247,62707885
2002-01-07 00:00:00+05:30,17.5404323,18.17551774,17.44695738,17.59541893,42526568
2002-01-08 00:00:00+05:30,17.65315057,17.87034464,17.35347952,17.47719574,23035569
2002-01-09 00:00:00+05:30,17.59541958,18.44769768,17.38097495,18.05455017,87376887
2002-01-10 00:00:00+05:30,18.15076618,18.40095098,17.68338737,17.8510952,34331917
2002-01-11 00:00:00+05:30,17.98031483,18.42020045,17.48819354,17.96931839,42278396
2002-01-14 00:00:00+05:30,18.20025855,18.91507287,17.7191337,17.90883446,65636529
2002-01-15 00:00:00+05:30,17.86484803,18.08479013,17.61466313,17.74662781,23187797
2002-01-16 00:00:00+05:30,17.8758431,17.9528226,17.38097087,17.60916138,18179387
2002-01-17 00:00:00+05:30,17.43046041,17.7576248,17.35072995,17.52393532,27352232
2002-01-18 00:00:00+05:30,18.13976972,18.13976972,16.96307573,17.13353157,32497955
2002-01-21 00:00:00+05:30,17.21050963,17.35897111,17.10053936,17.17751884,14862513
2002-01-22 00:00:00+05:30,17.15552627,17.52942873,16.99331886,17.18851852,27447966
2002-01-23 00:00:00+05:30,17.15553078,17.42496052,17.08679823,17.30124283,16462461
2002-01-24 00:00:00+05:30,17.34797927,17.43045773,17.12803575,17.24075699,11791529
2002-01-25 00:00:00+05:30,17.31773908,17.32048855,17.15553162,17.30949211,8558065
2002-01-28 00:00:00+05:30,17.37547344,17.81535908,17.19127163,17.29024696,32907556
2002-01-29 00:00:00+05:30,17.37547026,17.51018585,17.26000102,17.40846252,21020125
2002-01-30 00:00:00+05:30,17.31499108,17.4854455,17.00157114,17.26825142,19921605
2002-01-31 00:00:00+05:30,17.65040067,17.65040067,16.36373611,16.50119972,94887745
2002-02-01 00:00:00+05:30,16.53144073,16.79262348,16.39122766,16.53144073,62540337
2002-02-04 00:00:00+05:30,16.8531087,16.8531087,16.31149973,16.64966202,26850286
2002-02-05 00:00:00+05:30,16.38573466,16.60567679,16.0613197,16.16029358,45867165
2002-02-06 00:00:00+05:30,16.22077037,16.35823542,15.9650866,16.03931808,61498409
2002-02-07 00:00:00+05:30,16.05581851,17.47994831,16.05306903,16.93284035,113657573
2002-02-08 00:00:00+05:30,16.93558691,17.29299407,16.83661452,17.11154175,59848718
2002-02-11 00:00:00+05:30,17.26550138,17.43045829,16.88609988,16.96857834,34021971
2002-02-12 00:00:00+05:30,17.04555654,17.2929919,16.91909086,17.00156784,40477289
2002-02-13 00:00:00+05:30,17.04555893,17.21051586,17.0043197,17.04555893,47407776
2002-02-14 00:00:00+05:30,17.17752508,17.39746863,17.05105791,17.1307869,28104451
2002-02-15 00:00:00+05:30,17.21051724,17.58441983,17.10879389,17.35348129,69678425
2002-02-18 00:00:00+05:30,17.48544267,17.69438829,17.39196778,17.5266819,49775515
2002-02-19 00:00:00+05:30,17.60641295,17.76037343,17.51293804,17.64215469,40018084
2002-02-20 00:00:00+05:30,17.45795083,17.51018797,17.21876388,17.43320847,25876728
2002-02-21 00:00:00+05:30,17.50743627,17.65039882,17.18302142,17.28749275,19779727
2002-02-22 00:00:00+05:30,17.2105186,17.33973527,17.18852571,17.3149929,11669172
2002-02-25 00:00:00+05:30,17.33148507,17.41671448,17.21051684,17.30399323,12099948
2002-02-26 00:00:00+05:30,17.45245272,17.81535735,17.35347886,17.66964531,40451157
2002-02-27 00:00:00+05:30,17.8153552,18.15901639,17.4991888,17.91158104,101030821
2002-02-28 00:00:00+05:30,17.9693162,18.10952927,16.77337865,16.92733765,83680802
2002-03-01 00:00:00+05:30,16.93558377,17.85384459,16.78437426,17.72187996,63239227
2002-03-04 00:00:00+05:30,18.36521195,18.69512573,17.15552709,17.24625397,158828803
2002-03-05 00:00:00+05:30,17.54042982,17.56242418,17.1610283,17.25175667,61248668
2002-03-06 00:00:00+05:30,16.93558475,17.67789228,16.84760881,16.91633987,46666285
2002-03-07 00:00:00+05:30,17.04555672,17.17752283,16.86135494,17.11703873,30686653
2002-03-08 00:00:00+05:30,17.15003263,17.29299521,16.80637284,16.87785339,25543031
2002-03-11 00:00:00+05:30,17.01532326,17.01532326,16.33350097,16.4104805,55717669
2002-03-12 00:00:00+05:30,16.4352185,16.46545982,16.02832368,16.06956291,36594497
2002-03-13 00:00:00+05:30,16.11080132,16.4187208,16.05581617,16.1465416,38789212
2002-03-14 00:00:00+05:30,16.33349439,16.40772441,16.18228339,16.35823822,22150267
2002-03-15 00:00:00+05:30,16.39947824,17.01531875,16.39947824,16.93833923,58963177
2002-03-18 00:00:00+05:30,17.08405115,17.1995219,16.77613161,16.86410904,28846110
2002-03-19 00:00:00+05:30,16.88060248,16.9190937,16.39947761,16.47370911,22878230
2002-03-20 00:00:00+05:30,16.55068946,16.7623846,16.41322584,16.70190048,33074349
2002-03-21 00:00:00+05:30,16.60567666,16.75138874,16.55619045,16.69090462,16132181
2002-03-22 00:00:00+05:30,16.49020814,16.74864151,16.33624762,16.70465279,26800906
2002-03-25 00:00:00+05:30,16.70465279,16.70465279,16.70465279,16.70465279,0
2002-03-26 00:00:00+05:30,16.62766932,16.63316828,16.42972158,16.49570465,17638257
2002-03-27 00:00:00+05:30,16.6551602,16.68265204,16.21252511,16.50119972,32848472
2002-03-28 00:00:00+05:30,16.55068725,16.67440493,16.3609865,16.51219749,42148435
2002-03-29 00:00:00+05:30,16.51219749,16.51219749,16.51219749,16.51219749,0
2002-04-01 00:00:00+05:30,16.5864269,16.95208247,16.45721173,16.61392021,35258574
2002-04-02 00:00:00+05:30,16.52319818,16.72939585,16.52319818,16.69090462,21033737
2002-04-03 00:00:00+05:30,16.6854061,16.6854061,16.36098969,16.43796921,14761709
2002-04-04 00:00:00+05:30,16.52319476,17.5899173,16.52319476,16.78987503,138320973
2002-04-05 00:00:00+05:30,16.83936297,17.10054575,16.77063042,16.80912018,46535736
2002-04-08 00:00:00+05:30,16.89434732,16.94658299,16.60842075,16.66065788,24111052
2002-04-09 00:00:00+05:30,16.68815578,16.72389754,16.45171825,16.50395393,19790832
2002-04-10 00:00:00+05:30,16.495705,16.61667324,16.18778547,16.28950882,37386600
2002-04-11 00:00:00+05:30,16.39397908,16.52044625,16.23726912,16.30600166,11311359
2002-04-12 00:00:00+05:30,16.3224994,16.48470686,16.25101884,16.39947891,14316453
2002-04-15 00:00:00+05:30,16.38573048,16.48745382,16.13004667,16.19053078,9075948
2002-04-16 00:00:00+05:30,16.1657897,16.2400212,15.80013552,15.89361191,21118198
2002-04-17 00:00:00+05:30,16.04756699,16.07780978,15.87161364,15.94859314,13138234
2002-04-18 00:00:00+05:30,16.05581692,16.26201307,16.00083177,16.0750618,27042174
2002-04-19 00:00:00+05:30,16.08606097,16.44072018,15.51970956,15.65442371,26920238
2002-04-22 00:00:00+05:30,15.67091807,15.91560547,15.40973674,15.79463577,24606472
2002-04-23 00:00:00+05:30,15.84687433,16.1987826,15.73415306,16.01183128,51300609
2002-04-24 00:00:00+05:30,16.11080129,17.58441708,15.89085923,15.9265995,16814924
2002-04-25 00:00:00+05:30,15.97333493,15.99532928,15.6819109,15.78088474,23665824
2002-04-26 00:00:00+05:30,15.80838288,15.99533417,15.70391005,15.86336803,15820877
2002-04-29 00:00:00+05:30,15.89085514,15.89085514,14.99183931,15.13755131,66095201
2002-04-30 00:00:00+05:30,15.12106076,15.37949259,15.04133178,15.30526257,23646232
2002-05-01 00:00:00+05:30,15.30526257,15.30526257,15.30526257,15.30526257,0
2002-05-02 00:00:00+05:30,15.61318421,15.72590401,15.47847005,15.63517857,18346250
2002-05-03 00:00:00+05:30,15.67092005,15.9431008,15.65442465,15.82763004,24265829
2002-05-06 00:00:00+05:30,15.83862016,16.00082904,15.81662728,15.92934704,19012565
2002-05-07 00:00:00+05:30,15.89085859,16.18228265,15.78913526,16.11904907,16862118
2002-05-08 00:00:00+05:30,16.16578913,16.24277011,15.86886752,15.94309902,24711295
2002-05-09 00:00:00+05:30,16.08331027,16.20702944,15.90460741,16.02557564,16979041
2002-05-10 00:00:00+05:30,16.03381986,16.07230961,15.67641277,15.83862019,18418596
2002-05-13 00:00:00+05:30,15.94584515,15.94584515,15.68741185,15.7259016,11945493
2002-05-14 00:00:00+05:30,15.82487974,15.88536385,15.56094891,15.59943867,12623769
2002-05-15 00:00:00+05:30,15.65442144,15.78088861,15.40698605,15.55544758,15197303
2002-05-16 00:00:00+05:30,15.61592743,15.63242283,15.12930375,15.28051472,18686347
2002-05-17 00:00:00+05:30,15.34099948,15.80562883,15.15404824,15.43997478,40395769
2002-05-20 00:00:00+05:30,15.92935532,15.93485428,14.9836007,15.18704891,34081238
2002-05-21 00:00:00+05:30,14.98909121,15.03033044,13.66943611,14.41999054,79381407
2002-05-22 00:00:00+05:30,14.3760044,14.43373902,14.02134673,14.22754288,29677090
2002-05-23 00:00:00+05:30,14.1863065,14.28528037,13.78491057,13.9691124,28533504
2002-05-24 00:00:00+05:30,14.31277092,15.06607349,14.31277092,14.87912369,44689282
2002-05-27 00:00:00+05:30,15.10456208,15.10456208,14.57669915,14.81038857,25100939
2002-05-28 00:00:00+05:30,14.72516433,14.72516433,14.19180379,14.29627514,33161820
2002-05-29 00:00:00+05:30,15.12105995,15.12105995,14.14506437,14.58769798,24699489
2002-05-30 00:00:00+05:30,14.3155177,14.82688527,14.3155177,14.37600327,30406943
2002-05-31 00:00:00+05:30,14.45573677,14.62619268,14.05983978,14.48872757,30189483
2002-06-03 00:00:00+05:30,14.71141505,14.95335293,14.41724297,14.86537552,37182360
2002-06-04 00:00:00+05:30,14.87362571,15.11556214,14.74165958,15.01108932,29704678
2002-06-05 00:00:00+05:30,15.01108945,15.25852485,14.9561043,15.08806896,26497907
2002-06-06 00:00:00+05:30,15.12106357,15.23103536,14.86812918,15.13480949,25395900
2002-06-07 00:00:00+05:30,15.06607202,15.1732943,14.91486251,15.10731125,22927609
2002-06-10 00:00:00+05:30,15.2365282,15.67091482,15.2365282,15.61043072,26647796
2002-06-11 00:00:00+05:30,15.83587388,16.02282368,15.76164239,15.90185547,31196526
2002-06-12 00:00:00+05:30,15.86061604,15.86061604,15.6379245,15.74239731,15428095
2002-06-13 00:00:00+05:30,15.78089338,15.88811571,15.6159364,15.6461792,11627649
2002-06-14 00:00:00+05:30,15.61043287,15.61593183,15.36299748,15.49771309,18098386
2002-06-17 00:00:00+05:30,15.72040952,15.72040952,15.53345818,15.66542435,11055527
2002-06-18 00:00:00+05:30,15.72590027,15.89085865,15.52245508,15.5801897,11623742
2002-06-19 00:00:00+05:30,15.56094621,15.87986362,15.33825466,15.76164341,34474440
2002-06-20 00:00:00+05:30,15.77539131,15.85237229,15.58294252,15.75614643,17168227
2002-06-21 00:00:00+05:30,15.78088658,15.78088658,15.5032099,15.61043072,11569671
2002-06-24 00:00:00+05:30,15.67091585,15.67091585,15.45922221,15.60493279,10577837
2002-06-25 00:00:00+05:30,15.23103056,15.48396487,14.73615838,15.0000906,142002298
2002-06-26 00:00:00+05:30,14.84613019,14.92311116,14.57120153,14.68392277,43979035
2002-06-27 00:00:00+05:30,14.8186398,15.02758545,14.62893903,14.94235897,40186683
2002-06-28 00:00:00+05:30,14.95610588,14.95610588,14.71141847,14.81314182,25290083
2002-07-01 00:00:00+05:30,14.84888029,15.06607287,14.76640184,14.93960571,12190220
2002-07-02 00:00:00+05:30,14.90661672,14.95335491,14.6454354,14.68667316,13464775
2002-07-03 00:00:00+05:30,14.68117597,15.01108984,14.6316883,14.74440956,33192882
2002-07-04 00:00:00+05:30,14.79114797,14.89837027,14.65368287,14.68117619,14491018
2002-07-05 00:00:00+05:30,14.73615971,14.78014842,14.41999326,14.47772789,29980061
2002-07-08 00:00:00+05:30,14.29627428,15.05507729,14.29627428,14.947855,64437136
2002-07-09 00:00:00+05:30,14.95885603,15.31901127,14.85163372,15.22553635,51260501
2002-07-10 00:00:00+05:30,15.06607331,15.33825398,15.06607331,15.25027657,38031783
2002-07-11 00:00:00+05:30,15.17604782,15.20903862,14.5547098,14.60694695,35976076
2002-07-12 00:00:00+05:30,14.76365281,14.81039099,14.53546231,14.58769798,21813909
2002-07-15 00:00:00+05:30,14.68117927,14.68117927,14.2962787,14.61794567,14793471
2002-07-16 00:00:00+05:30,14.62619371,14.69767428,14.08183513,14.18080902,31603760
2002-07-17 00:00:00+05:30,14.14506201,14.21379307,13.84538955,13.96086025,52119237
2002-07-18 00:00:00+05:30,14.02134546,14.31826847,13.97460728,14.26053238,24984143
2002-07-19 00:00:00+05:30,14.0763355,14.4254943,14.0763355,14.28528118,31751913
2002-07-22 00:00:00+05:30,14.13131581,14.18080347,13.96636037,14.12031937,19612164
2002-07-23 00:00:00+05:30,13.9993512,14.2852763,13.8948784,14.11756992,32536594
2002-07-24 00:00:00+05:30,14.10382614,14.1258205,13.75191793,13.83164692,30787149
2002-07-25 00:00:00+05:30,14.02134416,14.27702645,13.74916501,13.84538937,84576776
2002-07-26 00:00:00+05:30,13.85089264,13.85089264,13.41100698,13.49348545,40847663
2002-07-29 00:00:00+05:30,13.44674868,13.77666406,13.1305807,13.62270355,60666477
2002-07-30 00:00:00+05:30,13.82339751,13.90037701,13.48798619,13.57046318,43537882
2002-07-31 00:00:00+05:30,13.46874272,13.62270322,13.25429956,13.43575191,47786651
2002-08-01 00:00:00+05:30,13.55396929,13.69143291,13.34777312,13.4742403,27319742
2002-08-02 00:00:00+05:30,13.31203225,13.44399838,13.14432585,13.35327148,27827682
2002-08-05 00:00:00+05:30,13.47148909,13.50447988,13.29553426,13.41375446,30377086
2002-08-06 00:00:00+05:30,13.3615212,13.41375688,13.22955505,13.28179073,23542179
2002-08-07 00:00:00+05:30,13.41650797,13.5732165,13.18006898,13.26529694,34574487
2002-08-08 00:00:00+05:30,13.29278644,13.34502211,12.72093473,12.81991005,51285484
2002-08-09 00:00:00+05:30,12.87214579,12.95737372,12.62471041,12.90238857,47182515
2002-08-12 00:00:00+05:30,13.07284259,13.37801259,12.88314332,13.24879742,62182944
2002-08-13 00:00:00+05:30,13.33402726,13.41650572,13.26804419,13.33677673,21763829
2002-08-14 00:00:00+05:30,13.31203148,13.38901099,13.09483743,13.11683178,33857699
2002-08-15 00:00:00+05:30,13.11683178,13.11683178,13.11683178,13.11683178,0
2002-08-16 00:00:00+05:30,13.25154576,13.41100519,13.21305601,13.35052109,27666323
2002-08-19 00:00:00+05:30,13.42200068,13.5649647,13.42200068,13.48523426,28777811
2002-08-20 00:00:00+05:30,13.55396983,13.77391193,13.49348572,13.68593597,45786682
2002-08-21 00:00:00+05:30,13.69418713,13.80415895,13.46049904,13.4824934,27886990
2002-08-22 00:00:00+05:30,13.58145773,13.71342381,13.52647259,13.61719799,25102704
2002-08-23 00:00:00+05:30,13.74092061,13.7711634,13.55946828,13.73267365,19770288
2002-08-26 00:00:00+05:30,13.74916931,13.90037886,13.70243112,13.79865551,23081504
2002-08-27 00:00:00+05:30,14.29627653,14.29627653,13.52647842,13.55946922,18730054
2002-08-28 00:00:00+05:30,13.49898376,13.58146222,13.42750174,13.5099802,13400495
2002-08-29 00:00:00+05:30,13.47149096,13.74641967,13.4494966,13.72442532,28821799
2002-08-30 00:00:00+05:30,13.78490878,14.09832724,13.6914324,14.04883957,47353033
2002-09-02 00:00:00+05:30,14.29627624,14.73616191,14.29627624,14.58495235,57789944
2002-09-03 00:00:00+05:30,14.64818411,14.67567743,14.35676146,14.53271484,30057968
2002-09-04 00:00:00+05:30,14.40624519,14.89836792,14.35126005,14.80764103,69110182
2002-09-05 00:00:00+05:30,14.84613133,14.89286952,14.57120265,14.62343979,29739969
2002-09-06 00:00:00+05:30,14.62619182,14.7581565,14.4749808,14.60694695,35214586
2002-09-09 00:00:00+05:30,14.56570576,14.62618987,14.17255686,14.3485117,34598449
2002-09-10 00:00:00+05:30,14.3485117,14.3485117,14.3485117,14.3485117,0
2002-09-11 00:00:00+05:30,14.35126188,14.41174599,14.10382648,14.15331268,28936173
2002-09-12 00:00:00+05:30,14.17530614,14.49697302,14.15881074,14.32376766,39028575
2002-09-13 00:00:00+05:30,14.35950787,14.5684535,14.16980712,14.24128914,51848098
2002-09-16 00:00:00+05:30,14.2962768,14.36225987,14.13131985,14.18905449,29624055
2002-09-17 00:00:00+05:30,14.20004886,14.45848213,14.20004886,14.38425064,18710406
2002-09-18 00:00:00+05:30,14.29627402,14.39524934,14.18630372,14.22204399,17194639
2002-09-19 00:00:00+05:30,14.26603205,14.26603205,14.048838,14.19180202,21151150
2002-09-20 00:00:00+05:30,14.02134773,14.15331239,13.91412543,14.04883957,24616387
2002-09-23 00:00:00+05:30,14.13131821,14.40349744,14.0213479,14.29627514,25511899
2002-09-24 00:00:00+05:30,14.24128981,14.36775698,13.9828565,14.04883957,33851622
2002-09-25 00:00:00+05:30,13.9718606,14.07358395,13.85638987,14.04059315,16970345
2002-09-26 00:00:00+05:30,14.13131789,14.13681685,14.0076002,14.05983734,8181500
2002-09-27 00:00:00+05:30,14.06258738,14.26878355,13.95536508,14.1835556,26125096
2002-09-30 00:00:00+05:30,14.14506724,14.2962768,14.13681881,14.18905449,31576774
2002-10-01 00:00:00+05:30,14.08183079,14.15881029,13.69418086,13.746418,29068668
2002-10-02 00:00:00+05:30,13.746418,13.746418,13.746418,13.746418,0
2002-10-03 00:00:00+05:30,13.69143473,13.71892804,13.22405717,13.31203461,68501677
2002-10-04 00:00:00+05:30,13.25704678,13.29828749,12.92438342,12.984869,55472424
2002-10-07 00:00:00+05:30,12.92163727,13.28729149,12.89964144,13.204813,28380996
2002-10-08 00:00:00+05:30,13.23229974,13.40550507,13.18556303,13.3257761,18650971
2002-10-09 00:00:00+05:30,13.34777328,13.38351356,13.07009509,13.10858631,20233315
2002-10-10 00:00:00+05:30,13.03160388,13.16357,12.9353795,13.02610493,20938059
2002-10-11 00:00:00+05:30,13.80140613,13.80140613,13.09209065,13.17456913,18031444
2002-10-14 00:00:00+05:30,13.25154515,13.38351127,13.19656001,13.31752968,14663623
2002-10-15 00:00:00+05:30,13.31752968,13.31752968,13.31752968,13.31752968,0
2002-10-16 00:00:00+05:30,13.38901288,13.59520905,13.35052312,13.42750263,27546599
2002-10-17 00:00:00+05:30,13.38901128,13.4604933,13.28728794,13.39725971,16907675
2002-10-18 00:00:00+05:30,13.45499383,13.60070587,13.28178848,13.35601997,19903470
2002-10-21 00:00:00+05:30,13.41650408,13.42750053,13.26254361,13.31477928,11103912
2002-10-22 00:00:00+05:30,13.3670216,13.37801805,13.14432997,13.19381618,15611777
2002-10-23 00:00:00+05:30,13.54041044,13.54041044,13.40375312,13.43507099,19106437
2002-10-24 00:00:00+05:30,13.38097734,13.49485692,13.0450285,13.09058094,40213040
2002-10-25 00:00:00+05:30,13.06780772,13.14752375,12.61513199,12.70054245,66184858
2002-10-28 00:00:00+05:30,12.68630647,12.7887987,12.41583979,12.51548481,40337021
2002-10-29 00:00:00+05:30,12.84004441,13.23862596,12.76032689,13.12759209,79943964
2002-10-30 00:00:00+05:30,13.24432287,13.43222557,13.24432287,13.34681511,53997354
2002-10-31 00:00:00+05:30,13.49770578,15.33972487,13.49770578,15.11765862,509674504
2002-11-01 00:00:00+05:30,15.1347378,15.24292445,14.33472602,14.67636776,317726453
2002-11-04 00:00:00+05:30,14.97815752,15.04933189,14.82157117,14.98954487,72357384
2002-11-05 00:00:00+05:30,15.08918558,15.08918558,14.78740184,14.87281227,71797712
2002-11-06 00:00:00+05:30,14.87281227,14.87281227,14.87281227,14.87281227,0
2002-11-07 00:00:00+05:30,15.00377791,15.45075917,14.66783054,14.78455734,125825680
2002-11-08 00:00:00+05:30,14.46284637,14.92690943,14.46284637,14.69060707,95745571
2002-11-11 00:00:00+05:30,14.69060323,14.71337792,14.49415893,14.57672215,40732533
2002-11-12 00:00:00+05:30,14.46284302,14.90128254,14.4429125,14.85003567,78121220
2002-11-13 00:00:00+05:30,15.359656,15.359656,14.82726428,14.96676731,114265630
2002-11-14 00:00:00+05:30,15.00377761,15.12904606,14.93260324,15.08349514,70839937
2002-11-15 00:00:00+05:30,15.20876564,15.345423,15.15182584,15.27140141,68736475
2002-11-18 00:00:00+05:30,15.26000936,15.76108472,15.20876248,15.47922993,92854473
2002-11-19 00:00:00+05:30,15.47922993,15.47922993,15.47922993,15.47922993,0
2002-11-20 00:00:00+05:30,15.51624034,15.82371857,15.43082989,15.57033443,104343003
2002-11-21 00:00:00+05:30,15.67282636,15.7724729,15.56179248,15.64151001,60963594
2002-11-22 00:00:00+05:30,15.74400225,16.4215914,15.74400225,16.2479248,189851549
2002-11-25 00:00:00+05:30,16.19952154,16.60949346,16.04293675,16.31624985,132548622
2002-11-26 00:00:00+05:30,16.49561392,16.84295014,16.48707227,16.64935303,193997106
2002-11-27 00:00:00+05:30,16.59810492,16.68066814,16.29347395,16.35895538,98332241
2002-11-28 00:00:00+05:30,16.51269798,16.68067168,16.46429984,16.55825043,99033736
2002-11-29 00:00:00+05:30,16.65504403,16.78316121,16.15681751,16.39311981,111038342
2002-12-02 00:00:00+05:30,16.5070013,16.91981896,16.39881616,16.77177429,82730519
2002-12-03 00:00:00+05:30,16.96537256,17.18174591,16.48422773,16.58956718,109562264
2002-12-04 00:00:00+05:30,16.68351903,16.76038783,16.33048833,16.65504837,128405068
2002-12-05 00:00:00+05:30,16.78031536,16.96252513,16.6550469,16.76323509,91548576
2002-12-06 00:00:00+05:30,16.80309369,17.02516148,16.68636536,16.86288071,51392478
2002-12-09 00:00:00+05:30,17.02516226,17.32409886,16.58387388,16.68067169,114266106
2002-12-10 00:00:00+05:30,16.56393864,16.75468848,16.40450513,16.70344162,64414715
2002-12-11 00:00:00+05:30,16.79170324,16.90558434,16.54686077,16.66358757,58044992
2002-12-12 00:00:00+05:30,16.68351487,16.77177252,16.52123565,16.73191452,56106320
2002-12-13 00:00:00+05:30,16.39881654,17.00807702,16.39881654,16.90843201,53087418
2002-12-16 00:00:00+05:30,17.19598099,17.19598099,16.79739938,16.83725739,93511658
2002-12-17 00:00:00+05:30,16.87141558,16.95682601,16.62942038,16.74614716,69258811
2002-12-18 00:00:00+05:30,16.77177875,16.84864908,16.43583132,16.50700569,49761007
2002-12-19 00:00:00+05:30,16.48422641,16.53547176,16.27639321,16.46144867,54218315
2002-12-20 00:00:00+05:30,16.45575818,16.67497724,16.45575818,16.55825043,51132080
2002-12-23 00:00:00+05:30,16.6237283,16.62657552,16.43013121,16.49276543,35336537
2002-12-24 00:00:00+05:30,16.46999116,16.64081206,16.06856236,16.60095406,51955287
2002-12-25 00:00:00+05:30,16.60095406,16.60095406,16.60095406,16.60095406,0
2002-12-26 00:00:00+05:30,16.66928406,17.23583937,16.65504797,17.11057091,153328642
2002-12-27 00:00:00+05:30,17.22444701,17.44651474,16.92266329,17.01946259,144942117
2002-12-30 00:00:00+05:30,16.91127659,17.03369934,16.74615014,16.93974876,58407328
2002-12-31 00:00:00+05:30,17.07640405,17.07640405,16.91412483,16.96537018,53121742
2003-01-01 00:00:00+05:30,17.12765533,17.16751334,16.91697487,16.95683289,47412411
2003-01-02 00:00:00+05:30,17.01661946,17.01661946,16.66074157,16.71198845,40149278
2003-01-03 00:00:00+05:30,16.80309419,16.81732875,16.34757125,16.39596939,72746595
2003-01-06 00:00:00+05:30,16.37888497,16.42443588,16.17959193,16.21660423,48579301
2003-01-07 00:00:00+05:30,16.28778391,16.37604006,16.18813736,16.23084259,37957980
2003-01-08 00:00:00+05:30,16.24792312,16.56394144,16.23653425,16.45290756,35951905
2003-01-09 00:00:00+05:30,16.54117155,16.96252947,16.52693545,16.8742733,79905158
2003-01-10 00:00:00+05:30,17.01376853,17.0251574,16.62657437,16.91412354,61297754
2003-01-13 00:00:00+05:30,16.91127717,16.92836047,16.76892693,16.81163216,36967854
2003-01-14 00:00:00+05:30,16.67782516,16.79739919,16.59810762,16.76892853,40219496
2003-01-15 00:00:00+05:30,16.6265791,16.71198955,16.36465329,16.55825043,55546606
2003-01-16 00:00:00+05:30,16.55824602,16.68066724,16.41874302,16.59525681,34454833
2003-01-17 00:00:00+05:30,16.65504549,16.72622136,16.54686035,16.64650536,26453471
2003-01-20 00:00:00+05:30,16.65789563,16.73761317,16.44152226,16.50415802,20736760
2003-01-21 00:00:00+05:30,16.51269717,16.68351808,16.39881758,16.63227272,26085071
2003-01-22 00:00:00+05:30,16.65504848,16.93975203,16.58672133,16.85718727,54271252
2003-01-23 00:00:00+05:30,16.91127965,17.08210208,16.60380292,16.66643715,45986007
2003-01-24 00:00:00+05:30,16.70629057,16.70629057,16.01446697,16.09418297,57131232
2003-01-27 00:00:00+05:30,16.07141377,16.2223057,15.39667014,15.56464386,68346732
2003-01-28 00:00:00+05:30,15.39382262,15.92621445,15.3340356,15.86642742,73657273
2003-01-29 00:00:00+05:30,17.6515037,17.6515037,15.45075941,15.55325317,43454178
2003-01-30 00:00:00+05:30,15.55325286,15.70983767,15.1831404,15.28278542,72634279
2003-01-31 00:00:00+05:30,15.20306883,15.91482307,14.99238993,15.66143894,172248779
2003-02-03 00:00:00+05:30,16.05717337,16.08564403,15.74684945,16.02016258,57143318
2003-02-04 00:00:00+05:30,16.18244188,16.3048631,15.95752691,16.02300835,62720447
2003-02-05 00:00:00+05:30,15.9262069,16.17105084,15.80948012,16.08848763,47109930
2003-02-06 00:00:00+05:30,16.11411578,16.27639504,16.0628689,16.23084259,41533991
2003-02-07 00:00:00+05:30,16.25646308,16.33048465,15.7952458,15.9859972,55241688
2003-02-10 00:00:00+05:30,15.98315412,16.10842259,15.88635479,16.0372467,40877745
2003-02-11 00:00:00+05:30,16.06856344,16.16251402,15.96037676,16.082798,34483696
2003-02-12 00:00:00+05:30,16.03154857,16.10841888,15.86072769,16.01161957,36870328
2003-02-13 00:00:00+05:30,16.01161957,16.01161957,16.01161957,16.01161957,0
2003-02-14 00:00:00+05:30,16.04009285,16.22230263,15.95468239,16.17675018,51934645
2003-02-17 00:00:00+05:30,16.36465545,16.65505043,16.35042087,16.61519241,44307312
2003-02-18 00:00:00+05:30,16.6835153,16.72906774,16.44436729,16.49276543,32597597
2003-02-19 00:00:00+05:30,16.5724832,16.67497544,16.47283819,16.5326252,26041994
2003-02-20 00:00:00+05:30,16.51269794,16.56394482,16.34472424,16.45006371,21668977
2003-02-21 00:00:00+05:30,16.46429473,16.84864166,16.45575308,16.79170036,63267726
2003-02-24 00:00:00+05:30,16.91981771,17.29562455,16.91981771,17.23583603,133025346
2003-02-25 00:00:00+05:30,17.08209847,17.17035613,16.78316193,16.82871437,69502586
2003-02-26 00:00:00+05:30,16.89135166,16.96252755,16.59810948,16.66074371,55005461
2003-02-27 00:00:00+05:30,16.58672004,16.91127854,16.52978024,16.82017517,59556978
2003-02-28 00:00:00+05:30,16.91127337,17.24152773,16.65788931,16.78315926,103736766
2003-03-03 00:00:00+05:30,16.79740028,17.15043099,16.69775525,16.84295273,91988609
2003-03-04 00:00:00+05:30,16.74614899,16.89704087,16.56963521,16.63796234,37515217
2003-03-05 00:00:00+05:30,16.54401244,16.56394144,16.12265315,16.45290756,80031001
2003-03-06 00:00:00+05:30,16.40166239,16.43298027,16.18528906,16.2479248,34455800
2003-03-07 00:00:00+05:30,15.82941181,16.10841936,15.82941181,16.0002327,47100939
2003-03-10 00:00:00+05:30,15.99453681,16.03439633,15.63296606,15.76962185,55878146
2003-03-11 00:00:00+05:30,15.65859557,16.36465554,15.60734868,16.23653984,57681003
2003-03-12 00:00:00+05:30,16.22799546,16.27639512,15.74685061,15.84649563,35543046
2003-03-13 00:00:00+05:30,15.82941582,15.99454232,15.68137112,15.8265686,50097000
2003-03-14 00:00:00+05:30,15.8265686,15.8265686,15.8265686,15.8265686,0
2003-03-17 00:00:00+05:30,15.82941353,15.99454,15.6728272,15.9176712,56266796
2003-03-18 00:00:00+05:30,15.9176712,15.9176712,15.9176712,15.9176712,0
2003-03-19 00:00:00+05:30,16.05717446,16.2678549,16.03155102,16.23084259,49358268
2003-03-20 00:00:00+05:30,15.94328945,16.84864056,15.94328945,16.70344162,71416106
2003-03-21 00:00:00+05:30,16.60380178,16.79455168,16.24507666,16.71198845,57333596
2003-03-24 00:00:00+05:30,16.67782292,16.67782292,16.03154865,16.10557175,55710051
2003-03-25 00:00:00+05:30,15.88635521,16.3247964,15.78101574,16.2678566,49120571
2003-03-26 00:00:00+05:30,16.31340655,16.40735714,16.09133878,16.19952393,39091133
2003-03-27 00:00:00+05:30,16.10841902,16.15112424,15.89774013,15.9717617,35038397
2003-03-28 00:00:00+05:30,15.99453779,16.30771042,15.95183257,16.25361633,42733749
2003-03-31 00:00:00+05:30,16.00593217,16.10273,15.69275943,15.83510971,47005639
2003-04-01 00:00:00+05:30,15.71553116,16.09987816,15.71553116,16.00308037,37292645
2003-04-02 00:00:00+05:30,16.08848765,16.28493042,16.00023,16.07425308,35008078
2003-04-03 00:00:00+05:30,16.11411944,16.3418802,16.06002533,16.25646973,31214340
2003-04-04 00:00:00+05:30,16.29347402,16.74614965,16.29347402,16.70913887,68828778
2003-04-07 00:00:00+05:30,16.8116372,17.19598432,16.79740263,17.09064484,69034657
2003-04-08 00:00:00+05:30,16.96822016,17.01377261,16.7689286,16.86288071,42376062
2003-04-09 00:00:00+05:30,16.6920601,16.79170512,16.37034729,16.41874695,44544841
2003-04-10 00:00:00+05:30,16.3931175,16.42728106,16.06286315,16.24222565,40775373
2003-04-11 00:00:00+05:30,16.30771262,16.7404578,16.08564484,16.67497635,48412956
2003-04-15 00:00:00+05:30,16.68351343,16.6949023,15.61018864,16.07425308,81870746
2003-04-16 00:00:00+05:30,16.22230181,16.24792525,15.96606894,16.15966606,42340057
2003-04-17 00:00:00+05:30,16.15966579,16.15966579,15.72407342,15.83795452,43485772
2003-04-18 00:00:00+05:30,15.83795452,15.83795452,15.83795452,15.83795452,0
2003-04-21 00:00:00+05:30,15.94328989,16.05716944,15.77246903,15.90343189,30275806
2003-04-22 00:00:00+05:30,15.86642487,15.87496653,15.58741728,15.79524899,54292231
2003-04-23 00:00:00+05:30,16.02870557,16.19667926,15.3596565,15.44221973,221434793
2003-04-24 00:00:00+05:30,15.54471092,15.77247314,15.47068782,15.59026337,91042471
2003-04-25 00:00:00+05:30,15.4877748,15.63581951,15.20307273,15.27140141,77478908
2003-04-28 00:00:00+05:30,15.26001023,15.58457027,15.07495475,15.49915981,68354743
2003-04-29 00:00:00+05:30,15.54471548,15.59311515,15.41659976,15.53617382,44208217
2003-04-30 00:00:00+05:30,15.53047482,15.68706113,15.4336755,15.62727261,34076588
2003-05-01 00:00:00+05:30,15.62727261,15.62727261,15.62727261,15.62727261,0
2003-05-02 00:00:00+05:30,15.63581588,15.65289767,15.4479132,15.57033443,32469961
2003-05-05 00:00:00+05:30,15.65859331,15.7155331,15.34542062,15.40520763,38689864
2003-05-06 00:00:00+05:30,15.37388997,15.52478186,15.25431443,15.36819553,43159791
2003-05-07 00:00:00+05:30,15.16890251,15.30271261,15.08918651,15.12050438,41165255
2003-05-08 00:00:00+05:30,15.08918646,15.14328055,14.69060491,14.77886105,73358559
2003-05-09 00:00:00+05:30,14.6422025,15.00377319,14.6422025,14.86427021,42949991
2003-05-12 00:00:00+05:30,14.91836432,14.9753041,14.70483823,14.85003567,29654949
2003-05-13 00:00:00+05:30,14.91267736,14.96676995,14.79025457,14.9041357,23843344
2003-05-14 00:00:00+05:30,14.90413184,15.21445575,14.90413184,15.17459774,39668478
2003-05-15 00:00:00+05:30,15.18314061,15.28278563,15.09488294,15.22299862,27808776
2003-05-16 00:00:00+05:30,15.31694896,15.3625014,15.19737343,15.29701996,30535756
2003-05-19 00:00:00+05:30,15.31979931,15.43937488,15.23154314,15.32264805,35908071
2003-05-20 00:00:00+05:30,15.0607206,15.53332534,15.0607206,15.49346733,41338854
2003-05-21 00:00:00+05:30,15.52763296,15.5902672,15.33403579,15.47638607,36113543
2003-05-22 00:00:00+05:30,15.40806057,15.66998493,15.3454248,15.63582134,42077642
2003-05-23 00:00:00+05:30,15.93394762,15.98686538,15.82223512,15.88985157,21376271
2003-05-26 00:00:00+05:30,15.87514464,16.52190993,15.81634837,16.43077469,42413692
2003-05-27 00:00:00+05:30,16.4102016,16.72182494,16.36316394,16.48957825,54396662
2003-05-28 00:00:00+05:30,16.52191766,17.00993151,16.52191766,16.93349648,71745714
2003-05-29 00:00:00+05:30,17.0216895,17.33919137,16.84529905,17.26275635,60641367
2003-05-30 00:00:00+05:30,17.28627402,17.75664909,17.22747773,17.55673981,88124611
2003-06-02 00:00:00+05:30,17.58026026,17.66257538,17.24805656,17.31861305,36886055
2003-06-03 00:00:00+05:30,17.19220384,17.3450755,17.12458738,17.17750359,18522495
2003-06-04 00:00:00+05:30,17.20102137,17.79780927,17.16868395,17.67727661,64238469
2003-06-05 00:00:00+05:30,17.93304186,18.50925253,17.90952459,18.37401962,140731145
2003-06-06 00:00:00+05:30,18.52101079,18.62978481,18.26818371,18.43281555,77948350
2003-06-09 00:00:00+05:30,18.78265437,18.78265437,17.97419707,18.0859127,60458441
2003-06-10 00:00:00+05:30,18.00360306,18.44751938,17.74195577,17.84778976,70590574
2003-06-11 00:00:00+05:30,17.81838639,18.15646863,17.81838639,18.09473228,49155694
2003-06-12 00:00:00+05:30,18.1476494,18.27994224,18.05651412,18.10943031,37202694
2003-06-13 00:00:00+05:30,18.21232768,18.48573198,18.20644758,18.40047836,72191082
2003-06-16 00:00:00+05:30,18.52983126,18.63860528,18.00947841,18.06533623,108127036
2003-06-17 00:00:00+05:30,18.21232306,18.98550123,18.15058673,18.87966728,128219790
2003-06-18 00:00:00+05:30,18.97669125,18.97669125,18.62097014,18.69740677,73870841
2003-06-19 00:00:00+05:30,17.70667649,19.16777814,17.70667649,19.10310173,100688903
2003-06-20 00:00:00+05:30,18.93258879,19.85863874,18.93258879,19.72340584,196668208
2003-06-23 00:00:00+05:30,19.66461178,19.66461178,19.05606366,19.12368011,62150902
2003-06-24 00:00:00+05:30,19.12367773,19.30006819,18.75619654,18.8355732,91338804
2003-06-25 00:00:00+05:30,18.93258649,19.34416367,18.93258649,19.10015678,81563686
2003-06-26 00:00:00+05:30,19.16777366,19.51467445,19.00608189,19.11779594,103622672
2003-06-27 00:00:00+05:30,19.20599466,19.28537131,18.90613147,19.09428215,65064967
2003-06-30 00:00:00+05:30,19.10898183,19.41472514,18.96786881,19.10310173,78672602
2003-07-01 00:00:00+05:30,19.1707198,19.30889278,19.00608793,19.15602112,82959281
2003-07-02 00:00:00+05:30,19.27655222,19.63815336,19.16777819,19.31476974,106131604
2003-07-03 00:00:00+05:30,19.38826714,19.7234094,19.24421563,19.44706345,115325848
2003-07-04 00:00:00+05:30,19.58229421,19.83218125,19.46176155,19.57641411,83165944
2003-07-07 00:00:00+05:30,19.6381511,19.84393893,19.26185132,19.32946777,57341354
2003-07-08 00:00:00+05:30,19.35004636,19.46176043,19.08840071,19.18247604,49463749
2003-07-09 00:00:00+05:30,19.40296483,19.40296483,19.00608623,19.20599556,42943059
2003-07-10 00:00:00+05:30,19.33828259,19.73222259,19.20598976,19.6440258,59663355
2003-07-11 00:00:00+05:30,19.63815152,19.84393936,19.38238439,19.44412231,57970502
2003-07-14 00:00:00+05:30,19.57935586,20.02033049,19.57935586,19.97623444,91666830
2003-07-15 00:00:00+05:30,20.04972573,20.27903394,19.6793061,19.8527565,84122767
2003-07-16 00:00:00+05:30,19.79984656,20.36723559,19.69695105,20.21142387,78125562
2003-07-17 00:00:00+05:30,20.28491503,20.39662909,19.75574366,19.92037392,80737902
2003-07-18 00:00:00+05:30,19.89979499,20.57889793,19.63814936,19.94683266,78313837
2003-07-21 00:00:00+05:30,20.06148936,20.0791281,19.64403043,19.73810577,65664832
2003-07-22 00:00:00+05:30,19.74692436,19.74692436,19.3647445,19.64109039,73585039
2003-07-23 00:00:00+05:30,19.7557421,19.78513946,19.25008804,19.39120102,62402827
2003-07-24 00:00:00+05:30,19.46763499,20.34370862,19.35004241,20.0967617,78868454
2003-07-25 00:00:00+05:30,20.28491786,20.63769882,20.12616611,20.55538368,113136735
2003-07-28 00:00:00+05:30,20.61124008,20.83466823,20.19672276,20.29667664,67780254
2003-07-29 00:00:00+05:30,20.17026144,20.52010231,20.10264499,20.44072723,71057439
2003-07-30 00:00:00+05:30,20.22611783,20.78762659,19.40296031,20.49658203,68998595
2003-07-31 00:00:00+05:30,20.63769883,21.2756443,20.40251048,21.043396,224892341
2003-08-01 00:00:00+05:30,21.14922983,21.14922983,20.79056879,20.87582397,74671095
2003-08-04 00:00:00+05:30,20.7846858,21.03163273,20.72588951,20.86700249,51695702
2003-08-05 00:00:00+05:30,20.90816661,21.40206063,20.26434098,20.45837021,113417159
2003-08-06 00:00:00+05:30,20.20259891,20.95519842,20.20259891,20.6141777,121809328
2003-08-07 00:00:00+05:30,20.76410894,20.99047712,20.49952326,20.90522194,78509311
2003-08-08 00:00:00+05:30,21.16099123,21.42851543,20.99047928,21.36089897,100474328
2003-08-11 00:00:00+05:30,21.07867148,21.46085131,21.07867148,21.2433033,65362813
2003-08-12 00:00:00+05:30,22.86021649,22.86021649,20.90522126,20.9787178,53918173
2003-08-13 00:00:00+05:30,21.74895818,21.74895818,20.91698198,21.22272682,63463283
2003-08-14 00:00:00+05:30,21.28446398,21.48731178,20.99929948,21.08455467,67262847
2003-08-15 00:00:00+05:30,21.08455467,21.08455467,21.08455467,21.08455467,0
2003-08-18 00:00:00+05:30,21.10807692,21.42851894,20.87288853,21.2403698,78071589
2003-08-19 00:00:00+05:30,21.32267787,21.84009058,21.20508372,21.70191765,82301606
2003-08-20 00:00:00+05:30,21.87243517,22.03118694,21.61078947,21.69016457,49097940
2003-08-21 00:00:00+05:30,22.04882155,22.04882155,21.70485921,21.81951332,59203324
2003-08-22 00:00:00+05:30,21.94298831,22.6220929,21.8724318,22.44276237,116788342
2003-08-25 00:00:00+05:30,22.69558611,24.97102325,21.58432406,22.26048851,132404097
2003-08-26 00:00:00+05:30,22.3428036,23.0483654,22.23108954,22.96899033,112114301
2003-08-27 00:00:00+05:30,22.93077905,23.34529641,22.93077905,23.15420723,73505914
2003-08-28 00:00:00+05:30,23.16890375,23.37175312,22.84258167,23.14832497,70642923
2003-08-29 00:00:00+05:30,23.45994642,23.79802867,23.1512631,23.55990028,92274019
2003-09-01 00:00:00+05:30,23.41585116,24.36542162,23.41585116,24.11847305,84452781
2003-09-02 00:00:00+05:30,24.400694,24.78875236,24.20372477,24.61236191,135259343
2003-09-03 00:00:00+05:30,24.46831469,24.63000492,23.87446685,23.98617935,77420832
2003-09-04 00:00:00+05:30,23.92443877,24.28309977,23.81860482,24.06555176,88695220
2003-09-05 00:00:00+05:30,24.17139072,24.77111869,24.17139072,24.68586349,81359053
2003-09-08 00:00:00+05:30,24.81815095,25.72068196,24.81815095,25.61190796,109846273
2003-09-09 00:00:00+05:30,25.70305008,26.01173345,25.40612535,25.65307236,123502517
2003-09-10 00:00:00+05:30,25.57664149,25.60310038,25.31793424,25.5560627,71159685
2003-09-11 00:00:00+05:30,24.98867096,25.82358743,24.98867096,25.20622063,96604041
2003-09-12 00:00:00+05:30,25.1650561,25.49431979,24.45949419,24.64470482,85145047
2003-09-15 00:00:00+05:30,24.63588548,24.68292315,23.6157601,23.78627205,121887277
2003-09-16 00:00:00+05:30,23.87152532,24.20666755,23.14244456,24.11553383,136987095
2003-09-17 00:00:00+05:30,24.57708407,24.57708407,23.64515413,23.92443848,100901406
2003-09-18 00:00:00+05:30,24.04791767,24.04791767,23.0865886,23.24534035,122191943
2003-09-19 00:00:00+05:30,23.22769888,23.9802984,23.0483668,23.75687027,153707700
2003-09-22 00:00:00+05:30,24.21842719,24.21842719,23.52462391,23.69807434,74664260
2003-09-23 00:00:00+05:30,23.5275626,24.45361254,23.3864496,24.2566433,70971760
2003-09-24 00:00:00+05:30,24.50064967,25.35320462,24.23900403,25.22385025,118908427
2003-09-25 00:00:00+05:30,25.16505724,25.42964454,24.4594953,24.58884811,140227855
2003-09-26 00:00:00+05:30,24.74171961,25.13271808,24.5182899,25.06510162,101622465
2003-09-29 00:00:00+05:30,29.98640145,29.98640145,25.15035863,25.53547859,68963038
2003-09-30 00:00:00+05:30,25.65013318,26.18518318,25.57663662,26.09404945,109159721
2003-10-01 00:00:00+05:30,25.92941551,26.18518107,25.46198044,25.61779213,64365531
2003-10-02 00:00:00+05:30,25.61779213,25.61779213,25.61779213,25.61779213,0
2003-10-03 00:00:00+05:30,25.81182254,26.45858817,25.75302624,26.37333298,92937113
2003-10-06 00:00:00+05:30,26.37038955,27.03479382,24.8416717,26.89956093,68364182
2003-10-07 00:00:00+05:30,26.92896449,27.10535499,26.46741102,26.56442642,75842045
2003-10-08 00:00:00+05:30,27.34054205,27.34054205,26.37921449,26.76727295,64480381
2003-10-09 00:00:00+05:30,26.98776081,27.22294918,26.58206205,26.76139259,76156360
2003-10-10 00:00:00+05:30,26.94071833,27.7521157,26.94071833,27.68744087,107329947
2003-10-13 00:00:00+05:30,27.68450165,28.45768162,27.36994134,28.28423119,77883650
2003-10-14 00:00:00+05:30,28.51647939,28.68698977,27.34936088,27.53163147,85021682
2003-10-15 00:00:00+05:30,27.58454535,28.39300267,27.41991195,28.14311409,89588449
2003-10-16 00:00:00+05:30,29.27495233,29.27495233,28.25776723,28.72520065,230880962
2003-10-17 00:00:00+05:30,28.63406725,29.22203648,28.55469218,28.7840004,94173184
2003-10-20 00:00:00+05:30,28.98685141,29.10444401,28.22249164,28.32832718,62736510
2003-10-21 00:00:00+05:30,28.51647431,28.51647431,27.31113851,27.52868652,96531807
2003-10-22 00:00:00+05:30,27.06125605,27.89323069,27.06125605,27.56984711,77285479
2003-10-23 00:00:00+05:30,27.62276509,27.63452529,26.81724776,26.97599792,82339194
2003-10-24 00:00:00+05:30,21.75483869,27.86971053,21.75483869,27.67274284,88147102
2003-10-27 00:00:00+05:30,27.92851087,27.98730874,26.87898808,26.98776054,69776288
2003-10-28 00:00:00+05:30,27.04655764,27.63452697,26.92896189,27.29938316,104009852
2003-10-29 00:00:00+05:30,27.47283032,27.92556668,27.19354752,27.77563667,56545862
2003-10-30 00:00:00+05:30,27.66686154,28.22249026,27.552209,28.04903984,65836288
2003-10-31 00:00:00+05:30,28.22249086,28.67816729,28.11077836,28.60173225,66083410
2003-11-03 00:00:00+05:30,28.63113597,29.45135372,28.63113597,29.28672028,122814579
2003-11-04 00:00:00+05:30,29.52190362,29.75121187,28.64289128,28.89865685,110392949
2003-11-05 00:00:00+05:30,28.63407406,29.05153304,28.2518957,28.72814941,91124985
2003-11-06 00:00:00+05:30,28.92805848,29.48662731,28.7575481,28.97803307,134300335
2003-11-07 00:00:00+05:30,29.0191919,29.21615959,28.20485441,28.34890747,73031669
2003-11-10 00:00:00+05:30,29.9864009,29.9864009,27.69920158,28.3959465,55228187
2003-11-11 00:00:00+05:30,28.23131307,28.51647915,27.96378729,28.26071358,64012424
2003-11-12 00:00:00+05:30,28.81046179,28.89571698,28.34596832,28.46062088,79398058
2003-11-13 00:00:00+05:30,29.3925561,29.3925561,27.99025217,28.09608459,64241396
2003-11-14 00:00:00+05:30,27.70801895,27.92850703,27.17590751,27.33465767,81935027
2003-11-17 00:00:00+05:30,27.46694928,28.06961876,27.34053653,27.92556572,74009302
2003-11-18 00:00:00+05:30,27.79033431,28.03140275,27.34053799,27.39933586,51950120
2003-11-19 00:00:00+05:30,27.2905658,27.44343587,26.96424215,27.14063263,74266857
2003-11-20 00:00:00+05:30,27.1700252,27.39345331,26.39978543,26.50562096,63214173
2003-11-21 00:00:00+05:30,26.23515739,27.15826729,26.23515739,27.01421738,84509135
2003-11-24 00:00:00+05:30,27.15533264,27.22294752,26.69965618,26.80548859,43968181
2003-11-25 00:00:00+05:30,26.8113651,27.56984469,26.8113651,27.46106911,69262438
2003-11-26 00:00:00+05:30,27.46106911,27.46106911,27.46106911,27.46106911,0
2003-11-27 00:00:00+05:30,27.46695763,28.24013771,27.46695763,27.99906921,101487224
2003-11-28 00:00:00+05:30,28.04609936,28.80457898,28.04609936,28.63700867,75895178
2003-12-01 00:00:00+05:30,28.81634578,29.09269174,28.69875316,28.94275856,57749723
2003-12-02 00:00:00+05:30,28.99566898,29.69241067,28.56351299,29.37491035,87905736
2003-12-03 00:00:00+05:30,29.69241344,29.69241344,28.97803139,29.27495766,117920738
2003-12-04 00:00:00+05:30,28.83692422,30.07459771,28.83692422,29.90996742,180083321
2003-12-05 00:00:00+05:30,29.98639798,30.10399057,28.88101752,28.98978996,82536782
2003-12-08 00:00:00+05:30,28.76049006,29.06035646,28.0666882,28.2166214,113699628
2003-12-09 00:00:00+05:30,28.30186852,28.71344418,28.30186852,28.61055183,79302128
2003-12-10 00:00:00+05:30,28.66347408,29.5424865,28.5811558,29.2573204,143958545
2003-12-11 00:00:00+05:30,29.46311166,29.63362205,28.76342664,28.99273491,104076611
2003-12-12 00:00:00+05:30,29.16618278,29.16618278,28.66640871,28.88689995,69546938
2003-12-15 00:00:00+05:30,28.92805636,29.53366281,28.92805636,29.33963203,83497793
2003-12-16 00:00:00+05:30,29.32787548,29.83646655,28.96627438,29.68065643,126819545
2003-12-17 00:00:00+05:30,29.75121035,29.83352549,29.40430951,29.56011963,87187086
2003-12-18 00:00:00+05:30,29.38667456,30.06283919,29.38667456,29.80707359,95790063
2003-12-19 00:00:00+05:30,29.86880302,30.74781522,29.86880302,30.61552238,149458524
2003-12-22 00:00:00+05:30,30.6419825,31.16233376,30.6419825,31.01828384,60150274
2003-12-23 00:00:00+05:30,25.57663152,31.15057426,25.57663152,30.71547508,64460943
2003-12-24 00:00:00+05:30,30.58318579,31.2211328,30.58318579,31.03886223,60846840
2003-12-25 00:00:00+05:30,31.03886223,31.03886223,31.03886223,31.03886223,0
2003-12-26 00:00:00+05:30,31.22995871,31.32109401,31.00065042,31.17410088,48164588
2003-12-29 00:00:00+05:30,31.33872302,31.68856389,31.29168536,31.5886116,46395159
2003-12-30 00:00:00+05:30,31.57391957,34.10218455,31.4710272,33.08499908,172494262
2003-12-31 00:00:00+05:30,33.04383851,34.26681488,33.04383851,33.68178558,160650273
2004-01-01 00:00:00+05:30,34.10218171,34.10218171,33.34664201,33.55243301,57015472
2004-01-02 00:00:00+05:30,33.77880087,34.62547271,33.55243266,34.40792465,113656354
2004-01-05 00:00:00+05:30,34.39616396,34.68426693,33.6318042,34.1051178,85438299
2004-01-06 00:00:00+05:30,34.1609772,34.6019534,33.16436911,33.65532303,81160289
2004-01-07 00:00:00+05:30,33.52596329,34.24916536,33.33781265,34.11099243,83254466
2004-01-08 00:00:00+05:30,34.39616269,35.15464231,34.2873871,34.69602585,74777472
2004-01-09 00:00:00+05:30,35.27811797,35.61031858,33.81701641,34.02280426,122696325
2004-01-12 00:00:00+05:30,33.98458995,34.33149084,33.40838079,33.58771133,78266908
2004-01-13 00:00:00+05:30,33.7053025,34.66075308,33.64650777,34.53727722,82240687
2004-01-14 00:00:00+05:30,34.69014394,35.21931531,34.69014394,35.10172272,71562438
2004-01-15 00:00:00+05:30,35.48390606,35.62501907,33.78467608,33.99046707,94167303
2004-01-16 00:00:00+05:30,34.39616309,34.50199549,33.63180336,34.16685486,112840401
2004-01-19 00:00:00+05:30,34.16980933,34.63136291,33.46130712,34.38147736,78038244
2004-01-20 00:00:00+05:30,34.6313518,35.14876619,33.53479137,33.77585983,84740222
2004-01-21 00:00:00+05:30,33.58770961,34.08454365,32.19716292,32.51172638,90635839
2004-01-22 00:00:00+05:30,32.51467017,33.8023215,31.00065059,31.47102737,143108982
2004-01-23 00:00:00+05:30,31.6915033,32.99973462,31.26522741,32.79982376,130190728
2004-01-26 00:00:00+05:30,32.79982376,32.79982376,32.79982376,32.79982376,0
2004-01-27 00:00:00+05:30,33.0467721,34.30208565,32.94681667,34.1403923,99040724
2004-01-28 00:00:00+05:30,34.57254822,34.64604319,33.48774513,33.84934616,117000341
2004-01-29 00:00:00+05:30,34.16098138,34.4490844,33.2378713,33.60240936,207142637
2004-01-30 00:00:00+05:30,33.66120186,34.06690058,32.80864686,32.95858002,86396915
2004-02-02 00:00:00+05:30,32.95858002,32.95858002,32.95858002,32.95858002,0
2004-02-03 00:00:00+05:30,33.04383818,33.20846846,32.27359824,32.55582428,96821782
2004-02-04 00:00:00+05:30,32.65283681,33.80819504,32.31181607,33.5965271,103232089
2004-02-05 00:00:00+05:30,33.77879787,34.01398308,32.8850853,33.19670868,101116472
2004-02-06 00:00:00+05:30,33.44071237,33.92578615,33.16730652,33.83171082,91705860
2004-02-09 00:00:00+05:30,34.01398282,34.69014734,34.01398282,34.61371231,69893883
2004-02-10 00:00:00+05:30,34.80773891,35.18404025,34.43144071,34.88123703,123921417
2004-02-11 00:00:00+05:30,36.45405779,36.45405779,34.16686138,34.53140259,86968029
2004-02-12 00:00:00+05:30,34.70484955,34.97825543,34.33736833,34.55491638,82921203
2004-02-13 00:00:00+05:30,34.46377308,35.12523723,34.34324045,35.00764465,65429166
2004-02-16 00:00:00+05:30,35.16052414,35.39570934,34.7048477,34.86359787,79718871
2004-02-17 00:00:00+05:30,34.81362188,35.57210158,34.69014917,35.20462036,129142680
2004-02-18 00:00:00+05:30,35.3868884,35.8954826,35.28693611,35.56328201,158050718
2004-02-19 00:00:00+05:30,35.5779815,35.80728975,34.10511972,34.24035263,116966506
2004-02-20 00:00:00+05:30,34.16685327,34.98413074,34.1315758,34.54021454,140573064
2004-02-23 00:00:00+05:30,34.63135003,34.92533625,32.93212325,33.24080658,131518794
2004-02-24 00:00:00+05:30,32.66166151,33.43189835,32.33827789,33.264328,175812789
2004-02-25 00:00:00+05:30,33.5142045,33.5142045,32.47056205,32.64401245,97507816
2004-02-26 00:00:00+05:30,32.57346286,33.17906933,31.69150732,31.8855381,146810711
2004-02-27 00:00:00+05:30,32.07663237,32.72633654,32.04429495,32.61462402,115704849
2004-03-01 00:00:00+05:30,33.45541274,33.48187005,32.70869331,33.35545731,87320408
2004-03-02 00:00:00+05:30,33.35545731,33.35545731,33.35545731,33.35545731,0
2004-03-03 00:00:00+05:30,33.46422774,34.33147969,33.34369197,34.1521492,119271800
2004-03-04 00:00:00+05:30,33.98459021,34.33737121,33.54949407,33.72882462,59517947
2004-03-05 00:00:00+05:30,33.57300321,34.54315071,33.57300321,34.46377563,57935295
2004-03-08 00:00:00+05:30,34.57255922,35.21932333,34.53727861,35.02823257,68029504
2004-03-09 00:00:00+05:30,35.27812034,35.27812034,34.01398639,34.35500717,63969584
2004-03-10 00:00:00+05:30,34.16097021,34.21976807,33.52596336,33.7317543,57012251
2004-03-11 00:00:00+05:30,33.63180758,33.98458856,33.10263611,33.27020645,78134847
2004-03-12 00:00:00+05:30,33.19082865,33.45541436,32.63519677,33.07911301,75771967
2004-03-15 00:00:00+05:30,33.34075709,33.50245044,31.75030284,32.04722595,92765349
2004-03-16 00:00:00+05:30,31.75029997,32.62343521,31.48571429,31.85907555,119208906
2004-03-17 00:00:00+05:30,32.04429051,32.45586619,31.46514136,31.77382469,112189995
2004-03-18 00:00:00+05:30,31.86789498,31.99136766,30.30095817,30.52144623,156637254
2004-03-19 00:00:00+05:30,30.3979816,31.07708632,30.3979816,30.76546288,109745049
2004-03-22 00:00:00+05:30,29.93348091,30.74781837,29.72475302,29.85116577,90124832
2004-03-23 00:00:00+05:30,29.92760297,30.42737705,29.70711487,30.08929634,92984770
2004-03-24 00:00:00+05:30,30.10399323,30.29508396,29.73945206,30.12163353,99235162
2004-03-25 00:00:00+05:30,30.16572568,30.59200155,30.00403234,30.22452354,134606290
2004-03-26 00:00:00+05:30,30.4538351,31.1799774,30.4538351,30.90951157,105696165
2004-03-29 00:00:00+05:30,30.93596076,31.43279467,30.87422599,31.09177399,79964214
2004-03-30 00:00:00+05:30,31.16821667,31.5562751,30.9300914,30.99476624,89126542
2004-03-31 00:00:00+05:30,30.98888536,31.7503051,30.85365245,31.63565254,76872069
2004-04-01 00:00:00+05:30,31.69151141,32.79101514,31.69151141,32.68223953,108451994
2004-04-02 00:00:00+05:30,38.21794906,38.21794906,32.6763447,33.26725388,99771768
2004-04-05 00:00:00+05:30,33.33781867,34.18155353,33.33781867,33.81407547,90699433
2004-04-06 00:00:00+05:30,33.86699142,34.24328962,33.19964707,33.83171082,100026761
2004-04-07 00:00:00+05:30,34.09335037,34.15508828,33.51420136,33.74938965,58225817
2004-04-08 00:00:00+05:30,33.51421425,34.08454648,33.2496285,33.68766785,64967034
2004-04-09 00:00:00+05:30,33.68766785,33.68766785,33.68766785,33.68766785,0
2004-04-12 00:00:00+05:30,33.83760581,33.83760581,32.84981751,33.0291481,53650059
2004-04-13 00:00:00+05:30,33.16143252,33.86111755,32.65578144,33.70824432,56786920
2004-04-14 00:00:00+05:30,33.70824432,33.70824432,33.70824432,33.70824432,0
2004-04-15 00:00:00+05:30,34.03750377,34.17273668,33.07911322,33.24080658,83348366
2004-04-16 00:00:00+05:30,33.27901783,33.67589633,33.14378495,33.28783798,42428943
2004-04-19 00:00:00+05:30,33.13202931,33.47893015,32.37354968,32.49114227,57064585
2004-04-20 00:00:00+05:30,32.60286082,32.60286082,32.22067935,32.47644806,49194696
2004-04-21 00:00:00+05:30,32.3412076,33.48186537,32.33826755,33.41719055,66400273
2004-04-22 00:00:00+05:30,33.39662198,33.73764278,33.13203622,33.4407196,45343596
2004-04-23 00:00:00+05:30,33.39661487,33.79643347,33.22904456,33.35545731,50254004
2004-04-27 00:00:00+05:30,32.9262381,32.9262381,31.59448958,31.71796227,93593864
2004-04-28 00:00:00+05:30,31.75324434,32.27947571,31.58273396,31.77382469,92191757
2004-04-29 00:00:00+05:30,31.69150667,31.98549289,30.9565474,31.12117767,231388636
2004-04-30 00:00:00+05:30,33.22021826,36.75391018,30.70371453,30.95359993,104126789
2004-05-03 00:00:00+05:30,30.98593662,31.23876521,30.32153246,31.07119179,115360046
2004-05-04 00:00:00+05:30,31.50924641,37.22136097,31.1094277,31.20643997,67022825
2004-05-05 00:00:00+05:30,31.27992827,31.36518345,30.98888212,31.16233253,59745925
2004-05-06 00:00:00+05:30,31.45631957,31.9443334,31.40634186,31.77970314,82542006
2004-05-07 00:00:00+05:30,31.27992855,31.66210684,31.09177789,31.30344582,62266887
2004-05-10 00:00:00+05:30,31.14470677,31.14470677,30.29215152,30.52733994,89515010
2004-05-11 00:00:00+05:30,30.02167479,30.04519205,28.43710069,28.82515907,102120168
2004-05-12 00:00:00+05:30,28.45768669,29.36315968,28.45768669,29.20146942,87466922
2004-05-13 00:00:00+05:30,28.22249217,30.83013496,27.86971121,30.07165527,183148451
2004-05-14 00:00:00+05:30,29.98639717,30.44501049,27.70507824,28.05197906,172382661
2004-05-17 00:00:00+05:30,27.6345272,27.74623971,22.44276337,23.77157211,131182688
2004-05-18 00:00:00+05:30,25.28265221,26.92308597,24.11259361,25.50020027,189088981
2004-05-19 00:00:00+05:30,26.12050482,27.39933734,26.12050482,26.60264015,161330985
2004-05-20 00:00:00+05:30,27.78197023,27.88397826,26.41087234,26.59388542,131601070
2004-05-21 00:00:00+05:30,26.51588081,26.52188166,25.80482986,26.37187004,94462978
2004-05-24 00:00:00+05:30,27.00190879,27.48194137,26.70488765,27.23292542,94626507
2004-05-25 00:00:00+05:30,27.18192552,27.59595525,26.20085564,27.34393883,112127997
2004-05-26 00:00:00+05:30,27.60195452,28.08198714,27.32593472,27.55995178,95857508
2004-05-27 00:00:00+05:30,27.12191973,27.45494116,26.79789477,26.94490433,79936738
2004-05-28 00:00:00+05:30,26.82489748,27.05591411,25.57380878,25.96383667,124708087
2004-05-31 00:00:00+05:30,25.89183154,26.33586386,24.75175051,25.78982353,135183145
2004-06-01 00:00:00+05:30,26.10185186,26.58188615,25.93084047,26.05384827,87041132
2004-06-02 00:00:00+05:30,26.15585188,26.57888124,26.07784565,26.36886597,60172345
2004-06-03 00:00:00+05:30,26.76189821,27.13392362,25.38780149,25.70282364,100953502
2004-06-04 00:00:00+05:30,25.38180034,26.10185096,25.35779855,26.01184464,86150171
2004-06-07 00:00:00+05:30,26.10185028,26.97791334,26.10185028,26.68989182,92592591
2004-06-08 00:00:00+05:30,26.70189645,27.39494495,26.49188272,27.31694031,101752440
2004-06-09 00:00:00+05:30,27.42194229,27.49694648,26.95990899,27.04991531,71929998
2004-06-10 00:00:00+05:30,26.93591194,27.12192545,26.70189324,26.86390495,49251190
2004-06-11 00:00:00+05:30,26.82189944,26.82189944,25.80182728,25.9038353,66139259
2004-06-14 00:00:00+05:30,25.74182581,26.24586352,25.47180841,26.0958519,101537724
2004-06-15 00:00:00+05:30,26.10785003,27.15192399,26.0418455,27.03791428,95031444
2004-06-16 00:00:00+05:30,27.18192816,27.34994233,26.55788469,26.77089882,63774783
2004-06-17 00:00:00+05:30,26.96590922,27.41894123,26.3478651,27.25993156,82664096
2004-06-18 00:00:00+05:30,27.24192968,27.24192968,26.47087512,26.68688965,68899444
2004-06-21 00:00:00+05:30,26.77389954,26.87590757,25.98484392,26.07184982,81796551
2004-06-22 00:00:00+05:30,25.96983935,26.43187264,25.80182681,25.90683365,75524229
2004-06-23 00:00:00+05:30,26.13185162,26.13185162,24.55074006,24.67674828,155018820
2004-06-24 00:00:00+05:30,24.66174519,25.53180731,24.66174519,25.38479614,165338710
2004-06-25 00:00:00+05:30,25.4418042,26.19785831,25.38780136,25.89783669,115239300
2004-06-28 00:00:00+05:30,25.83183064,26.57888344,25.83183064,26.50387764,76022618
2004-06-29 00:00:00+05:30,26.4018709,26.83690362,26.07484866,26.59688568,97278354
2004-06-30 00:00:00+05:30,26.6538856,26.77689498,25.68181707,25.78082466,124211700
2004-07-01 00:00:00+05:30,26.36586943,26.39587207,25.80783051,26.31486702,69264875
2004-07-02 00:00:00+05:30,26.10185316,26.30586762,25.83183415,26.03584862,79491426
2004-07-05 00:00:00+05:30,26.06584855,26.39887326,25.75682724,25.82883263,101090115
2004-07-06 00:00:00+05:30,25.84383102,26.34186622,25.7298229,26.30586433,82780221
2004-07-07 00:00:00+05:30,26.34186622,26.58188415,26.10184989,26.30586433,102001830
2004-07-08 00:00:00+05:30,26.38087008,26.8159028,25.68782166,25.92183876,153627412
2004-07-09 00:00:00+05:30,24.00169842,26.47987417,24.00169842,26.33586502,63477442
2004-07-12 00:00:00+05:30,26.22185629,26.40186893,25.92783554,26.20685577,40268231
2004-07-13 00:00:00+05:30,26.04184819,26.32386728,25.71482434,25.83183289,32930328
2004-07-14 00:00:00+05:30,25.98784165,25.98784165,25.00377134,25.08177757,95971686
2004-07-15 00:00:00+05:30,25.24378623,25.46580159,24.91676244,25.20778275,104458217
2004-07-16 00:00:00+05:30,25.32179223,25.63981477,25.09977686,25.46880341,115001758
2004-07-19 00:00:00+05:30,25.56180908,25.73582086,25.33379287,25.42980003,86482216
2004-07-20 00:00:00+05:30,27.00191153,27.00191153,25.26178885,25.71482086,141001963
2004-07-21 00:00:00+05:30,25.86183518,26.38387221,25.79582904,26.05984879,72609926
2004-07-22 00:00:00+05:30,26.64188704,27.47894774,26.28186175,27.29593468,146069233
2004-07-23 00:00:00+05:30,27.48194603,28.123992,27.25093258,27.97698402,123313696
2004-07-26 00:00:00+05:30,27.96198018,28.74203602,27.60795576,28.640028,112749527
2004-07-27 00:00:00+05:30,28.80204047,28.98205313,27.7519688,27.90797806,218197562
2004-07-28 00:00:00+05:30,27.72196216,28.50201799,27.72196216,28.25600243,115820133
2004-07-29 00:00:00+05:30,28.50201069,28.53201172,28.15698762,28.47200966,73375939
2004-07-30 00:00:00+05:30,28.50801737,29.4320839,28.50501694,29.33607674,99586042
2004-08-02 00:00:00+05:30,29.28207566,29.76210832,29.10506344,29.64810181,99070652
2004-08-03 00:00:00+05:30,29.65710318,29.99312509,29.24607387,29.36608124,116550393
2004-08-04 00:00:00+05:30,29.46208411,29.67209777,29.01505298,29.59709358,94400616
2004-08-05 00:00:00+05:30,29.81610477,30.28413881,29.71109635,30.18213081,88993892
2004-08-06 00:00:00+05:30,30.11613471,30.17913721,29.48008962,29.63609886,76737417
2004-08-09 00:00:00+05:30,29.52209346,29.7141046,29.17106623,29.53409195,84287991
2004-08-10 00:00:00+05:30,29.58509652,29.96912521,29.40208344,29.80411148,65280341
2004-08-11 00:00:00+05:30,29.8221167,29.93012558,28.65503479,28.79904556,100072219
2004-08-12 00:00:00+05:30,28.81404269,29.03005723,28.28000557,28.51702309,88750034
2004-08-13 00:00:00+05:30,28.62202677,28.8620447,28.38201205,28.61602592,103644449
2004-08-16 00:00:00+05:30,28.45101537,28.88304765,28.28300443,28.73303604,70141579
2004-08-17 00:00:00+05:30,33.30235518,33.30235518,28.56502203,28.77803612,77742905
2004-08-18 00:00:00+05:30,28.61003189,28.61003189,28.16000021,28.23500443,61274982
2004-08-19 00:00:00+05:30,28.32200468,28.61002618,28.26800025,28.51401901,65585819
2004-08-20 00:00:00+05:30,28.53501719,28.56802185,27.7519642,27.80596542,72789714
2004-08-23 00:00:00+05:30,27.84197461,27.94397943,26.91190712,27.07691765,113176227
2004-08-24 00:00:00+05:30,27.15492179,27.5239451,27.04091208,27.21492386,102024265
2004-08-25 00:00:00+05:30,27.24192843,27.53594756,27.02891113,27.48194313,87848276
2004-08-26 00:00:00+05:30,27.6619622,27.98298523,27.55995737,27.64396286,91476846
2004-08-27 00:00:00+05:30,27.67695914,27.80596777,27.22092669,27.49394608,66799917
2004-08-30 00:00:00+05:30,27.66795523,28.10598829,27.66795523,28.03398132,49092898
2004-08-31 00:00:00+05:30,28.08498701,28.61302642,28.08498701,28.54101944,74263440
2004-09-01 00:00:00+05:30,28.5410221,28.76603791,28.44801535,28.56202507,46091600
2004-09-02 00:00:00+05:30,28.50201903,28.68203168,28.24400177,28.31900597,52386021
2004-09-03 00:00:00+05:30,28.37001028,28.49601849,28.11799386,28.43001556,54841722
2004-09-06 00:00:00+05:30,28.5080158,28.79603728,28.47501435,28.62802315,39798145
2004-09-07 00:00:00+05:30,28.56802408,29.18306619,28.56802408,29.08705902,88353107
2004-09-08 00:00:00+05:30,29.22206562,29.22206562,28.86804123,28.96404839,57944664
2004-09-09 00:00:00+05:30,29.21007199,29.24607388,28.88004773,29.14406586,71946537
2004-09-10 00:00:00+05:30,29.10206183,29.32707763,28.93105046,29.2730732,39998058
2004-09-13 00:00:00+05:30,29.45608885,29.69010595,29.11406609,29.45908928,61914508
2004-09-14 00:00:00+05:30,29.4920886,29.57309365,29.02705807,29.18306732,50156729
2004-09-15 00:00:00+05:30,29.21906752,29.51008944,29.0660587,29.26107025,46630531
2004-09-16 00:00:00+05:30,29.31207462,29.5100898,28.96705147,29.45308495,48038479
2004-09-17 00:00:00+05:30,29.73510874,30.60217055,29.71110534,30.55116653,116181307
2004-09-20 00:00:00+05:30,30.72216853,30.72216853,30.00511855,30.12512589,63388262
2004-09-21 00:00:00+05:30,30.06212599,30.54215856,29.85810998,30.45215225,70783527
2004-09-22 00:00:00+05:30,30.3621509,30.39215514,30.01112688,30.20913887,80641944
2004-09-23 00:00:00+05:30,30.06212799,30.23013892,29.88211536,30.00512314,69288360
2004-09-24 00:00:00+05:30,30.00212408,30.4071525,29.70510451,29.93312073,80391671
2004-09-27 00:00:00+05:30,29.76210471,29.84311296,29.50408747,29.72610283,49518324
2004-09-28 00:00:00+05:30,29.69610584,30.10713515,29.6421014,29.78011131,68248729
2004-09-29 00:00:00+05:30,29.83410683,30.99218702,29.63009084,30.86017799,114677444
2004-09-30 00:00:00+05:30,30.84217962,31.18720595,30.84217962,31.07619667,85039650
2004-10-01 00:00:00+05:30,31.08820413,32.10227713,30.73718009,31.99726868,94983970
2004-10-04 00:00:00+05:30,31.98226867,32.96634069,31.98226867,32.77432632,79911306
2004-10-05 00:00:00+05:30,32.76232363,32.87033251,32.24028819,32.39629745,53412698
2004-10-06 00:00:00+05:30,32.33628646,33.34735559,32.33628646,32.78331757,103549667
2004-10-07 00:00:00+05:30,32.99633557,33.8663977,32.8373259,33.53037262,95659486
2004-10-08 00:00:00+05:30,33.60237273,33.7523843,33.13133827,33.26934814,57210105
2004-10-11 00:00:00+05:30,33.30235192,33.49736664,32.70530924,32.81631851,35896923
2004-10-12 00:00:00+05:30,32.8223222,33.11934175,31.988262,32.10827255,55923086
2004-10-14 00:00:00+05:30,32.22227719,32.75631419,32.02426204,32.57630157,62169500
2004-10-15 00:00:00+05:30,32.78032303,33.41636813,32.52530298,32.78032303,81406066
2004-10-18 00:00:00+05:30,32.94232641,33.33235587,32.7623138,33.04433441,58737538
2004-10-19 00:00:00+05:30,33.19435615,33.77639688,33.12234916,33.59338379,77133714
2004-10-20 00:00:00+05:30,34.02241065,34.02241065,32.80132439,32.89133072,102341073
2004-10-21 00:00:00+05:30,32.95134054,33.17635639,32.19828836,32.35429764,85962610
2004-10-22 00:00:00+05:30,32.35429764,32.35429764,32.35429764,32.35429764,0
2004-10-25 00:00:00+05:30,32.40229572,32.64231365,32.05427212,32.21028137,119406508
2004-10-26 00:00:00+05:30,36.00255405,36.00255405,32.2312863,33.1073494,89558592
2004-10-27 00:00:00+05:30,33.15534673,33.24235262,32.29428592,32.43829346,152264923
2004-10-28 00:00:00+05:30,32.57930841,32.9123331,32.19828335,32.31829071,118056469
2004-10-29 00:00:00+05:30,32.462296,32.64230862,31.63723709,31.75124359,77086687
2004-11-01 00:00:00+05:30,31.91625881,32.08126932,31.54423186,31.79325104,68538803
2004-11-02 00:00:00+05:30,32.04225921,32.73230852,32.04225921,32.60630035,71018031
2004-11-03 00:00:00+05:30,32.69632034,32.78632667,32.29129186,32.62431335,62216919
2004-11-04 00:00:00+05:30,33.24235124,35.22249002,32.17427403,32.24028015,85779153
2004-11-05 00:00:00+05:30,32.46230019,32.62731071,32.19228123,32.42329788,44382852
2004-11-08 00:00:00+05:30,32.64231204,32.963335,32.4622994,32.54330444,58939551
2004-11-09 00:00:00+05:30,32.69630881,32.73531111,32.31528066,32.40228653,45152968
2004-11-10 00:00:00+05:30,32.4982967,32.79231901,32.4982967,32.66330719,50998492
2004-11-11 00:00:00+05:30,32.8043169,33.10734048,32.49829611,32.75631332,80185036
2004-11-12 00:00:00+05:30,33.00233575,33.11934268,32.4922989,32.73531723,17702509
2004-11-15 00:00:00+05:30,32.73531723,32.73531723,32.73531723,32.73531723,0
2004-11-16 00:00:00+05:30,32.82232605,32.82232605,32.25228387,32.69331741,68620518
2004-11-17 00:00:00+05:30,32.76232119,32.93333257,32.4773001,32.62731171,49323579
2004-11-18 00:00:00+05:30,32.70232273,32.97833938,32.318294,32.7473259,96953003
2004-11-19 00:00:00+05:30,32.13228742,32.58231919,31.39723446,31.64325333,123713592
2004-11-22 00:00:00+05:30,31.13020228,32.33028861,30.54216081,31.95526123,189682670
2004-11-23 00:00:00+05:30,31.98227004,32.12628082,31.32822548,31.70025253,117157022
2004-11-24 00:00:00+05:30,31.80225002,31.80225002,30.58416432,30.91118813,115179292
2004-11-25 00:00:00+05:30,30.60216723,31.40322282,30.00812489,30.20313644,247558475
2004-11-26 00:00:00+05:30,30.20313644,30.20313644,30.20313644,30.20313644,0
2004-11-29 00:00:00+05:30,29.88211351,30.78217659,29.22206511,30.59016228,284858794
2004-11-30 00:00:00+05:30,30.72217625,31.42422749,30.66817182,31.02519989,158185245
2004-12-01 00:00:00+05:30,31.38222938,32.21028574,31.38222938,31.65224838,86882028
2004-12-02 00:00:00+05:30,31.86825317,32.64230806,31.50822794,32.52230072,145983386
2004-12-03 00:00:00+05:30,31.21721354,32.876333,31.21721354,32.62431335,104307894
2004-12-06 00:00:00+05:30,32.64231303,32.82232567,31.72124684,31.85925674,75261674
2004-12-07 00:00:00+05:30,32.10827618,32.10827618,30.69217521,31.02519989,106320902
2004-12-08 00:00:00+05:30,31.26220409,31.50222195,30.36514158,30.47014999,104018899
2004-12-09 00:00:00+05:30,30.48816355,30.90219333,30.00212997,30.73418236,94423541
2004-12-10 00:00:00+05:30,30.78218397,30.78218397,29.74111033,29.95412445,132904782
2004-12-13 00:00:00+05:30,29.94211946,30.30214474,29.18306659,30.14313507,137602477
2004-12-14 00:00:00+05:30,30.12213482,30.48216333,29.76210951,30.35015106,85411957
2004-12-15 00:00:00+05:30,30.34415733,30.34415733,29.54009792,29.7081089,97643799
2004-12-16 00:00:00+05:30,29.70210202,29.81911216,29.28507508,29.46808815,99023093
2004-12-17 00:00:00+05:30,29.40207954,29.74410545,28.72103134,28.83504105,161103721
2004-12-20 00:00:00+05:30,29.10206308,29.32407847,28.32800805,28.84104538,295404841
2004-12-21 00:00:00+05:30,29.0120521,29.50408638,28.88604391,29.10205841,154198974
2004-12-22 00:00:00+05:30,29.27907718,29.93012447,29.10506537,29.70510864,135207331
2004-12-23 00:00:00+05:30,29.92411743,30.55716204,29.85211046,30.38014984,121328109
2004-12-24 00:00:00+05:30,30.90218728,31.5442332,30.62316705,31.4062233,131770663
2004-12-27 00:00:00+05:30,31.20220861,32.82232223,30.38315052,31.01919556,260987301
2004-12-28 00:00:00+05:30,31.19921236,31.74225073,31.1182041,31.65524483,107505941
2004-12-29 00:00:00+05:30,31.75425348,32.32729618,31.59824421,31.89226341,97058344
2004-12-30 00:00:00+05:30,32.04526653,32.33328801,31.27421204,31.38822174,94488003
2004-12-31 00:00:00+05:30,31.87726112,32.15328095,31.53823558,32.0242691,66972340
2005-01-03 00:00:00+05:30,32.36629368,32.70231878,32.03026858,32.63331223,96188867
2005-01-04 00:00:00+05:30,33.00233729,33.00233729,31.77825071,31.8772583,73639782
2005-01-05 00:00:00+05:30,31.56224105,32.00927228,30.97119903,31.79925537,112450407
2005-01-06 00:00:00+05:30,31.6822454,32.1922823,31.33721902,31.57423973,91978134
2005-01-07 00:00:00+05:30,32.10227821,32.8643316,31.65524698,32.53730774,108134977
2005-01-10 00:00:00+05:30,32.7113109,32.8763246,31.86825268,32.05126572,74712197
2005-01-11 00:00:00+05:30,32.10227361,32.10227361,31.38822392,31.54723358,59161157
2005-01-12 00:00:00+05:30,31.74225077,31.80225285,30.90819045,31.09420395,104515537
2005-01-13 00:00:00+05:30,31.50222273,31.54722588,31.11219652,31.20820045,79849238
2005-01-14 00:00:00+05:30,31.4212246,31.4212246,30.66816941,30.83618355,70329448
2005-01-17 00:00:00+05:30,30.90218267,31.08219528,30.26613769,30.69516945,70620236
2005-01-18 00:00:00+05:30,30.78818293,31.34622022,30.53316288,30.65317345,89287341
2005-01-19 00:00:00+05:30,30.84218376,31.10620508,30.67417281,30.82418442,45571602
2005-01-20 00:00:00+05:30,30.60816944,30.90218859,30.254145,30.69217491,51300805
2005-01-24 00:00:00+05:30,30.81217884,31.28321336,30.33814709,30.40415001,93907843
2005-01-25 00:00:00+05:30,30.35615036,30.59616829,29.90911917,30.09813309,114963988
2005-01-27 00:00:00+05:30,30.30814543,30.78218042,30.22413996,30.36815071,96741397
2005-01-28 00:00:00+05:30,30.42214966,31.40921857,29.40207609,31.33721161,79472072
2005-01-31 00:00:00+05:30,31.50223569,32.07227473,31.36422577,31.94026566,85855126
2005-02-01 00:00:00+05:30,32.0362692,32.82232591,31.80525254,32.57930756,112269960
2005-02-02 00:00:00+05:30,32.654308,32.84331867,31.81424703,32.0152626,68624103
2005-02-03 00:00:00+05:30,32.39028682,32.60630452,32.16227064,32.45929337,46163680
2005-02-04 00:00:00+05:30,32.64231055,32.70231583,31.94626021,32.23128128,55698469
2005-02-07 00:00:00+05:30,35.87054074,35.87054074,31.72124562,31.82325363,36173762
2005-02-08 00:00:00+05:30,31.92226395,32.20728185,31.7422513,32.03026962,50453651
2005-02-09 00:00:00+05:30,32.0572695,32.43229688,32.0452678,32.23128128,36176185
2005-02-10 00:00:00+05:30,32.27628731,32.68431619,31.91326159,32.55230713,49713070
2005-02-11 00:00:00+05:30,32.64530493,33.12233703,32.58830009,32.84631729,77901211
2005-02-14 00:00:00+05:30,33.11633856,33.1973468,32.33328564,32.61530304,53840435
2005-02-15 00:00:00+05:30,32.62131623,32.62131623,32.13228222,32.35429764,47321985
2005-02-16 00:00:00+05:30,32.34528891,32.63631084,31.92825878,32.1052742,50273330
2005-02-17 00:00:00+05:30,32.16228023,32.26728869,31.81125619,32.15328217,47137365
2005-02-18 00:00:00+05:30,32.16228119,32.57031332,31.868262,32.05427551,60691531
2005-02-21 00:00:00+05:30,32.05726671,32.33028606,31.89825386,32.07226563,46948572
2005-02-22 00:00:00+05:30,32.04226529,32.48329556,31.92525837,32.37528992,59620726
2005-02-23 00:00:00+05:30,32.38429507,33.00233761,32.38429507,32.90032959,77989467
2005-02-24 00:00:00+05:30,33.02033481,33.21234914,32.73831738,32.82232285,69616806
2005-02-25 00:00:00+05:30,33.00233491,33.05633934,32.29428611,32.41129303,55788518
2005-02-28 00:00:00+05:30,32.4142962,33.60238091,32.15327852,33.37736511,106164094
2005-03-01 00:00:00+05:30,33.45236652,33.45236652,32.67231074,32.85532379,68262594
2005-03-02 00:00:00+05:30,32.82232881,33.11934842,32.67531762,32.9813385,72767349
2005-03-03 00:00:00+05:30,33.01433185,33.75238479,33.01433185,33.51836777,90881098
2005-03-04 00:00:00+05:30,33.57537329,34.40643305,33.57537329,34.32542801,121987730
2005-03-07 00:00:00+05:30,33.31435739,35.42950899,33.31435739,35.2164917,101548550
2005-03-08 00:00:00+05:30,35.33050738,35.62152614,34.93447697,35.4685173,101433671
2005-03-09 00:00:00+05:30,35.70852415,36.04754963,35.04547852,35.27349472,106666278
2005-03-10 00:00:00+05:30,35.28249944,35.82253736,35.07248256,35.64252472,75587613
2005-03-11 00:00:00+05:30,35.76252824,36.05054972,35.13248408,35.27949524,82768457
2005-03-14 00:00:00+05:30,35.24049348,35.51651326,34.56544294,34.74245834,49492780
2005-03-15 00:00:00+05:30,34.80247256,35.04849139,34.15442561,34.25343323,70095617
2005-03-16 00:00:00+05:30,34.26543062,34.67045911,34.05841734,34.4604454,59880508
2005-03-17 00:00:00+05:30,34.14241813,34.4904417,33.49737178,33.75239182,65083999
2005-03-18 00:00:00+05:30,33.60238149,34.43643857,33.31135955,34.31343079,67256937
2005-03-21 00:00:00+05:30,34.38243956,34.6104558,33.48237308,33.5843811,38254691
2005-03-22 00:00:00+05:30,33.54838778,33.63839413,32.46831157,32.68432617,66773281
2005-03-23 00:00:00+05:30,32.64232244,34.19643375,32.36030169,33.1673584,191023424
2005-03-24 00:00:00+05:30,33.30235566,34.04640957,33.30235566,33.60237885,113013930
2005-03-28 00:00:00+05:30,33.72238412,34.40043186,33.69238309,33.96840286,56543733
2005-03-29 00:00:00+05:30,34.02241055,34.07641498,32.70831754,32.95133591,66827170
2005-03-30 00:00:00+05:30,32.88232732,33.28435855,32.34829025,32.59130859,81073602
2005-03-31 00:00:00+05:30,32.70831497,33.20635015,32.61530822,32.76531982,88299330
2005-04-01 00:00:00+05:30,33.42236647,33.99840625,32.87632773,33.8783989,70413811
2005-04-04 00:00:00+05:30,34.02241008,34.11541683,33.54837826,33.90540314,48299339
2005-04-05 00:00:00+05:30,33.95940256,34.19041919,33.21534867,33.36536026,54556466
2005-04-06 00:00:00+05:30,33.48236242,34.37642776,33.48236242,34.29841995,61530703
2005-04-07 00:00:00+05:30,34.37642867,34.61644333,33.81538789,33.92939758,51138382
2005-04-08 00:00:00+05:30,34.0224134,34.08241869,33.20635555,33.41337204,47054753
2005-04-11 00:00:00+05:30,33.42237392,33.42237392,32.70232324,32.84333038,26125348
2005-04-12 00:00:00+05:30,32.89433504,33.14335429,32.70232388,32.92433929,46659100
2005-04-13 00:00:00+05:30,33.06234103,33.17034668,32.58230521,32.73531723,28987919
2005-04-15 00:00:00+05:30,32.63632141,32.63632141,31.56524652,31.78726196,54798014
2005-04-18 00:00:00+05:30,31.62223321,31.62223321,30.90218277,31.11520004,62412014
2005-04-19 00:00:00+05:30,31.44222341,31.8322529,30.7221729,30.84218025,50673926
2005-04-20 00:00:00+05:30,30.99819189,31.91925796,30.90818558,31.80524826,60793889
2005-04-21 00:00:00+05:30,31.68223935,32.76231504,31.50222674,32.57630157,85251326
2005-04-22 00:00:00+05:30,32.82232821,32.99033917,32.17428136,32.85232925,77975210
2005-04-25 00:00:00+05:30,32.70232028,32.93033332,32.37529644,32.8043251,48498327
2005-04-26 00:00:00+05:30,32.52230427,33.04433963,32.46829983,32.83132553,54222699
2005-04-27 00:00:00+05:30,33.30236923,33.57238829,32.00027756,32.34230042,187602973
2005-04-28 00:00:00+05:30,32.39029387,33.00233879,32.00326796,32.63331223,105195802
2005-04-29 00:00:00+05:30,33.01434457,33.01434457,31.50823708,31.68524933,52691821
2005-05-02 00:00:00+05:30,31.77225029,32.13227557,31.48122836,32.03326797,43024214
2005-05-03 00:00:00+05:30,31.98225803,32.58230113,31.53522694,32.45929337,48375663
2005-05-04 00:00:00+05:30,32.52230095,32.70231357,32.22227779,32.48329544,29381639
2005-05-05 00:00:00+05:30,32.567306,32.84632624,32.35429189,32.47130203,24326384
2005-05-06 00:00:00+05:30,32.40229496,33.03233921,32.40229496,32.94833374,64922192
2005-05-09 00:00:00+05:30,32.95734002,33.29936281,32.77432692,33.20635605,44323347
2005-05-10 00:00:00+05:30,33.22734487,33.3473522,32.59129995,32.65730286,31828111
2005-05-11 00:00:00+05:30,32.52230609,32.84932671,32.38129255,32.55230713,43816108
2005-05-12 00:00:00+05:30,33.1920273,33.2842444,32.86926745,33.13977051,51668659
2005-05-13 00:00:00+05:30,33.10597326,33.13671122,32.82932184,32.96764755,24848524
2005-05-16 00:00:00+05:30,33.04447988,33.42257065,33.04447988,33.21354675,33790996
2005-05-17 00:00:00+05:30,33.32114776,33.4256581,32.27294388,32.33442307,50494417
2005-05-18 00:00:00+05:30,32.46045343,32.68177391,32.1592123,32.55881882,62603483
2005-05-19 00:00:00+05:30,32.64488948,32.89080297,32.13154693,32.23298645,42422193
2005-05-20 00:00:00+05:30,32.27601765,32.39282777,31.69812184,31.99629211,59314715
2005-05-23 00:00:00+05:30,32.21453607,32.76476801,32.09158099,32.65410614,28727787
2005-05-24 00:00:00+05:30,32.77706347,32.93690804,32.37438285,32.64488602,51323478
2005-05-25 00:00:00+05:30,32.46044863,32.82931714,32.30675232,32.62336731,56454483
2005-05-26 00:00:00+05:30,32.64488791,32.79858424,32.37131061,32.60800171,108808070
2005-05-27 00:00:00+05:30,32.65102162,33.1612898,32.54343391,32.66024399,58721979
2005-05-30 00:00:00+05:30,32.67562523,32.87235601,32.27601872,32.3866806,31958688
2005-05-31 00:00:00+05:30,32.39896603,33.06907884,32.23912478,32.89079285,75922486
2005-06-01 00:00:00+05:30,33.07522459,33.45638953,32.95226625,33.25965881,61706710
2005-06-02 00:00:00+05:30,33.44409496,33.52401559,32.49425669,32.5741806,53623380
2005-06-03 00:00:00+05:30,32.46044681,34.1695377,32.46044681,34.00662231,131507128
2005-06-06 00:00:00+05:30,34.05888987,34.80277533,33.75149717,33.95437622,87661891
2005-06-07 00:00:00+05:30,33.93592631,34.16954328,33.50558186,33.68079376,58967210
2005-06-08 00:00:00+05:30,33.89288843,34.42774975,33.8129678,34.3324585,72495426
2005-06-09 00:00:00+05:30,34.47693054,34.65829067,34.22486887,34.3693428,56698538
2005-06-10 00:00:00+05:30,34.48923573,35.00565246,34.48923573,34.83044052,88373329
2005-06-13 00:00:00+05:30,34.85194012,36.88071989,34.46770434,35.01793289,45665964
2005-06-14 00:00:00+05:30,35.10400697,35.34992041,34.72284198,35.29151535,46370063
2005-06-15 00:00:00+05:30,34.90420286,35.47287291,34.90420286,35.34684372,48590532
2005-06-16 00:00:00+05:30,35.47287729,36.57948615,35.41140139,36.28746414,115223307
2005-06-17 00:00:00+05:30,36.27209576,37.22808249,35.90322721,36.90224838,126440530
2005-06-20 00:00:00+05:30,38.42382094,39.69641578,37.89203384,38.76195145,337512174
2005-06-21 00:00:00+05:30,38.85417235,39.83781946,38.17791127,39.72408676,230734168
2005-06-22 00:00:00+05:30,39.53043204,40.57555837,39.46895286,40.24050522,179770966
2005-06-23 00:00:00+05:30,40.21898585,40.27124266,39.75790022,39.99766541,89786122
2005-06-24 00:00:00+05:30,39.89929779,40.48333846,39.53350344,40.2466507,90283194
2005-06-27 00:00:00+05:30,39.8378206,41.49773212,39.66875697,39.87778091,174238637
2005-06-28 00:00:00+05:30,41.19034054,41.19034054,38.55600419,38.70355225,140205952
2005-06-29 00:00:00+05:30,38.97712382,39.77633989,38.8972032,39.45972824,123681858
2005-06-30 00:00:00+05:30,39.83782263,40.15443762,39.14004592,39.50276947,100769540
2005-07-01 00:00:00+05:30,39.53043599,39.65339107,39.19537952,39.35214996,49208211
2005-07-04 00:00:00+05:30,39.4689604,39.9300494,39.28452611,39.61650848,53426086
2005-07-05 00:00:00+05:30,39.5919067,39.83781682,39.127747,39.22611237,65828880
2005-07-06 00:00:00+05:30,39.18308631,39.77634944,39.18308631,39.66568756,47018524
2005-07-07 00:00:00+05:30,39.43207095,39.43207095,37.4586249,37.74449539,122340039
2005-07-08 00:00:00+05:30,38.60826221,38.60826221,37.80904599,38.13488007,77600621
2005-07-11 00:00:00+05:30,38.00270548,39.10008875,38.00270548,38.97098541,57751866
2005-07-12 00:00:00+05:30,39.03245784,39.59190881,38.76502556,39.24148178,71883881
2005-07-13 00:00:00+05:30,39.34599243,39.4320613,38.67587966,38.78961563,38361489
2005-07-14 00:00:00+05:30,38.83266132,39.76712922,38.18406722,39.43822098,117997062
2005-07-15 00:00:00+05:30,39.53042815,41.19033625,39.53042815,40.98438644,99419446
2005-07-18 00:00:00+05:30,41.00590406,41.36555346,40.46489783,40.68621826,109784920
2005-07-19 00:00:00+05:30,40.82147843,41.30100887,40.64319239,40.86143875,74060628
2005-07-20 00:00:00+05:30,40.94442907,41.98955537,40.94442907,41.74979019,81588474
2005-07-21 00:00:00+05:30,41.5592075,42.19243415,41.23029932,41.69753647,69635530
2005-07-22 00:00:00+05:30,41.80513129,42.50598226,41.69139857,42.39224625,53589574
2005-07-25 00:00:00+05:30,42.50597436,42.77032926,42.08792316,42.26928329,77096196
2005-07-26 00:00:00+05:30,42.11251679,42.5674542,41.81742066,42.4906044,61723656
2005-07-27 00:00:00+05:30,42.57359807,43.33592808,42.38301885,42.96398544,105898221
2005-07-28 00:00:00+05:30,187.9577789,187.9577789,187.9577789,187.9577789,0
2005-07-29 00:00:00+05:30,42.91172674,43.76627384,42.60433742,43.24063492,106627570
2005-08-01 00:00:00+05:30,43.21912779,43.64332401,42.81951798,43.51114655,62404620
2005-08-02 00:00:00+05:30,43.76627934,45.89034758,43.7109484,45.58295822,127336266
2005-08-03 00:00:00+05:30,46.71106257,46.71721081,43.68941399,43.92610168,366024503
2005-08-04 00:00:00+05:30,44.07981944,46.45594951,44.07981944,44.82985306,202590728
2005-08-05 00:00:00+05:30,44.8790367,45.4876705,44.40872862,44.61775589,112590409
2005-08-08 00:00:00+05:30,46.09629252,49.12101599,43.47117547,43.72938538,155661566
2005-08-09 00:00:00+05:30,43.89538136,44.55934603,43.1945305,43.50499725,124684979
2005-08-10 00:00:00+05:30,44.24580503,44.42716516,43.60028187,44.23043442,102268684
2005-08-11 00:00:00+05:30,44.42716211,44.8482874,43.8338958,44.1166954,92569484
2005-08-12 00:00:00+05:30,44.25194539,44.43023136,43.16685565,43.29288483,90467352
2005-08-16 00:00:00+05:30,43.31134016,43.64946745,42.85639947,43.02239227,72875687
2005-08-17 00:00:00+05:30,43.03468404,44.14128949,42.72729144,43.95378113,98007171
2005-08-18 00:00:00+05:30,44.26425679,45.73973114,43.35745594,43.54803848,121478124
2005-08-19 00:00:00+05:30,46.10858801,46.10858801,43.22833524,43.38817978,90752944
2005-08-22 00:00:00+05:30,43.6310251,43.8707903,42.70270556,42.99165344,70989812
2005-08-23 00:00:00+05:30,43.34206829,43.4342854,41.99262369,42.12172699,92582004
2005-08-24 00:00:00+05:30,42.2354703,42.85025224,41.99570512,42.7180748,96855547
2005-08-25 00:00:00+05:30,43.00395229,43.08387622,42.60127165,42.81029892,100857642
2005-08-26 00:00:00+05:30,43.00088205,43.27446266,42.64123582,42.9578476,50759283
2005-08-29 00:00:00+05:30,43.40355486,44.57163956,42.6074128,43.05620193,63972553
2005-08-30 00:00:00+05:30,43.21912676,43.63717801,42.97628741,43.50192642,62999919
2005-08-31 00:00:00+05:30,43.77242617,44.49479261,43.54188334,44.22736359,93999740
2005-09-01 00:00:00+05:30,44.20276487,44.84521054,44.20276487,44.67614365,74764182
2005-09-02 00:00:00+05:30,44.57163987,45.03887376,44.27039551,44.90976715,69581739
2005-09-05 00:00:00+05:30,45.00199088,45.327825,44.76837391,44.90055466,52224536
2005-09-06 00:00:00+05:30,44.87903261,45.180277,44.60238121,44.81140518,43420875
2005-09-08 00:00:00+05:30,45.12494244,45.83193822,45.08498213,45.41081619,74357032
2005-09-09 00:00:00+05:30,45.49380968,45.801199,45.16182738,45.59524918,57343021
2005-09-12 00:00:00+05:30,45.81657211,46.34835602,45.74894468,46.26228714,52799613
2005-09-13 00:00:00+05:30,46.29303063,46.68956299,46.10552224,46.24999619,76416716
2005-09-14 00:00:00+05:30,46.10859245,46.47746096,45.28170916,45.55221558,59383645
2005-09-15 00:00:00+05:30,45.5860301,46.96621294,45.19256859,46.7725563,76116756
2005-09-16 00:00:00+05:30,46.96621046,47.20597564,46.47438688,46.9723587,54661723
2005-09-19 00:00:00+05:30,47.60866167,51.64162925,46.60042142,46.98158646,53922696
2005-09-20 00:00:00+05:30,47.03076601,48.01441321,46.47746323,47.82690811,135365077
2005-09-21 00:00:00+05:30,47.95293332,48.26032263,46.10859087,48.091259,160400406
2005-09-22 00:00:00+05:30,48.19884247,48.19884247,46.10858678,46.382164,117798830
2005-09-23 00:00:00+05:30,47.21519165,47.21519165,45.43847351,45.97026062,147985891
2005-09-26 00:00:00+05:30,46.10859429,48.16810909,46.10859429,47.9683075,90435660
2005-09-27 00:00:00+05:30,48.56157713,48.93659394,47.95601746,48.444767,99754361
2005-09-28 00:00:00+05:30,48.56771359,49.40689003,48.260321,49.2101593,97726775
2005-09-29 00:00:00+05:30,49.18249271,50.00630183,49.18249271,49.69276428,99975589
2005-09-30 00:00:00+05:30,49.55137686,49.79114209,48.01442009,48.7859726,120956922
2005-10-03 00:00:00+05:30,48.26032895,49.35464136,48.26032895,48.82900238,67338023
2005-10-04 00:00:00+05:30,48.93658542,49.72965336,48.8320718,49.59132767,60690606
2005-10-05 00:00:00+05:30,49.67432713,49.79113725,49.06261926,49.30853271,53923117
2005-10-06 00:00:00+05:30,49.18250509,49.18250509,48.37714379,48.61997986,83636940
2005-10-07 00:00:00+05:30,48.87203331,48.87203331,47.68858126,48.46935272,111805490
2005-10-10 00:00:00+05:30,48.50623905,48.74600424,47.97137774,48.13429642,52026164
2005-10-11 00:00:00+05:30,48.38328368,48.61690062,47.4611124,48.49394226,53107808
2005-10-13 00:00:00+05:30,48.3033573,48.74600146,47.52873412,47.66091156,84604085
2005-10-14 00:00:00+05:30,47.64555131,47.7930961,46.8155938,46.96006775,102288851
2005-10-17 00:00:00+05:30,47.79309354,47.94064161,46.66497238,47.39963531,87172339
2005-10-18 00:00:00+05:30,47.79002245,48.03901003,46.01638125,46.50513077,87963924
2005-10-19 00:00:00+05:30,46.11781596,46.58812401,45.18642225,45.94260406,122569754
2005-10-20 00:00:00+05:30,46.41598696,47.0860999,45.31245545,45.9948616,106523223
2005-10-21 00:00:00+05:30,46.35450022,47.52258484,45.69361304,47.41192627,133090971
2005-10-24 00:00:00+05:30,47.35044259,47.67320248,46.35449581,46.54507828,68344505
2005-10-25 00:00:00+05:30,46.78792837,47.91605284,46.72644919,47.19060898,70279578
2005-10-26 00:00:00+05:30,47.33200395,47.63939655,46.80636831,46.94161987,59117043
2005-10-27 00:00:00+05:30,47.09224281,47.32585977,45.81042533,46.12703705,148738838
2005-10-28 00:00:00+05:30,46.41598039,46.64037495,45.34011286,45.59217453,86146124
2005-10-31 00:00:00+05:30,45.34011437,47.02461562,45.34011437,46.87706757,66613295
2005-11-02 00:00:00+05:30,46.95391365,47.9160485,46.52356925,47.81153488,72144349
2005-11-04 00:00:00+05:30,47.81153488,47.81153488,47.81153488,47.81153488,0
2005-11-07 00:00:00+05:30,47.02462367,48.61075982,47.02462367,48.444767,71521727
2005-11-08 00:00:00+05:30,48.87510437,48.87510437,48.10662944,48.59537888,60874064
2005-11-09 00:00:00+05:30,48.6906731,49.23782762,48.38943202,48.63841629,59545592
2005-11-10 00:00:00+05:30,48.77674212,48.89662636,48.14351871,48.30335999,45070188
2005-11-11 00:00:00+05:30,48.38328359,49.44378056,48.38328359,48.89970016,70424608
2005-11-14 00:00:00+05:30,48.87511403,49.36693768,48.32795943,49.08721542,44978599
2005-11-16 00:00:00+05:30,49.24397347,50.35057895,49.24397347,50.25529099,80866742
2005-11-17 00:00:00+05:30,45.1864075,51.14671052,45.1864075,50.98379517,83636814
2005-11-18 00:00:00+05:30,51.14671401,51.33422236,50.63337166,50.79014206,52042255
2005-11-21 00:00:00+05:30,50.78092502,51.26352948,50.46123922,50.96843338,72091861
2005-11-22 00:00:00+05:30,51.00224901,51.57706731,50.1046675,50.36902237,96006908
2005-11-23 00:00:00+05:30,50.47354148,51.26660946,50.32906754,51.14979935,80664015
2005-11-24 00:00:00+05:30,51.21127075,52.1580349,51.21127075,51.89367676,82044219
2005-11-25 00:00:00+05:30,52.01049184,52.01049184,51.41722877,51.80453873,65803378
2005-11-28 00:00:00+05:30,52.01049724,52.25640741,51.81069235,52.12730408,52587586
2005-11-29 00:00:00+05:30,52.20722298,53.23083046,51.67850992,52.14266968,113205258
2005-11-30 00:00:00+05:30,52.26869276,52.59145267,50.9715049,51.19282532,88891688
2005-12-01 00:00:00+05:30,51.21127966,51.8445031,51.04221273,51.61396027,85128004
2005-12-02 00:00:00+05:30,51.76458854,52.2072328,51.33424077,51.60474396,56707221
2005-12-05 00:00:00+05:30,52.07195942,52.37320374,51.3957017,51.65698242,53802777
2005-12-06 00:00:00+05:30,51.76456666,52.05966271,51.02682982,51.44180679,70506198
2005-12-07 00:00:00+05:30,51.64162354,52.25025723,50.96536243,51.85372162,73922461
2005-12-08 00:00:00+05:30,52.25639777,52.39164932,51.3495972,52.01970673,66309469
2005-12-09 00:00:00+05:30,51.64161587,53.1724206,51.64161587,53.07712936,90717219
2005-12-12 00:00:00+05:30,53.24620288,53.69499204,52.87426024,53.06791687,37374178
2005-12-13 00:00:00+05:30,53.23391154,53.76262135,52.82815352,53.58433533,56156161
2005-12-14 00:00:00+05:30,53.49518988,53.69499147,52.62527212,52.99106979,55358288
2005-12-15 00:00:00+05:30,53.11710012,53.17243106,51.58629509,51.96438599,73842272
2005-12-16 00:00:00+05:30,52.25640624,52.50231969,51.77073087,52.21644592,67600031
2005-12-19 00:00:00+05:30,52.50232342,52.96340912,52.50232342,52.69598007,34209980
2005-12-20 00:00:00+05:30,52.85889279,53.28309226,52.39473299,52.53613281,50743906
2005-12-21 00:00:00+05:30,52.63141408,53.08020646,52.1979956,52.88040161,52644388
2005-12-22 00:00:00+05:30,53.11709772,53.47059561,52.45313309,52.62220001,80228450
2005-12-23 00:00:00+05:30,52.56379338,52.8711827,51.65391535,51.81990814,81345567
2005-12-26 00:00:00+05:30,51.64161769,51.7584245,50.84240159,51.19282532,74546889
2005-12-27 00:00:00+05:30,51.33423817,53.47982536,50.9131128,53.29539108,82522974
2005-12-28 00:00:00+05:30,53.48596739,54.70938304,53.36301231,53.6396637,151772052
2005-12-29 00:00:00+05:30,53.36301418,55.02292255,53.36301418,54.78315735,127220281
2005-12-30 00:00:00+05:30,55.20735486,55.38257333,54.4235125,54.6724968,69291357
2006-01-02 00:00:00+05:30,54.89996134,55.45326406,54.72474618,55.19813156,51281633
2006-01-03 00:00:00+05:30,55.29957405,56.79964123,55.0844051,56.5598793,68687753
2006-01-04 00:00:00+05:30,56.62135156,57.54352287,56.55987566,57.16543198,60512596
2006-01-05 00:00:00+05:30,57.35908604,57.5435203,56.55987313,56.66438675,74344078
2006-01-06 00:00:00+05:30,56.66438392,57.26379193,56.1356676,56.60290146,89054027
2006-01-09 00:00:00+05:30,56.74430463,56.89799765,55.71147154,55.95430756,87383441
2006-01-10 00:00:00+05:30,55.8836095,55.94509196,54.60794039,54.96758652,134444371
2006-01-12 00:00:00+05:30,53.06176307,55.14587064,53.06176307,54.52186966,275574236
2006-01-13 00:00:00+05:30,54.71245451,55.14587302,54.28825508,54.4173584,141888428
2006-01-16 00:00:00+05:30,54.59258106,54.59258106,53.12940328,53.66733551,215346951
2006-01-17 00:00:00+05:30,53.80873113,57.60500757,53.61200037,57.08243942,632289604
2006-01-18 00:00:00+05:30,57.08244151,71.57691443,57.08244151,68.26079559,533724706
2006-01-19 00:00:00+05:30,68.88071934,71.79831201,68.03446836,69.32352448,89000074
2006-01-20 00:00:00+05:30,69.56954326,69.80570562,69.0775389,69.29402161,33771785
2006-01-23 00:00:00+05:30,69.07751436,69.47112034,68.2903024,69.11195374,36528785
2006-01-24 00:00:00+05:30,69.86472734,70.25833336,67.79338566,68.2361908,98982821
2006-01-25 00:00:00+05:30,68.4871039,68.86103023,67.40469734,67.73925781,117047947
2006-01-27 00:00:00+05:30,68.37887911,69.1956041,68.36903928,68.74787903,54941663
2006-01-30 00:00:00+05:30,68.88070746,70.67160734,68.88070746,69.96804047,63495319
2006-01-31 00:00:00+05:30,69.70727849,70.8290443,69.70727849,70.24848175,54326385
2006-02-01 00:00:00+05:30,70.31737143,70.73065709,68.97911623,69.3530426,43206477
2006-02-02 00:00:00+05:30,69.85490088,70.44531002,68.97913027,69.73190308,43943959
2006-02-03 00:00:00+05:30,69.56953335,69.56953335,68.38872173,68.54616547,30004832
2006-02-06 00:00:00+05:30,68.3887043,71.11933335,67.25709208,70.88317108,83346920
2006-02-07 00:00:00+05:30,70.90285492,71.19313621,69.52032063,70.90285492,59512226
2006-02-08 00:00:00+05:30,70.84380625,71.04552915,70.25832378,70.50432587,59064976
2006-02-10 00:00:00+05:30,70.35671944,71.19805036,70.35671944,70.80936432,45202538
2006-02-13 00:00:00+05:30,70.35674349,70.94715262,70.35674349,70.53386688,27743423
2006-02-14 00:00:00+05:30,70.35672608,71.27677565,70.07136469,70.27800751,57810973
2006-02-15 00:00:00+05:30,70.07135085,70.74047828,68.53629962,69.05782318,67014266
2006-02-16 00:00:00+05:30,69.05783586,69.80568198,68.29522344,68.59043121,35513864
2006-02-17 00:00:00+05:30,69.17592918,69.61873437,67.89671929,68.2066803,40528581
2006-02-20 00:00:00+05:30,68.29031127,69.22020075,67.79830701,69.08244324,28227011
2006-02-21 00:00:00+05:30,69.08244251,69.47112862,68.31983658,68.65931702,29401892
2006-02-22 00:00:00+05:30,68.80692437,69.42192643,68.68392002,69.26940918,25688530
2006-02-23 00:00:00+05:30,69.37272602,69.5547693,68.3936374,68.91516113,54348189
2006-02-24 00:00:00+05:30,69.0775096,69.60887304,68.78230185,69.16114807,21010408
2006-02-27 00:00:00+05:30,69.17590241,69.45634384,68.5855001,68.89054108,47238261
2006-02-28 00:00:00+05:30,69.24971242,70.34687866,68.41822134,69.7515564,67553448
2006-03-01 00:00:00+05:30,69.66791402,70.24848315,69.08735146,69.69252014,39579019
2006-03-02 00:00:00+05:30,69.86472273,70.75033294,69.56952152,70.17469025,33440448
2006-03-03 00:00:00+05:30,70.35672151,70.65192927,69.69252047,70.43052673,36620586
2006-03-06 00:00:00+05:30,70.55352609,72.21650181,70.55352609,72.04922485,53639371
2006-03-07 00:00:00+05:30,72.15746155,72.81674924,71.73433612,72.07874298,47205302
2006-03-08 00:00:00+05:30,72.12795493,72.12795493,70.0270937,70.83890533,61494358
2006-03-09 00:00:00+05:30,71.24234539,71.70483019,70.01233472,71.51294708,40411075
2006-03-10 00:00:00+05:30,71.93114652,72.61011393,71.55230682,71.97542572,30233677
2006-03-13 00:00:00+05:30,71.98033803,72.93975339,71.93113893,72.35918427,34700724
2006-03-14 00:00:00+05:30,72.22635581,73.45637308,71.74911126,73.06276703,32703088
2006-03-16 00:00:00+05:30,73.30875409,75.76878155,73.062752,75.62117767,77186860
2006-03-17 00:00:00+05:30,75.76879239,76.94468399,75.08982495,76.26571655,55913414
2006-03-20 00:00:00+05:30,76.42808311,76.75280383,75.8179944,76.56092072,21719690
2006-03-21 00:00:00+05:30,76.75280179,78.22882113,76.21159843,76.79708099,38242210
2006-03-22 00:00:00+05:30,77.04307335,77.39240013,74.64701122,76.01478577,44707366
2006-03-23 00:00:00+05:30,76.90040832,77.19068966,75.63595169,76.49204254,33847162
2006-03-24 00:00:00+05:30,76.35920294,77.24481331,76.35920294,76.96929169,24725660
2006-03-27 00:00:00+05:30,77.34322618,78.49451847,77.34322618,78.16487122,26706864
2006-03-28 00:00:00+05:30,78.22881557,78.425612,77.50064249,77.82044983,16031818
2006-03-29 00:00:00+05:30,78.32721463,78.50433799,77.46620395,78.10581207,16167392
2006-03-30 00:00:00+05:30,78.32721081,79.39978417,77.5400054,78.29769135,28515650
2006-03-31 00:00:00+05:30,78.71589718,79.5080225,77.54000568,78.26325226,73076882
2006-04-03 00:00:00+05:30,78.81921466,81.96804942,78.81921466,81.55476379,44027176
2006-04-04 00:00:00+05:30,81.7712561,82.95206763,81.67777121,82.33705902,34384454
2006-04-05 00:00:00+05:30,82.95206444,83.14886745,82.16485897,82.70606232,39932982
2006-04-07 00:00:00+05:30,83.0996622,83.27678555,81.63840275,82.0123291,37107883
2006-04-10 00:00:00+05:30,81.96804867,82.82413282,81.09719822,82.28784943,40280750
2006-04-12 00:00:00+05:30,82.17469118,84.49695465,80.79707681,81.54984283,82064393
2006-04-13 00:00:00+05:30,81.67284656,83.9262247,81.39731843,83.29646301,76596896
2006-04-17 00:00:00+05:30,83.64087009,84.32967733,83.2571039,83.78355408,26106094
2006-04-18 00:00:00+05:30,84.01480304,88.14272686,84.01480304,87.70484161,71843982
2006-04-19 00:00:00+05:30,88.45269239,91.70976581,87.97052792,90.70607758,93268219
2006-04-20 00:00:00+05:30,92.00496365,98.37151289,92.00496365,97.66794586,130476958
2006-04-21 00:00:00+05:30,98.40102087,99.18823287,93.82537245,95.9360733,75692148
2006-04-24 00:00:00+05:30,95.94099568,98.35182429,95.05539201,96.15747833,58418086
2006-04-25 00:00:00+05:30,96.1870122,96.9250186,93.57938037,93.98282623,30839609
2006-04-26 00:00:00+05:30,94.46497644,96.62979622,93.69253077,96.30015564,41957400
2006-04-27 00:00:00+05:30,96.62979756,103.3210665,96.62979756,98.19929504,86212039
2006-04-28 00:00:00+05:30,96.92500386,99.48342962,95.54738948,99.2767868,54765263
2006-05-02 00:00:00+05:30,100.86107,102.6224444,100.7626652,101.4662323,26648041
2006-05-03 00:00:00+05:30,101.4711235,102.5338504,100.4772688,101.8991623,23390951
2006-05-04 00:00:00+05:30,102.5338685,110.2878651,102.3370655,106.2927856,124128451
2006-05-05 00:00:00+05:30,106.6371971,109.1267445,106.4699136,108.1673355,52275053
2006-05-08 00:00:00+05:30,109.7171656,115.0308283,109.4219643,113.6532135,67921200
2006-05-09 00:00:00+05:30,114.1451891,115.0996781,111.7835662,113.5646133,63383719
2006-05-10 00:00:00+05:30,114.1451911,115.6212038,111.9065594,115.10952,89270042
2006-05-11 00:00:00+05:30,115.6212014,116.5461709,108.3395232,109.249733,106032727
2006-05-12 00:00:00+05:30,110.263285,110.263285,104.0099,104.9791489,74881301
2006-05-15 00:00:00+05:30,105.2891023,105.2891023,99.53756187,100.5314102,85087660
2006-05-16 00:00:00+05:30,100.8561374,103.8032496,96.03940632,102.7011566,109591379
2006-05-17 00:00:00+05:30,105.2103933,107.4490122,103.8130989,106.8832092,51148724
2006-05-18 00:00:00+05:30,104.7971039,105.2694286,97.66302861,98.87335968,83552753
2006-05-19 00:00:00+05:30,99.38503669,104.3050924,94.61259149,96.24604797,122474060
2006-05-22 00:00:00+05:30,97.9090178,98.3026238,82.6568606,91.45391083,112969668
2006-05-23 00:00:00+05:30,92.39857374,96.43301949,90.64703924,95.16364288,73477471
2006-05-24 00:00:00+05:30,95.64579871,95.64579871,85.1168867,92.35428619,100243526
2006-05-25 00:00:00+05:30,92.92993016,94.66179145,90.77494993,93.48097992,79605105
2006-05-26 00:00:00+05:30,94.46497143,97.59412636,93.73188509,94.31736755,58021662
2006-05-29 00:00:00+05:30,94.6617886,96.23620612,93.57937532,94.06645966,32605426
2006-05-30 00:00:00+05:30,94.43546039,96.18700117,92.98896721,93.96805573,31027558
2006-05-31 00:00:00+05:30,92.3001585,94.75033971,89.74173269,93.88933563,79677166
2006-06-01 00:00:00+05:30,96.04760093,96.04760093,92.06635374,92.10118866,78184283
2006-06-02 00:00:00+05:30,92.56399096,95.74899076,92.07131241,95.36081696,49858174
2006-06-05 00:00:00+05:30,95.74900921,96.61493249,92.07133015,92.10118866,51169635
2006-06-06 00:00:00+05:30,91.56870171,92.06635679,89.57807472,90.22502899,73627018
2006-06-07 00:00:00+05:30,90.07572772,91.56869283,87.47298164,88.88134766,100805037
2006-06-08 00:00:00+05:30,87.69691444,88.08508823,80.32165882,82.18289185,104511487
2006-06-09 00:00:00+05:30,81.11792136,92.48438505,81.11792136,91.84240723,98846897
2006-06-12 00:00:00+05:30,91.36961556,94.35555197,88.91119926,89.68256378,61593736
2006-06-13 00:00:00+05:30,88.58275588,88.58275588,84.7010373,85.46245575,63382091
2006-06-14 00:00:00+05:30,86.09448233,88.88135611,83.9247043,85.44255829,75101186
2006-06-15 00:00:00+05:30,87.28885783,89.57806977,86.84096695,89.11524963,52498149
2006-06-16 00:00:00+05:30,90.37433305,94.05698885,90.37433305,91.72795868,60863192
2006-06-19 00:00:00+05:30,91.36963222,93.55932242,89.87666707,92.93227386,35025945
2006-06-20 00:00:00+05:30,92.56401558,93.16120569,91.17057863,92.06636047,39634604
2006-06-21 00:00:00+05:30,92.56400457,96.39595905,91.36963113,95.96299744,56845197
2006-06-22 00:00:00+05:30,96.54524099,98.8742706,96.26655499,97.05284882,42457577
2006-06-23 00:00:00+05:30,96.34619323,101.173458,94.76365249,100.7156143,52768668
2006-06-26 00:00:00+05:30,101.0241695,101.900039,97.29174971,97.66001129,61659515
2006-06-27 00:00:00+05:30,98.83447743,100.6160882,97.49578113,98.11287689,109435620
2006-06-28 00:00:00+05:30,95.76392734,100.1283715,95.76392734,99.62574005,56030177
2006-06-29 00:00:00+05:30,101.9099799,102.5171227,99.68048505,100.3622742,52730100
2006-06-30 00:00:00+05:30,102.0095059,105.9011769,102.0095059,105.488121,52072458
2006-07-03 00:00:00+05:30,105.6672882,107.4638282,104.9357349,106.6078644,38339251
2006-07-04 00:00:00+05:30,106.4983595,107.8619376,106.2992962,106.966156,31663257
2006-07-05 00:00:00+05:30,106.8964818,109.3847567,106.0156295,108.9020309,38295941
2006-07-06 00:00:00+05:30,107.4837359,108.5885339,106.6128362,107.8171692,37355775
2006-07-07 00:00:00+05:30,108.8871101,108.8871101,102.1438721,102.6763687,57829355
2006-07-10 00:00:00+05:30,103.1143197,104.4928206,101.8403169,103.8408966,39154175
2006-07-11 00:00:00+05:30,104.0100835,104.7814548,103.1342141,104.4281158,30355671
2006-07-12 00:00:00+05:30,103.1342065,109.4842938,100.6359721,109.2902069,64260537
2006-07-13 00:00:00+05:30,108.1157567,108.9866564,106.5332094,107.0408173,29174001
2006-07-14 00:00:00+05:30,106.0007035,107.7922667,104.5823848,106.408783,28412300
2006-07-17 00:00:00+05:30,105.3040063,106.3391278,102.2931871,102.6564789,25732995
2006-07-18 00:00:00+05:30,102.8156987,103.5124169,98.44628521,99.96910858,55770770
2006-07-19 00:00:00+05:30,100.5265013,102.5071754,97.25690188,97.8441391,58942316
2006-07-20 00:00:00+05:30,99.23260101,100.5265029,98.06310961,99.073349,63024777
2006-07-21 00:00:00+05:30,98.53587713,99.03353217,95.11200223,96.30139923,58215228
2006-07-24 00:00:00+05:30,95.7489961,97.04289777,93.70860529,96.69454193,46571895
2006-07-25 00:00:00+05:30,98.01831048,98.63539951,97.24196282,98.31690216,27579168
2006-07-26 00:00:00+05:30,98.53586783,100.01888,97.65003902,99.52122498,25801706
2006-07-27 00:00:00+05:30,100.0188794,101.1037715,98.36168601,99.54113007,40973706
2006-07-28 00:00:00+05:30,100.3971165,100.3971165,96.94338292,97.4460144,31577196
2006-07-31 00:00:00+05:30,98.33681473,99.33212481,97.15239413,97.42112732,29046931
2006-08-01 00:00:00+05:30,96.94337087,98.6304228,96.94337087,97.69980621,30444199
2006-08-02 00:00:00+05:30,97.44104465,98.97880437,97.44104465,98.62546539,18028876
2006-08-03 00:00:00+05:30,99.03354864,100.3274573,97.67494657,98.33683014,34767693
2006-08-04 00:00:00+05:30,98.33681889,99.4814282,95.77389066,96.32628632,43700494
2006-08-07 00:00:00+05:30,96.34619581,96.41587231,94.7537022,95.0473175,21285415
2006-08-08 00:00:00+05:30,95.10205588,97.5107152,95.0522917,97.2569046,19332271
2006-08-09 00:00:00+05:30,97.25691414,99.172895,96.54526639,98.33683014,29473831
2006-08-10 00:00:00+05:30,98.33680081,98.53586413,96.2665516,97.43604279,23640138
2006-08-11 00:00:00+05:30,98.12781767,101.0241796,97.04292521,100.6260529,48343496
2006-08-14 00:00:00+05:30,101.0241556,102.716184,99.75015285,102.4424744,23130442
2006-08-16 00:00:00+05:30,103.014784,105.0054109,102.9252085,104.1593933,36026229
2006-08-17 00:00:00+05:30,105.4035277,106.8964995,103.318349,106.110199,46844190
2006-08-18 00:00:00+05:30,106.29932,107.344401,104.408228,105.0949936,18878851
2006-08-21 00:00:00+05:30,105.0054308,106.9860985,104.0101138,106.2595215,20695564
2006-08-22 00:00:00+05:30,107.4936829,107.9813851,105.0601482,105.9808121,27080339
2006-08-23 00:00:00+05:30,105.7021297,106.8865503,105.0203405,105.6921768,20861526
2006-08-24 00:00:00+05:30,105.5030634,111.4550249,104.70681,110.1660995,49476974
2006-08-25 00:00:00+05:30,110.9772655,111.9725755,109.5838288,110.5443039,41967707
2006-08-28 00:00:00+05:30,110.7782035,111.8630957,110.1959494,111.6839447,18145464
2006-08-29 00:00:00+05:30,112.4602885,113.4555986,110.9772762,111.3604736,34556191
2006-08-30 00:00:00+05:30,110.9772761,112.9678963,110.1909821,112.3508072,28771180
2006-08-31 00:00:00+05:30,103.5124296,113.0475242,103.5124296,111.2111664,44955888
2006-09-01 00:00:00+05:30,110.9772582,112.3109777,110.9772582,111.7237473,18774303
2006-09-04 00:00:00+05:30,111.9775631,113.2615187,111.9775631,112.6294937,21722805
2006-09-05 00:00:00+05:30,111.9725649,112.9678748,111.0767899,112.0671234,13024825
2006-09-06 00:00:00+05:30,112.0721048,114.0627381,111.8730481,113.2167206,31321902
2006-09-07 00:00:00+05:30,112.9678918,112.9678918,111.5047852,112.0422516,24551500
2006-09-08 00:00:00+05:30,112.4702298,112.9131508,110.7284373,112.5498657,39334302
2006-09-11 00:00:00+05:30,112.6693107,112.962926,107.7922819,108.2600784,41672348
2006-09-12 00:00:00+05:30,108.688057,110.4547384,106.806918,110.1660995,50741607
2006-09-13 00:00:00+05:30,110.6587742,112.0024402,110.5791516,111.0917358,35040119
2006-09-14 00:00:00+05:30,111.4749087,113.1569907,111.0568831,112.1069336,27713657
2006-09-15 00:00:00+05:30,112.1716432,113.8636649,110.902617,113.5252686,26321350
2006-09-18 00:00:00+05:30,113.9632302,114.5255721,111.9875324,112.8136444,24127707
2006-09-19 00:00:00+05:30,112.9678993,114.0030341,110.3800957,111.2609482,26778672
2006-09-20 00:00:00+05:30,110.8777505,112.6494084,109.9869451,112.2861099,27366195
2006-09-21 00:00:00+05:30,112.7837768,113.8338209,112.4951313,113.3560715,32394562
2006-09-22 00:00:00+05:30,112.9430299,115.3466996,112.2711935,115.0580673,46463515
2006-09-25 00:00:00+05:30,115.4362583,116.9491289,115.0580374,115.7647018,37707061
2006-09-26 00:00:00+05:30,115.8543131,117.6458634,115.471109,117.3572311,33132674
2006-09-27 00:00:00+05:30,118.0439807,119.1189267,116.4763627,116.8545837,21181864
2006-09-28 00:00:00+05:30,116.5709225,117.4467986,115.7547635,116.2524185,33521163
2006-09-29 00:00:00+05:30,118.4222046,118.4222046,116.3619146,116.6256714,17727148
2006-10-03 00:00:00+05:30,115.978702,117.0835064,115.4561716,115.6353226,9095349
2006-10-04 00:00:00+05:30,115.953826,116.1528827,113.7641361,114.3663025,44511779
2006-10-05 00:00:00+05:30,115.4561628,115.8941007,114.5205699,114.948555,35692547
2006-10-06 00:00:00+05:30,116.0533586,116.8894232,114.6599219,115.7398376,23645475
2006-10-09 00:00:00+05:30,114.9585359,116.1529027,114.4708336,114.8042603,14470574
2006-10-10 00:00:00+05:30,115.4561878,115.9339372,114.1672491,114.5504532,11522501
2006-10-11 00:00:00+05:30,114.9585202,115.6452791,113.3162494,113.7939987,23692513
2006-10-12 00:00:00+05:30,113.9084743,116.7500952,113.6894986,116.3270798,34037745
2006-10-13 00:00:00+05:30,116.7500882,119.0343235,116.7500882,118.5117798,47385989
2006-10-16 00:00:00+05:30,118.9397813,121.3285284,118.8402529,120.7711563,38044671
2006-10-17 00:00:00+05:30,120.9304041,121.6072102,119.9450335,120.9503098,22184239
2006-10-18 00:00:00+05:30,119.6563826,121.4778043,119.6563826,120.2834244,21577563
2006-10-19 00:00:00+05:30,120.8308652,120.8308652,118.1037085,119.1487961,32234690
2006-10-20 00:00:00+05:30,120.0147322,121.3583917,119.4374411,119.7907867,33183754
2006-10-23 00:00:00+05:30,119.4374081,119.5269836,118.6113096,118.8253021,15570647
2006-10-26 00:00:00+05:30,118.4421009,118.8402275,116.4514809,116.9441528,21219811
2006-10-27 00:00:00+05:30,117.8349934,122.1347383,117.4567723,121.6968002,41792532
2006-10-30 00:00:00+05:30,121.92571,123.4186751,120.6467242,123.0354843,17880493
2006-10-31 00:00:00+05:30,122.9210351,123.3191619,121.2538886,122.0252533,17921966
2006-11-01 00:00:00+05:30,121.5275865,126.205552,121.438011,125.8472366,48093538
2006-11-02 00:00:00+05:30,126.2055385,129.2909968,125.2599927,127.733345,36317956
2006-11-03 00:00:00+05:30,128.3952035,128.5843073,126.2055139,128.166275,28470721
2006-11-06 00:00:00+05:30,127.9970822,130.8834834,127.4247744,129.8384094,30595173
2006-11-07 00:00:00+05:30,130.1868065,130.9780902,127.9125236,128.5246429,31880044
2006-11-08 00:00:00+05:30,128.524619,128.8630154,123.5530387,124.6379242,42717762
2006-11-09 00:00:00+05:30,125.0111885,126.0662291,123.7969159,125.4690323,35843381
2006-11-10 00:00:00+05:30,126.106013,128.7634862,124.7274989,127.9274216,30040836
2006-11-13 00:00:00+05:30,128.1961516,128.9924049,127.5989683,127.9373779,9861469
2006-11-14 00:00:00+05:30,128.4350618,128.982481,126.6484679,127.34021,14216391
2006-11-15 00:00:00+05:30,127.5989833,127.982174,125.2201893,125.6730499,18325127
2006-11-16 00:00:00+05:30,125.9069374,127.5989723,124.9265633,125.9815903,14140848
2006-11-17 00:00:00+05:30,126.4045958,126.6036657,124.647874,125.3346329,10982566
2006-11-20 00:00:00+05:30,121.9505723,126.1955822,121.9505723,125.3097534,24385013
2006-11-21 00:00:00+05:30,126.1059988,127.2406484,125.3246682,126.8076935,16005333
2006-11-22 00:00:00+05:30,127.3899807,128.4450212,126.6335518,127.2158127,15767608
2006-11-23 00:00:00+05:30,127.3999247,128.3753424,126.3050862,126.5987015,16107904
2006-11-24 00:00:00+05:30,126.4045926,126.8425306,125.2400844,125.6431808,18410392
2006-11-27 00:00:00+05:30,125.6083647,126.3050764,124.4786847,124.6976471,15857501
2006-11-28 00:00:00+05:30,124.3443258,126.3747574,123.4087326,124.4836655,27266564
2006-11-29 00:00:00+05:30,124.9215616,125.9765884,124.0307632,124.3442841,15458547
2006-11-30 00:00:00+05:30,124.5135105,125.5088206,123.4236419,123.8615799,23547891
2006-12-01 00:00:00+05:30,123.9262855,126.2951267,123.9262855,125.5138092,19952019
2006-12-04 00:00:00+05:30,125.9069609,127.0018127,124.9713678,125.399353,21858012
2006-12-05 00:00:00+05:30,127.3999142,128.8331623,125.9069491,127.3551331,32943928
2006-12-06 00:00:00+05:30,127.877666,129.2860386,126.4195424,127.5342865,27990519
2006-12-07 00:00:00+05:30,127.4994465,130.2863198,127.4994465,129.4900665,33453887
2006-12-08 00:00:00+05:30,129.8881746,129.8881746,125.9069219,126.3199844,25528483
2006-12-11 00:00:00+05:30,127.3999029,127.3999029,122.0550849,123.418663,39687399
2006-12-12 00:00:00+05:30,123.2195776,125.309739,117.0834901,119.9748611,60181243
2006-12-13 00:00:00+05:30,120.920419,123.6276695,119.5369353,123.2594147,45985404
2006-12-14 00:00:00+05:30,123.9163372,126.7430223,123.3241236,125.3545685,26296213
2006-12-15 00:00:00+05:30,126.0064901,126.4046168,123.9661056,124.7822647,21131992
2006-12-18 00:00:00+05:30,125.409324,129.1915084,123.7222715,128.3056793,22069305
2006-12-19 00:00:00+05:30,129.1715745,129.1715745,122.4233663,124.7673187,36971040
2006-12-20 00:00:00+05:30,125.409288,126.902253,122.7518014,124.3044968,36757166
2006-12-21 00:00:00+05:30,124.6130432,126.1657387,123.7272143,125.5536194,20249661
2006-12-22 00:00:00+05:30,125.5635707,126.9022602,125.0360572,126.6584091,12273869
2006-12-26 00:00:00+05:30,127.8875902,127.8875902,126.0064516,127.1013031,14411909
2006-12-27 00:00:00+05:30,127.8975581,129.1815135,127.4496806,128.728653,20441871
2006-12-28 00:00:00+05:30,129.0919392,129.6891225,126.230413,126.8723907,35820527
2006-12-29 00:00:00+05:30,127.4049053,128.0966473,125.9268627,126.419548,19637297
2007-01-02 00:00:00+05:30,126.9022733,127.9772195,126.4344767,127.4895172,10061125
2007-01-03 00:00:00+05:30,127.8975643,128.4848081,126.9370959,127.8527832,13034467
2007-01-04 00:00:00+05:30,128.3952146,129.3905245,127.1013064,127.4496689,26444841
2007-01-05 00:00:00+05:30,126.9022912,130.5849474,126.9022912,128.2111359,26660981
2007-01-08 00:00:00+05:30,128.793353,128.793353,126.0662097,127.0863953,19173370
2007-01-09 00:00:00+05:30,128.8729992,128.8729992,126.6036862,127.2307281,22409750
2007-01-10 00:00:00+05:30,126.9022508,128.4848046,125.8173653,126.7181168,42113055
2007-01-11 00:00:00+05:30,126.9022495,129.3905378,125.9268452,129.0421753,19496132
2007-01-12 00:00:00+05:30,130.2564836,133.869456,128.8929052,133.3220367,39190014
2007-01-15 00:00:00+05:30,135.8401952,136.5568127,133.9689954,135.8551178,28151257
2007-01-16 00:00:00+05:30,136.0591254,136.5567804,133.7798599,134.0635223,15692397
2007-01-17 00:00:00+05:30,135.1633335,135.5614601,133.8843611,134.3521576,13686536
2007-01-18 00:00:00+05:30,134.8647618,137.8208469,134.2675784,136.0989532,30901337
2007-01-19 00:00:00+05:30,142.1305389,142.1305389,136.7807372,137.6267548,56511743
2007-01-22 00:00:00+05:30,137.8506646,138.8409913,136.4621979,136.7408905,13715121
2007-01-23 00:00:00+05:30,136.4622189,137.4276704,135.1284993,135.4171448,10620755
2007-01-24 00:00:00+05:30,136.7956377,136.7956377,135.3872654,136.3079224,14724968
2007-01-25 00:00:00+05:30,137.3231999,137.3231999,135.616242,136.4174652,22136178
2007-01-29 00:00:00+05:30,136.3577297,138.7365237,135.8849501,137.581955,14797851
2007-01-31 00:00:00+05:30,137.9452639,138.248832,135.223077,136.0043945,23624188
2007-02-01 00:00:00+05:30,136.1586826,137.7511896,135.765539,137.1141815,8045902
2007-02-02 00:00:00+05:30,137.721305,138.716615,136.1636399,136.8603516,14278285
2007-02-05 00:00:00+05:30,137.3530414,138.4478798,136.5567881,138.0845947,8424574
2007-02-06 00:00:00+05:30,132.3764864,140.139924,132.3764864,138.2687378,15368716
2007-02-07 00:00:00+05:30,139.144626,139.3237771,137.4774662,138.8360748,13360974
2007-02-08 00:00:00+05:30,139.0401113,139.6422778,137.4525874,139.0500641,8767390
2007-02-09 00:00:00+05:30,139.3934502,140.0204922,136.3577553,138.5275269,13458978
2007-02-12 00:00:00+05:30,138.0497472,138.0497472,134.6855961,135.2579041,11095995
2007-02-13 00:00:00+05:30,134.9643302,137.8507328,133.5708931,135.9596405,12632180
2007-02-14 00:00:00+05:30,135.8749906,138.0198862,133.5957251,137.0594177,12438544
2007-02-15 00:00:00+05:30,137.6018442,140.7072213,137.6018442,140.0353851,17888402
2007-02-19 00:00:00+05:30,140.3389726,142.3295927,140.3389726,141.4089355,13674777
2007-02-20 00:00:00+05:30,142.2300929,143.7628696,140.3638894,140.7968445,28700335
2007-02-21 00:00:00+05:30,138.4478547,141.831911,138.4478547,140.0154724,13364272
2007-02-22 00:00:00+05:30,140.8366451,141.9265139,139.3436798,140.5430298,32546891
2007-02-23 00:00:00+05:30,141.7323927,143.6931541,139.5526556,140.6624298,32824943
2007-02-26 00:00:00+05:30,141.3342951,142.3096996,136.6065652,139.9956055,63419942
2007-02-27 00:00:00+05:30,129.8981672,140.8465922,129.8981672,139.8861237,26148818
2007-02-28 00:00:00+05:30,134.3770245,137.3530145,132.4909161,134.6159058,61743983
2007-03-01 00:00:00+05:30,136.8554202,136.8554202,131.2866416,136.1338196,34581643
2007-03-02 00:00:00+05:30,136.4572578,136.4572578,130.1867859,131.0029449,41534412
2007-03-05 00:00:00+05:30,129.3905742,129.4901026,124.2348585,125.3446198,47152367
2007-03-06 00:00:00+05:30,126.8027202,130.0772956,125.7377404,129.1765442,31088166
2007-03-07 00:00:00+05:30,130.4853826,132.276946,125.5187719,128.2608643,30188258
2007-03-08 00:00:00+05:30,131.2816381,133.3717866,128.3952363,132.9288788,29274218
2007-03-09 00:00:00+05:30,133.1727255,134.3471865,129.8881971,131.2020111,21098499
2007-03-12 00:00:00+05:30,132.3665131,132.8343096,130.0872476,130.9531708,18864108
2007-03-13 00:00:00+05:30,130.9531724,132.5456657,129.913068,132.0529938,13837877
2007-03-14 00:00:00+05:30,130.2863297,130.2863297,125.5337115,127.9324112,23510172
2007-03-15 00:00:00+05:30,129.2910169,130.3759159,127.3003966,127.7383347,25017125
2007-03-16 00:00:00+05:30,127.7383405,129.9678422,127.0018173,129.4054871,22468407
2007-03-19 00:00:00+05:30,129.5000355,131.1821046,129.1019088,130.7391968,10332291
2007-03-20 00:00:00+05:30,131.1821345,132.8741701,130.9830778,131.6748199,10261183
2007-03-21 00:00:00+05:30,132.5754522,134.9658266,131.0689157,134.5841675,10490395
2007-03-22 00:00:00+05:30,135.2872188,138.5965759,135.2872188,138.124527,21121580
2007-03-23 00:00:00+05:30,138.1998953,138.9833004,136.592912,138.2049103,16677657
2007-03-26 00:00:00+05:30,138.9029648,138.9029648,135.5885779,137.0499268,12894448
2007-03-28 00:00:00+05:30,136.5928585,137.9989616,134.8402545,135.588501,18664269
2007-03-29 00:00:00+05:30,136.9946498,137.4968287,135.1868003,136.3116913,23169325
2007-03-30 00:00:00+05:30,136.5928945,138.0894013,135.9099361,137.6273956,23147171
2007-04-02 00:00:00+05:30,136.0907273,136.4723864,131.0940397,131.9678345,28788942
2007-04-03 00:00:00+05:30,132.6256698,135.1867805,131.5208791,134.6595001,23283681
2007-04-04 00:00:00+05:30,135.38766,137.4917935,135.3575301,136.9193115,17412059
2007-04-05 00:00:00+05:30,136.8942058,137.0749987,135.8095016,136.4774017,10617290
2007-04-09 00:00:00+05:30,137.0950959,139.4051108,136.7937831,139.0335083,9728896
2007-04-10 00:00:00+05:30,139.5557095,139.6059261,137.6574712,139.0434875,11596942
2007-04-11 00:00:00+05:30,139.1188612,140.4496466,138.3053397,139.2644958,14678962
2007-04-12 00:00:00+05:30,139.0033579,139.9072824,137.8232356,139.3548737,9616770
2007-04-13 00:00:00+05:30,138.1245451,142.2072643,138.1245451,141.8105469,13299955
2007-04-16 00:00:00+05:30,142.4282214,147.0382341,142.3428466,146.4105072,14851941
2007-04-17 00:00:00+05:30,147.1387147,149.4487435,145.8682022,148.2234192,33423430
2007-04-18 00:00:00+05:30,147.9421588,150.2421301,147.9421588,149.1825409,20053251
2007-04-19 00:00:00+05:30,147.1638174,150.6037523,146.6967967,149.8856354,19251241
2007-04-20 00:00:00+05:30,150.1517288,155.1735302,150.1517288,154.8169861,20879952
2007-04-23 00:00:00+05:30,154.9726691,156.6800717,153.1949499,156.1075897,21884768
2007-04-24 00:00:00+05:30,156.0774672,159.6529923,154.7768252,158.9850922,20824121
2007-04-25 00:00:00+05:30,158.8896917,160.6975411,156.9814092,160.5368347,18046358
2007-04-26 00:00:00+05:30,161.7018933,163.3691228,159.0905524,160.3811646,54287817
2007-04-27 00:00:00+05:30,161.9027645,161.9027645,153.8678888,154.5910339,27450567
2007-04-30 00:00:00+05:30,155.6556623,157.8853442,150.7543928,156.7855682,20872174
2007-05-03 00:00:00+05:30,158.1866369,163.7106182,158.1866369,163.3239441,32242197
2007-05-04 00:00:00+05:30,163.7357207,164.3132177,158.3975477,159.005188,32242949
2007-05-07 00:00:00+05:30,161.1997227,162.5053932,160.295798,161.3503723,24784859
2007-05-08 00:00:00+05:30,161.551247,162.1438156,159.693181,160.009552,18773874
2007-05-09 00:00:00+05:30,159.6931811,160.6975389,158.0359814,160.5217743,20192089
2007-05-10 00:00:00+05:30,161.4005917,161.6818178,158.1866386,158.8294373,15843099
2007-05-11 00:00:00+05:30,155.77616,160.6975288,153.7925595,159.6027679,29450679
2007-05-14 00:00:00+05:30,161.7018963,163.4092991,161.1997174,162.731369,16711929
2007-05-15 00:00:00+05:30,162.7564701,163.2988223,160.0446961,160.546875,30350894
2007-05-16 00:00:00+05:30,160.7979737,165.5184634,160.5569209,164.182663,24876581
2007-05-17 00:00:00+05:30,165.2271718,169.7116364,165.2271718,169.2596741,24973307
2007-05-18 00:00:00+05:30,169.2144737,171.3437085,167.7380672,170.5854187,20283846
2007-05-21 00:00:00+05:30,171.7454812,177.771641,171.1629558,176.8627014,28342277
2007-05-22 00:00:00+05:30,177.6712109,179.2781806,174.5727628,178.7006836,34401499
2007-05-23 00:00:00+05:30,178.7760049,180.5637676,175.7629316,176.3806152,14032887
2007-05-24 00:00:00+05:30,175.7679176,176.7672603,172.4535322,173.4729614,24716385
2007-05-25 00:00:00+05:30,170.8666925,174.4572765,170.8516208,173.5583801,21165870
2007-05-28 00:00:00+05:30,174.748539,175.7629402,172.3782508,173.1415558,13474797
2007-05-29 00:00:00+05:30,172.9507237,177.5707802,172.0267125,176.4559326,20311599
2007-05-30 00:00:00+05:30,175.7629533,178.776027,174.9695049,176.0491943,26982519
2007-05-31 00:00:00+05:30,176.2650999,177.9474011,175.4616084,176.646759,16331017
2007-06-01 00:00:00+05:30,178.0528515,178.7659398,175.4967558,175.8884583,13167670
2007-06-04 00:00:00+05:30,177.6712264,177.6712264,174.6129513,174.9544373,12200442
2007-06-05 00:00:00+05:30,174.6581048,175.863342,172.9657604,175.3009033,15844324
2007-06-06 00:00:00+05:30,175.8633862,176.5664448,168.9634306,169.8673553,23865990
2007-06-07 00:00:00+05:30,168.0293285,171.4240738,166.7236716,167.6426544,22658622
2007-06-08 00:00:00+05:30,167.1253982,170.5251583,165.4280389,166.4273682,30218286
2007-06-11 00:00:00+05:30,180.7847217,180.7847217,166.748801,167.3413696,18858124
2007-06-12 00:00:00+05:30,168.2201996,171.9313032,166.9948755,170.630661,26005430
2007-06-13 00:00:00+05:30,170.5703704,171.7253776,167.7280337,168.2703857,19604810
2007-06-14 00:00:00+05:30,169.3349897,171.0424056,169.2345566,170.3443756,17465782
2007-06-15 00:00:00+05:30,170.7411257,171.7454834,167.5422445,168.923233,17472641
2007-06-18 00:00:00+05:30,170.5201602,170.5201602,167.3765108,167.8887329,12464749
2007-06-19 00:00:00+05:30,167.8887469,173.7943871,167.7380972,173.4076996,19266710
2007-06-20 00:00:00+05:30,173.4076927,175.6424027,172.9507155,174.0504913,17149940
2007-06-21 00:00:00+05:30,174.2563588,175.511799,172.8703421,174.1910706,14187474
2007-06-22 00:00:00+05:30,174.2563694,174.2563694,170.6055129,171.2533264,17986039
2007-06-25 00:00:00+05:30,171.544621,172.1472329,170.4197301,171.6601257,25281291
2007-06-26 00:00:00+05:30,171.6450458,172.7498366,170.7411212,171.0675354,12617428
2007-06-27 00:00:00+05:30,170.6406911,172.7397964,170.0029208,170.5954895,13754039
2007-06-28 00:00:00+05:30,171.6450228,172.227548,169.3701532,169.9376068,24648261
2007-06-29 00:00:00+05:30,170.7411418,171.8459328,169.6363509,170.7963867,23062353
2007-07-02 00:00:00+05:30,171.1428307,171.9463221,168.6369519,169.1642456,23953923
2007-07-03 00:00:00+05:30,168.340698,172.0317145,168.340698,171.4743042,23453510
2007-07-04 00:00:00+05:30,171.8459092,173.9199128,171.645043,172.5640259,19068174
2007-07-05 00:00:00+05:30,172.5489728,173.2520178,168.7826246,171.730423,15396233
2007-07-06 00:00:00+05:30,172.1472475,173.8094623,169.234607,171.7354584,13805731
2007-07-09 00:00:00+05:30,171.0324053,172.69462,170.841569,171.8409119,13210342
2007-07-10 00:00:00+05:30,172.2526807,172.2526807,170.238937,171.0122986,9858905
2007-07-11 00:00:00+05:30,172.4485137,172.6292932,169.3500661,171.0725403,10772489
2007-07-12 00:00:00+05:30,171.4040148,173.2620673,171.4040148,172.6845703,12406162
2007-07-13 00:00:00+05:30,173.7340988,179.850648,173.3775547,178.0779572,38976595
2007-07-16 00:00:00+05:30,178.7760074,179.6799321,177.4954519,178.4445648,13185327
2007-07-17 00:00:00+05:30,179.6799537,184.68167,178.7860722,183.5818939,31204282
2007-07-18 00:00:00+05:30,184.2999677,184.7017134,181.14126,183.0595856,26883867
2007-07-19 00:00:00+05:30,183.0947183,191.7322178,182.512193,190.1051483,33599436
2007-07-20 00:00:00+05:30,190.7278732,192.3348428,188.920024,190.0398865,31593917
2007-07-23 00:00:00+05:30,188.8196378,192.3348906,188.3174455,191.7523651,20646199
2007-07-24 00:00:00+05:30,192.0335359,193.9418182,191.6318036,192.0937958,20243493
2007-07-25 00:00:00+05:30,190.3261421,192.0335449,188.3174132,191.089447,19721223
2007-07-26 00:00:00+05:30,191.8326411,195.6994217,191.4308954,195.0415649,33158301
2007-07-27 00:00:00+05:30,192.8169304,194.444,186.3086789,187.5641327,57384677
2007-07-30 00:00:00+05:30,189.3217984,190.7128303,184.8021748,185.6809845,24399424
2007-07-31 00:00:00+05:30,187.3130375,191.0090822,184.0990984,190.1754608,19654919
2007-08-01 00:00:00+05:30,187.011799,188.2170232,180.0314963,180.5587769,36609150
2007-08-02 00:00:00+05:30,184.5008372,184.7720199,179.9812276,180.8399506,20934716
2007-08-03 00:00:00+05:30,181.8895223,184.6615561,180.3829856,180.9002228,26123969
2007-08-06 00:00:00+05:30,179.0772871,179.9812116,175.903508,178.7910461,19342158
2007-08-07 00:00:00+05:30,181.7890717,182.8938625,180.0063241,181.8091583,27077163
2007-08-08 00:00:00+05:30,183.0947401,189.3117361,182.6729077,188.3626099,28523314
2007-08-09 00:00:00+05:30,189.5226535,192.0837645,184.3502016,185.3846893,32078790
2007-08-10 00:00:00+05:30,182.7934251,182.7934251,178.394322,181.6936493,29431457
2007-08-13 00:00:00+05:30,182.9943079,184.4807579,181.5430162,183.717453,13780410
2007-08-14 00:00:00+05:30,180.7846818,184.8021254,180.7846818,184.1040955,8919702
2007-08-16 00:00:00+05:30,179.981249,179.981249,173.2520303,174.6631622,35041064
2007-08-17 00:00:00+05:30,171.8459018,178.1633305,169.053795,176.0541687,52133783
2007-08-20 00:00:00+05:30,180.7847285,185.3043521,178.876446,180.5838623,20630590
2007-08-21 00:00:00+05:30,180.7847079,182.0602483,174.2865128,175.4465485,33584247
2007-08-22 00:00:00+05:30,175.4616302,180.1620335,172.277807,177.3899994,37659201
2007-08-23 00:00:00+05:30,180.6842901,181.5882148,174.2563976,175.1603088,26753018
2007-08-24 00:00:00+05:30,176.3203182,178.9768603,174.9694597,178.4093933,14865687
2007-08-27 00:00:00+05:30,182.592547,184.8423151,179.9812198,184.1794434,17956745
2007-08-28 00:00:00+05:30,184.179483,189.8239843,183.496511,189.0707092,28190228
2007-08-29 00:00:00+05:30,186.2082398,191.2099546,185.3043152,189.793808,23266768
2007-08-30 00:00:00+05:30,190.8283068,193.3392009,188.9200245,192.038559,36922515
2007-08-31 00:00:00+05:30,190.8283351,197.8588533,190.7128303,196.9448853,31770666
2007-09-03 00:00:00+05:30,196.9448439,198.7627362,194.8457255,196.6485596,17448851
2007-09-04 00:00:00+05:30,197.2562041,198.5468163,192.9625756,198.1500854,17767160
2007-09-05 00:00:00+05:30,199.5662683,200.2693269,195.9505826,197.3165131,21831606
2007-09-06 00:00:00+05:30,195.2474599,199.6666492,195.1470268,199.1493988,13398046
2007-09-07 00:00:00+05:30,199.1645089,199.867554,196.3523019,197.1457367,16099767
2007-09-10 00:00:00+05:30,196.3522806,200.3697112,195.2474765,199.4256134,13639157
2007-09-11 00:00:00+05:30,199.8675659,201.7256319,199.365387,199.8776093,18968079
2007-09-12 00:00:00+05:30,200.4701696,202.9810774,200.0684238,202.1926575,21066003
2007-09-13 00:00:00+05:30,203.3827827,204.3871402,202.2428337,203.6338654,17281779
2007-09-14 00:00:00+05:30,204.3872213,207.992864,203.7092777,204.3621063,22388716
2007-09-17 00:00:00+05:30,203.8849831,206.8377962,202.9810585,203.7142334,12641000
2007-09-18 00:00:00+05:30,202.8806465,207.2998371,202.4688707,206.70224,21998267
2007-09-19 00:00:00+05:30,214.4307532,219.2315888,208.9017576,218.3377075,28944037
2007-09-20 00:00:00+05:30,218.5486602,221.1348863,217.6447355,219.9848938,23858535
2007-09-21 00:00:00+05:30,219.3521244,230.9022788,219.1060566,229.0391846,25276339
2007-09-24 00:00:00+05:30,231.002705,238.9371337,229.5965881,236.576889,34178621
2007-09-25 00:00:00+05:30,232.5343955,243.6576638,232.5343955,241.0061493,29360349
2007-09-26 00:00:00+05:30,240.9458845,242.5528678,232.5092623,233.2073059,34436400
2007-09-27 00:00:00+05:30,234.0860648,238.0332059,231.5500556,232.8406677,30579013
2007-09-28 00:00:00+05:30,236.0245097,236.0245097,227.4874551,230.8068695,30223702
2007-10-01 00:00:00+05:30,232.0070312,233.9102715,227.211211,230.2192688,38920492
2007-10-03 00:00:00+05:30,231.2035838,245.0637532,224.4743652,240.6345062,58659731
2007-10-04 00:00:00+05:30,239.0375868,245.0486888,237.2297374,243.6476135,30557209
2007-10-05 00:00:00+05:30,250.5676221,252.5964511,243.055012,250.3366394,35575321
2007-10-08 00:00:00+05:30,251.592087,254.3038342,239.6251285,243.1755524,32690288
2007-10-09 00:00:00+05:30,234.1162055,263.0266945,220.7280861,261.1334839,36199645
2007-10-10 00:00:00+05:30,264.6386618,269.5700734,259.3507061,262.9814758,43742833
2007-10-11 00:00:00+05:30,267.059208,267.059208,259.3658186,264.2018127,42900147
2007-10-12 00:00:00+05:30,264.397708,273.6578819,255.2931852,257.6936035,87039965
2007-10-15 00:00:00+05:30,259.6369714,269.1683255,258.7430767,267.7973938,43056335
2007-10-16 00:00:00+05:30,266.6574273,271.1720079,263.0417294,266.3109131,49332781
2007-10-17 00:00:00+05:30,252.8976885,271.6792093,226.0812806,269.9266052,75476314
2007-10-18 00:00:00+05:30,276.1989003,300.2030809,253.701243,259.4411621,66271385
2007-10-19 00:00:00+05:30,263.5439096,271.1770382,243.0248549,248.0064697,46568956
2007-10-22 00:00:00+05:30,241.046295,249.3824833,238.2140013,242.0556946,44200234
2007-10-23 00:00:00+05:30,248.0767742,262.5395392,246.5702244,261.1183777,42698443
2007-10-24 00:00:00+05:30,265.1509159,266.2255902,256.774555,262.64505,37642822
2007-10-25 00:00:00+05:30,261.6356576,267.9430435,260.3500872,263.9507141,36587556
2007-10-26 00:00:00+05:30,266.1552519,272.5630701,261.6657725,271.0063171,34497805
2007-10-29 00:00:00+05:30,277.7054448,285.7403345,274.6923712,284.0228882,39456350
2007-10-30 00:00:00+05:30,285.1376803,286.6894186,275.2246523,278.1573792,38271801
2007-10-31 00:00:00+05:30,278.0067278,283.0787195,276.6006109,279.5935974,36337643
2007-11-01 00:00:00+05:30,283.229382,285.1376643,266.1602892,269.2286072,52379007
2007-11-02 00:00:00+05:30,258.8234588,273.6879858,258.8234588,272.5128784,33839830
2007-11-05 00:00:00+05:30,272.5129042,274.6923696,264.447898,267.275177,38966769
2007-11-06 00:00:00+05:30,271.0465488,276.70108,266.2808439,267.7823792,26487784
2007-11-07 00:00:00+05:30,276.7010473,281.6224028,271.1770664,278.2979736,30466913
2007-11-08 00:00:00+05:30,276.1988429,280.698352,266.3561065,275.4807129,31842605
2007-11-12 00:00:00+05:30,266.1552729,271.6491103,261.3343506,268.7264404,39563331
2007-11-13 00:00:00+05:30,269.7710119,273.5674905,267.1596708,270.4841003,37113194
2007-11-14 00:00:00+05:30,274.1902618,291.1639426,274.1902618,290.1043396,53647963
2007-11-15 00:00:00+05:30,289.2555939,292.2686674,286.2424935,288.7634583,23093037
2007-11-16 00:00:00+05:30,286.2424568,294.0764791,283.4302499,289.4212646,22269626
2007-11-19 00:00:00+05:30,289.7728199,291.866897,285.3385578,286.3328857,15561048
2007-11-20 00:00:00+05:30,284.233734,287.0459409,277.2233168,279.6990662,33284548
2007-11-21 00:00:00+05:30,278.2076331,281.0097838,270.1727436,272.1312561,37514807
2007-11-22 00:00:00+05:30,278.1775157,278.1775157,267.7623204,273.6629333,30793018
2007-11-23 00:00:00+05:30,276.2038696,284.5350416,273.1958117,282.34552,20879620
2007-11-26 00:00:00+05:30,286.8651593,291.6358783,284.0429225,289.7125244,26472035
2007-11-27 00:00:00+05:30,290.762119,290.762119,283.7316141,285.5695801,21357048
2007-11-28 00:00:00+05:30,286.7445934,288.1305966,278.1071081,280.4472656,20948085
2007-11-29 00:00:00+05:30,285.1376691,285.6097181,281.0198052,282.4811401,35395334
2007-11-30 00:00:00+05:30,283.7315572,289.5568369,282.5564499,286.4081726,27007770
2007-12-03 00:00:00+05:30,290.0791277,295.5729923,286.8451015,294.7695007,21453424
2007-12-04 00:00:00+05:30,296.2860753,297.8528852,286.2625575,287.4979248,23074751
2007-12-05 00:00:00+05:30,292.5398415,293.2730165,287.7490351,291.4049072,17131715
2007-12-06 00:00:00+05:30,296.2860276,300.1025918,287.7740762,288.6328125,21700398
2007-12-07 00:00:00+05:30,291.766418,291.766418,281.4566738,285.383728,28847057
2007-12-10 00:00:00+05:30,286.2425157,288.1307118,281.3513026,283.5257263,16149578
2007-12-11 00:00:00+05:30,286.7447105,291.1588597,284.2338023,289.8230591,27847587
2007-12-12 00:00:00+05:30,288.3516462,292.2686442,285.238113,289.3459473,27173714
2007-12-13 00:00:00+05:30,289.7276155,293.6898016,282.7573443,284.5099487,28950529
2007-12-14 00:00:00+05:30,281.7228066,291.2642164,281.7228066,290.1242676,31167534
2007-12-17 00:00:00+05:30,286.2474994,290.0590223,272.1814229,278.7198181,31451054
2007-12-18 00:00:00+05:30,279.7141272,281.2307339,271.483414,273.9440918,36252011
2007-12-19 00:00:00+05:30,269.1733732,279.7040981,266.310963,271.5587463,33185923
2007-12-20 00:00:00+05:30,272.683565,279.6136346,270.363494,272.5479736,21879693
2007-12-24 00:00:00+05:30,277.8057952,281.2156121,270.9761584,280.0706482,23564594
2007-12-26 00:00:00+05:30,281.2206753,292.7406861,281.0198091,290.9127502,27736485
2007-12-27 00:00:00+05:30,291.2642424,293.8755561,288.7633917,290.6465454,33440220
2007-12-28 00:00:00+05:30,289.9585894,294.2773464,286.8701847,290.7470093,15896769
2007-12-31 00:00:00+05:30,291.6158223,294.2773664,288.2512197,289.5267334,11211489
2008-01-01 00:00:00+05:30,290.259872,291.1637965,284.7459219,286.0666504,10540548
2008-01-02 00:00:00+05:30,286.7446164,289.6572561,282.3555702,287.4225464,27276294
2008-01-03 00:00:00+05:30,286.4433564,294.2773521,284.2588495,291.6358948,30204199
2008-01-04 00:00:00+05:30,291.6660145,303.2964884,291.6660145,300.6048279,35463186
2008-01-07 00:00:00+05:30,298.7768638,304.3209309,297.2904005,303.3416748,27412209
2008-01-08 00:00:00+05:30,306.3799183,309.7445212,301.307899,306.7967224,42941270
2008-01-09 00:00:00+05:30,306.0936474,308.3383874,302.5482386,304.6875305,22068981
2008-01-10 00:00:00+05:30,304.8231513,311.1003944,302.8144356,304.1000061,35935303
2008-01-11 00:00:00+05:30,309.2924952,315.3688712,303.8187446,314.1234741,44021961
2008-01-14 00:00:00+05:30,317.277228,325.4125511,313.9628549,323.4891968,24160570
2008-01-15 00:00:00+05:30,331.2378227,331.2378227,315.4995125,317.9350891,33236461
2008-01-16 00:00:00+05:30,312.3558292,315.8710948,303.8187748,310.7137146,48600925
2008-01-17 00:00:00+05:30,317.2771694,317.2771694,298.9124761,300.9613647,41921623
2008-01-18 00:00:00+05:30,298.7969859,298.7969859,279.2119692,281.1805115,50776299
2008-01-21 00:00:00+05:30,279.1918741,279.1918741,235.5474336,255.1876678,72442557
2008-01-22 00:00:00+05:30,236.2504415,249.8846413,212.9242079,236.7727203,76700972
2008-01-23 00:00:00+05:30,243.0549833,283.7315625,241.046268,256.1819763,64128524
2008-01-24 00:00:00+05:30,260.1291463,265.6531006,244.5615605,249.9750519,42719162
2008-01-25 00:00:00+05:30,258.6225418,263.6443296,253.600754,262.6801453,26217694
2008-01-28 00:00:00+05:30,257.6181828,260.6011389,244.0593423,257.7587891,26471239
2008-01-29 00:00:00+05:30,265.6531145,265.6531145,255.1425022,258.813446,17399346
2008-01-30 00:00:00+05:30,255.6295817,260.9325827,246.3693831,248.2676086,21854267
2008-01-31 00:00:00+05:30,248.2777318,258.0903284,238.1336925,248.9707336,49427967
2008-02-01 00:00:00+05:30,250.0855281,257.1411605,243.0549972,255.3835144,18456589
2008-02-04 00:00:00+05:30,254.7055667,265.3517685,254.7055667,260.2496338,25814077
2008-02-05 00:00:00+05:30,261.133506,264.5483117,257.7488168,262.8509521,15151447
2008-02-06 00:00:00+05:30,257.1060553,258.1204432,251.2205141,256.3628235,19264427
2008-02-07 00:00:00+05:30,253.0985628,259.124735,241.7593603,243.6023407,27417100
2008-02-08 00:00:00+05:30,244.5716231,247.8759659,240.0419429,243.6978149,27651544
2008-02-11 00:00:00+05:30,242.4524089,242.4524089,224.4743621,228.6926727,41653038
2008-02-12 00:00:00+05:30,229.0944618,243.0550392,226.6839867,233.4985809,35641327
2008-02-13 00:00:00+05:30,238.0332174,247.9713469,236.0295168,239.9917297,41541105
2008-02-14 00:00:00+05:30,246.0681132,254.4042747,246.0681132,252.7722168,25193638
2008-02-15 00:00:00+05:30,251.5820792,261.1335499,247.6751104,260.5259094,18833476
2008-02-18 00:00:00+05:30,261.1335068,262.64003,254.906467,256.4833069,11414925
2008-02-19 00:00:00+05:30,260.1291489,262.9413561,254.1029754,256.5686951,14075130
2008-02-20 00:00:00+05:30,251.1099799,256.111682,247.2733285,249.4829102,19315507
2008-02-21 00:00:00+05:30,252.0942506,255.2077569,247.2130682,250.718277,14064753
2008-02-22 00:00:00+05:30,245.2946911,249.0811388,242.5528011,244.5062714,17346910
2008-02-25 00:00:00+05:30,250.5876952,257.6182261,242.0556829,256.2573242,16217938
2008-02-26 00:00:00+05:30,257.6081468,259.7273519,254.3138613,258.788269,12791606
2008-02-27 00:00:00+05:30,261.6355894,264.9499878,258.1253666,259.9733887,23321593
2008-02-28 00:00:00+05:30,259.1247545,261.1334697,252.7671392,254.4293671,24690014
2008-02-29 00:00:00+05:30,256.3126179,256.3126179,242.0506872,247.4189911,29196461
2008-03-03 00:00:00+05:30,241.0261928,241.0261928,229.9531297,231.6053009,26500060
2008-03-04 00:00:00+05:30,233.0114505,234.8193,221.9634873,225.2979736,39850780
2008-03-05 00:00:00+05:30,224.9866097,233.0114424,223.6809392,230.2745667,25698697
2008-03-07 00:00:00+05:30,228.8634337,228.8634337,217.5694032,225.8051453,29082647
2008-03-10 00:00:00+05:30,222.0538637,229.8778165,213.1602649,228.4466248,45876779
2008-03-11 00:00:00+05:30,225.9809017,236.5266986,221.4010319,235.8135834,32079079
2008-03-12 00:00:00+05:30,242.9345049,243.8986895,237.0288776,238.4952545,27963509
2008-03-13 00:00:00+05:30,229.9983417,233.5135802,221.1197886,225.2828674,35443360
2008-03-14 00:00:00+05:30,225.9808954,235.0100852,224.0023098,233.2725525,23942995
2008-03-17 00:00:00+05:30,227.0957235,228.2909174,216.4394648,218.970459,41204921
2008-03-18 00:00:00+05:30,225.960806,225.960806,212.9242287,216.037735,34696227
2008-03-19 00:00:00+05:30,225.9808637,235.5222744,215.4501671,216.8512421,29746169
2008-03-24 00:00:00+05:30,216.9416612,221.9333334,213.4665823,220.9842072,26119935
2008-03-25 00:00:00+05:30,222.4656317,233.5085648,222.4656317,232.3887024,27254936
2008-03-26 00:00:00+05:30,234.4174835,234.6233914,228.0448236,230.9474335,20401798
2008-03-27 00:00:00+05:30,229.9983304,232.408778,225.3782745,228.0699615,36296397
2008-03-28 00:00:00+05:30,234.417501,237.8222764,224.1378863,236.2705383,34512259
2008-03-31 00:00:00+05:30,231.5048483,234.5179212,225.9909247,227.5677643,27093559
2008-04-01 00:00:00+05:30,230.9022517,238.5353804,225.3280413,235.5474091,26807230
2008-04-02 00:00:00+05:30,240.5441307,246.3493246,234.0157918,235.3766937,32063820
2008-04-03 00:00:00+05:30,236.0244805,242.8541179,235.6227481,240.6495514,17304422
2008-04-04 00:00:00+05:30,239.5397564,242.5427728,232.177783,233.1269226,21753752
2008-04-07 00:00:00+05:30,226.6086344,244.0292582,226.6086344,241.5384369,23036200
2008-04-08 00:00:00+05:30,241.0463147,243.3412849,237.0238683,239.2133636,24671220
2008-04-09 00:00:00+05:30,236.526713,244.2401898,236.1299687,242.8792877,19966184
2008-04-10 00:00:00+05:30,243.5571913,253.0383433,241.648909,247.9412231,32081433
2008-04-11 00:00:00+05:30,255.1072984,257.819072,247.6248325,256.267334,37507186
2008-04-15 00:00:00+05:30,252.5863564,264.8495976,249.7189047,262.3186035,37333368
2008-04-16 00:00:00+05:30,263.1472115,267.7622526,262.6701476,265.4020081,31515766
2008-04-17 00:00:00+05:30,269.1884475,272.9849257,263.1924175,265.1559448,21934177
2008-04-21 00:00:00+05:30,264.1164215,269.1683535,263.35313,265.5124817,18499558
2008-04-22 00:00:00+05:30,261.2339168,268.6661798,260.8472293,261.8716736,25134990
2008-04-23 00:00:00+05:30,262.3387648,264.3474806,257.9195739,258.8837585,27790487
2008-04-24 00:00:00+05:30,261.1334433,261.1334433,256.7494123,259.3908691,28908505
2008-04-25 00:00:00+05:30,260.1292019,264.5483663,257.3169941,263.5942383,29490656
2008-04-28 00:00:00+05:30,264.2470026,265.6530927,259.3808919,260.2697449,17866432
2008-04-29 00:00:00+05:30,259.1247854,268.6661976,259.1247854,267.1546326,21756290
2008-04-30 00:00:00+05:30,266.1552818,268.6661896,261.7963516,262.5898132,23952348
2008-05-02 00:00:00+05:30,303.9191523,303.9191523,264.0460945,268.6410217,21082119
2008-05-05 00:00:00+05:30,268.6762173,272.080993,266.1552797,268.0836487,18407373
2008-05-06 00:00:00+05:30,261.1335149,269.3692436,261.1335149,266.155304,18400969
2008-05-07 00:00:00+05:30,271.1770665,271.1770665,263.5439371,270.0672607,22305438
2008-05-08 00:00:00+05:30,270.5856686,271.1914671,267.819231,269.2983704,16574019
2008-05-09 00:00:00+05:30,269.1216259,269.9444991,253.421605,255.2793579,30690657
2008-05-12 00:00:00+05:30,253.5276633,258.8838485,250.0999183,257.8489685,24158943
2008-05-13 00:00:00+05:30,262.5084724,262.5084724,251.2004145,252.523056,22755830
2008-05-14 00:00:00+05:30,254.4313338,257.9701508,250.4179823,255.5167084,17585152
2008-05-15 00:00:00+05:30,255.5318444,265.8100656,255.5166934,264.8256531,21878267
2008-05-16 00:00:00+05:30,265.6384415,267.3548484,262.8114263,266.1129761,16919206
2008-05-20 00:00:00+05:30,265.032593,266.0422392,259.8834002,262.8063354,15553322
2008-05-21 00:00:00+05:30,260.4891616,270.0808124,257.4854572,269.34375,29178778
2008-05-22 00:00:00+05:30,266.0422267,267.5567094,262.2055661,265.1386108,20887381
2008-05-23 00:00:00+05:30,265.5374173,266.5470634,257.4602213,258.0862122,18053839
2008-05-26 00:00:00+05:30,256.4506007,257.9499325,252.6240494,253.9870758,23292457
2008-05-27 00:00:00+05:30,258.4699019,261.4786753,250.3927318,251.9172974,15293041
2008-05-28 00:00:00+05:30,252.9167811,255.945719,249.4839687,254.6836548,18875789
2008-05-29 00:00:00+05:30,258.0104942,258.0104942,246.8589332,248.6460266,36074351
2008-05-30 00:00:00+05:30,252.300905,252.300905,241.3311035,242.668869,31400272
2008-06-02 00:00:00+05:30,245.142515,246.3541119,236.2576238,238.1557617,23995763
2008-06-03 00:00:00+05:30,237.2672457,244.8294947,233.5315474,242.9868927,31603646
2008-06-04 00:00:00+05:30,243.2242096,246.7579848,230.7045802,232.9257965,34076759
2008-06-05 00:00:00+05:30,237.2673161,237.2673161,219.5984786,226.8477478,67512736
2008-06-06 00:00:00+05:30,232.1180739,232.1180739,223.3341177,226.0096893,43442435
2008-06-09 00:00:00+05:30,220.3052171,224.0813012,213.1367177,218.3565979,45759185
2008-06-10 00:00:00+05:30,227.1708188,227.1708188,216.5695193,221.8954163,39890958
2008-06-11 00:00:00+05:30,230.1997111,230.1997111,223.1321886,228.3217926,41869703
2008-06-12 00:00:00+05:30,227.175868,231.714221,217.7154526,229.9271545,45823345
2008-06-13 00:00:00+05:30,230.9065213,232.2089707,225.6563524,229.2304993,30620547
2008-06-16 00:00:00+05:30,237.2673144,237.2673144,228.4026138,230.4370575,27675956
2008-06-17 00:00:00+05:30,230.2048241,236.2576605,228.1804633,235.5408173,21817003
2008-06-18 00:00:00+05:30,237.2672597,237.2672597,230.1997102,230.9165802,25210402
2008-06-19 00:00:00+05:30,228.0643454,229.195173,225.1767668,226.9840393,17822807
2008-06-20 00:00:00+05:30,228.1855331,228.1855331,209.5322702,211.9453278,46870019
2008-06-23 00:00:00+05:30,210.0067794,210.2995824,200.1475715,204.5243988,47741229
2008-06-24 00:00:00+05:30,206.4730214,215.3579266,203.4440694,208.2601013,52403051
2008-06-25 00:00:00+05:30,197.5123879,216.8723959,197.5123879,215.6608124,36568788
2008-06-26 00:00:00+05:30,216.5695112,228.1703738,215.6608269,226.1157379,83441319
2008-06-27 00:00:00+05:30,219.6994173,226.9688781,215.5851043,220.3708344,57025184
2008-06-30 00:00:00+05:30,220.1033079,223.8289112,209.8048936,211.536438,52730468
2008-07-01 00:00:00+05:30,213.0357769,216.9734005,204.5900611,206.3872375,51852931
2008-07-02 00:00:00+05:30,205.9378967,220.4061437,200.9199413,216.4685211,60769519
2008-07-03 00:00:00+05:30,215.055027,215.055027,204.5143058,209.0072327,43012613
2008-07-04 00:00:00+05:30,209.0022078,215.1761983,206.9829018,211.8140717,35613854
2008-07-07 00:00:00+05:30,211.0215024,214.0453998,201.6267318,204.776825,32556971
2008-07-08 00:00:00+05:30,201.7276711,203.6409467,194.892347,199.8547668,42090551
2008-07-09 00:00:00+05:30,201.9296026,211.5162136,201.9296026,209.9209747,30800621
2008-07-10 00:00:00+05:30,209.6938192,210.4863906,205.1201089,206.6396332,25189447
2008-07-11 00:00:00+05:30,207.3817256,208.8860988,201.1218971,203.5551605,29313661
2008-07-14 00:00:00+05:30,201.9295897,209.5019492,200.9199436,206.3165131,32490063
2008-07-15 00:00:00+05:30,202.4344421,206.6547721,198.6987428,199.6478119,41694564
2008-07-16 00:00:00+05:30,200.9351131,204.4537373,193.852425,196.2250977,33919101
2008-07-17 00:00:00+05:30,205.7662929,206.4427648,198.4059654,203.802536,27019109
2008-07-18 00:00:00+05:30,200.91998,214.7521561,200.91998,213.3588409,33682872
2008-07-21 00:00:00+05:30,216.9733657,218.5130822,211.3243909,217.3620758,26038363
2008-07-22 00:00:00+05:30,214.5502067,222.0216047,214.5502067,217.2913971,24964382
2008-07-23 00:00:00+05:30,219.0936326,230.098779,219.0936326,228.917511,44183828
2008-07-24 00:00:00+05:30,228.1703715,235.2480048,228.1703715,233.0318298,29147884
2008-07-25 00:00:00+05:30,236.1011339,236.1011339,215.559845,216.7815247,62377468
2008-07-28 00:00:00+05:30,217.0793843,221.0119659,212.6318834,220.0931854,29603543
2008-07-29 00:00:00+05:30,216.0444812,217.9779627,209.5019599,210.3197784,31092016
2008-07-30 00:00:00+05:30,215.8627033,219.4974261,212.0310846,218.6392365,18342355
2008-07-31 00:00:00+05:30,223.6168556,224.1418711,217.6044042,222.8798065,28463721
2008-08-01 00:00:00+05:30,219.0986937,233.5316133,217.3772455,231.9767456,33025291
2008-08-04 00:00:00+05:30,237.2470916,237.2470916,225.4140173,226.4034576,35839785
2008-08-05 00:00:00+05:30,227.8421883,230.805508,222.627364,229.8009033,41976693
2008-08-06 00:00:00+05:30,231.2093948,237.1663096,230.8156298,232.0776672,36432724
2008-08-07 00:00:00+05:30,232.0170928,233.9253405,228.2056928,229.4526062,24556347
2008-08-08 00:00:00+05:30,227.1405172,230.6036055,225.2575168,227.3525238,28902817
2008-08-11 00:00:00+05:30,227.2868949,235.8537494,227.2868949,234.7684021,25610677
2008-08-12 00:00:00+05:30,236.2576147,239.740895,233.7435957,236.9896088,32882192
2008-08-13 00:00:00+05:30,235.2278039,239.8923796,232.9611346,235.9396057,28458078
2008-08-14 00:00:00+05:30,235.8537675,236.7624518,228.316751,229.8665771,20978604
2008-08-18 00:00:00+05:30,231.2093994,231.2093994,223.1523956,224.6264801,21991145
2008-08-19 00:00:00+05:30,224.6467094,225.5553938,221.6581552,224.1015015,18173673
2008-08-20 00:00:00+05:30,224.1418425,228.180427,223.8894377,226.8022766,19893266
2008-08-21 00:00:00+05:30,228.3066471,228.3066471,222.3800075,223.3997498,17102509
2008-08-22 00:00:00+05:30,222.0720429,228.1703171,222.0316582,226.645752,20077470
2008-08-25 00:00:00+05:30,222.66273,230.7045695,222.66273,225.3534393,12172890
2008-08-26 00:00:00+05:30,224.0408517,224.0408517,216.7360491,220.0375977,30411756
2008-08-27 00:00:00+05:30,222.1124939,222.1124939,216.0646988,216.8724213,32314258
2008-08-28 00:00:00+05:30,218.8917211,218.8917211,207.2605689,209.0829926,41999424
2008-08-29 00:00:00+05:30,216.0646991,216.8623253,211.9251385,215.6810303,22026362
2008-09-01 00:00:00+05:30,214.0453609,218.6342079,212.3289545,216.2312469,20027134
2008-09-02 00:00:00+05:30,216.0646922,224.6466989,214.5502228,223.4098816,22061325
2008-09-04 00:00:00+05:30,227.170787,227.170787,215.2569436,217.3014832,23303097
2008-09-05 00:00:00+05:30,212.5309041,212.5309041,208.492306,210.097641,28217684
2008-09-08 00:00:00+05:30,221.1129272,221.1129272,214.5502133,215.3781281,25098286
2008-09-09 00:00:00+05:30,216.569507,217.9830144,210.6681139,216.3221436,17241294
2008-09-10 00:00:00+05:30,215.0499871,215.5295764,209.1990883,210.274353,33404610
2008-09-11 00:00:00+05:30,208.9971367,208.9971367,200.1374787,201.667099,49802072
2008-09-12 00:00:00+05:30,204.8525238,205.9681867,193.8221176,195.1296082,59654354
2008-09-15 00:00:00+05:30,190.7931855,191.8331202,184.0840704,190.5155334,43957670
2008-09-16 00:00:00+05:30,181.7366461,195.3668973,181.7366461,194.6651917,39166941
2008-09-17 00:00:00+05:30,197.8910114,197.8910114,186.6334337,189.4755859,35299106
2008-09-18 00:00:00+05:30,181.938578,196.6794368,178.2028789,195.6950378,76522901
2008-09-19 00:00:00+05:30,200.0112731,209.1940229,197.8910188,207.4927673,45121517
2008-09-22 00:00:00+05:30,212.0261048,213.0357511,203.5753487,205.8773346,50737652
2008-09-23 00:00:00+05:30,201.9296012,211.6626136,201.9296012,202.5808258,45365420
2008-09-24 00:00:00+05:30,200.9250053,208.4872688,200.9250053,206.5840759,47808469
2008-09-25 00:00:00+05:30,206.0792528,207.9571985,201.2228496,204.5243988,43038005
2008-09-26 00:00:00+05:30,203.7469555,205.463362,197.5073339,198.2140808,30364929
2008-09-29 00:00:00+05:30,199.4054838,199.9103069,189.9147936,195.1498108,53055417
2008-09-30 00:00:00+05:30,190.8133802,200.4151284,182.2818552,196.8157349,59449825
2008-10-01 00:00:00+05:30,197.8910304,198.1939162,190.1621723,192.5095978,30413112
2008-10-03 00:00:00+05:30,197.7900729,197.7900729,176.2492299,177.8444824,93519208
2008-10-06 00:00:00+05:30,174.5681508,176.5874568,164.8351511,165.7438354,52962304
2008-10-07 00:00:00+05:30,167.7176622,172.8517305,162.9066989,169.0806885,56489869
2008-10-08 00:00:00+05:30,164.5726369,168.197278,152.3457967,166.4455414,67137013
2008-10-10 00:00:00+05:30,161.5134119,161.5134119,149.1250189,154.2338409,73448501
2008-10-13 00:00:00+05:30,157.3031521,160.9378753,156.5156222,158.6560822,39084214
2008-10-14 00:00:00+05:30,164.0678127,168.409297,162.5533433,163.6690063,40474211
2008-10-15 00:00:00+05:30,160.5390641,161.5133802,152.0984056,153.4866791,45259130
2008-10-16 00:00:00+05:30,146.3989563,147.9134255,133.7783529,140.5379486,89683073
2008-10-17 00:00:00+05:30,141.3507477,145.3893467,129.9215325,131.865097,62609392
2008-10-20 00:00:00+05:30,134.2781495,139.3314355,129.3359217,133.3644104,61508244
2008-10-21 00:00:00+05:30,136.3024841,143.8748444,133.6269257,140.8408508,58829228
2008-10-22 00:00:00+05:30,138.5792507,138.6802126,131.809558,132.9504547,39086690
2008-10-23 00:00:00+05:30,128.3262327,130.9412268,120.6932971,122.9397736,62538390
2008-10-24 00:00:00+05:30,121.1577635,122.1472173,99.95515891,102.9336166,80998549
2008-10-27 00:00:00+05:30,103.7059894,110.0516277,93.89725628,108.7390823,86584017
2008-10-29 00:00:00+05:30,121.1577444,122.9650166,116.0085387,121.3344345,67998730
2008-10-31 00:00:00+05:30,127.7154227,140.8408358,124.7268556,138.8720245,91581008
2008-11-03 00:00:00+05:30,145.2883482,146.9037929,141.0579222,145.5609589,61689421
2008-11-04 00:00:00+05:30,146.3989773,147.8124847,138.8468092,146.5605164,54802265
2008-11-05 00:00:00+05:30,151.9722392,151.9722392,125.024729,128.1294098,102413467
2008-11-06 00:00:00+05:30,121.1274769,124.4896035,116.7456079,118.1843491,83827121
2008-11-07 00:00:00+05:30,118.4317246,125.1761701,116.2407834,123.2527847,62624476
2008-11-10 00:00:00+05:30,126.2362777,132.13767,124.69152,131.567215,43389771
2008-11-11 00:00:00+05:30,129.2450335,130.2445969,120.5570244,121.9351883,59637607
2008-11-12 00:00:00+05:30,121.1577699,121.8241456,115.3573518,117.341301,72334211
2008-11-14 00:00:00+05:30,120.0875416,120.6529419,109.7840803,115.7813873,98632848
2008-11-17 00:00:00+05:30,116.1095487,118.1187453,108.8754167,115.2412491,65078384
2008-11-18 00:00:00+05:30,111.2682537,116.3114429,108.0676666,115.0948181,64322213
2008-11-19 00:00:00+05:30,116.2357313,123.3638457,112.5757602,114.3375931,88865366
2008-11-20 00:00:00+05:30,109.5468149,110.9603223,105.0033999,106.6238861,67832147
2008-11-21 00:00:00+05:30,107.5275103,116.7153077,104.2057688,113.5197754,76070173
2008-11-24 00:00:00+05:30,118.7901533,118.7901533,108.5371724,115.5845108,65458351
2008-11-25 00:00:00+05:30,118.1288168,120.0269549,106.1140046,108.2140732,66249013
2008-11-26 00:00:00+05:30,107.6941067,115.8066262,107.6941067,114.9888077,74275220
2008-11-27 00:00:00+05:30,114.9888077,114.9888077,114.9888077,114.9888077,0
2008-11-28 00:00:00+05:30,113.0805733,118.0985291,110.1525967,114.5395203,63797424
2008-12-01 00:00:00+05:30,113.6156804,119.138459,110.8744902,112.0103455,55672136
2008-12-02 00:00:00+05:30,108.0323317,109.4155504,103.4889173,108.4311447,62975613
2008-12-03 00:00:00+05:30,111.116823,112.4748014,106.013049,107.9414825,57455881
2008-12-04 00:00:00+05:30,109.4458638,118.1288401,106.0231597,117.0283279,81077077
2008-12-05 00:00:00+05:30,118.6336395,119.3403865,111.3641724,112.8382568,58443609
2008-12-08 00:00:00+05:30,116.3316364,118.603347,111.7680297,112.9341736,60947625
2008-12-10 00:00:00+05:30,115.9782595,124.5905673,114.7969781,123.9039993,65787255
2008-12-11 00:00:00+05:30,126.2060235,131.0220428,120.4813198,127.1147079,79516743
2008-12-12 00:00:00+05:30,125.1963656,133.6774104,121.7887994,131.9710999,86870714
2008-12-15 00:00:00+05:30,136.2015219,137.2111681,128.4474302,135.3483734,86264860
2008-12-16 00:00:00+05:30,136.3024956,141.027649,133.8440118,140.1896515,67795872
2008-12-17 00:00:00+05:30,140.341086,142.0574927,134.2932912,136.4438477,77332575
2008-12-18 00:00:00+05:30,135.2928634,138.5237401,129.4924311,137.4131317,93671319
2008-12-19 00:00:00+05:30,137.3373758,139.0790162,133.5259485,136.4337463,72070062
2008-12-22 00:00:00+05:30,131.759058,136.5447875,129.1339673,129.7952881,42665195
2008-12-23 00:00:00+05:30,129.3359237,129.3359237,125.8425331,127.1904221,33676275
2008-12-24 00:00:00+05:30,126.3069615,126.9127465,124.2018448,125.3982773,35923133
2008-12-26 00:00:00+05:30,126.2059876,128.7301028,121.5616049,122.1825409,27758079
2008-12-29 00:00:00+05:30,121.1577636,126.4028907,119.9461935,125.8324356,51221529
2008-12-30 00:00:00+05:30,127.2207204,128.5282112,123.9999403,126.2565002,39436803
2008-12-31 00:00:00+05:30,126.6098413,127.7911226,122.7731811,124.4643402,43146700
2009-01-02 00:00:00+05:30,127.1853547,131.2441451,126.4079209,129.8811188,43414060
2009-01-05 00:00:00+05:30,131.1532565,139.0285147,130.7595051,137.9027557,48183501
2009-01-06 00:00:00+05:30,137.3121181,140.34107,134.4093888,138.4126434,52756287
2009-01-07 00:00:00+05:30,138.2208125,139.9372192,118.6336463,121.23349,74375989
2009-01-09 00:00:00+05:30,122.1673963,122.1673963,110.4201471,116.4376526,83016869
2009-01-12 00:00:00+05:30,115.0695577,115.6046828,109.5467865,110.8492355,64436797
2009-01-13 00:00:00+05:30,110.5261753,115.7056704,107.5275185,108.7946243,57574149
2009-01-14 00:00:00+05:30,110.1626892,122.9751205,110.1626892,119.1132126,57312974
2009-01-15 00:00:00+05:30,115.2816206,117.1141268,111.8185253,115.3371429,54892324
2009-01-16 00:00:00+05:30,116.2104815,124.287664,115.0897638,122.9095001,58287963
2009-01-19 00:00:00+05:30,123.6415012,126.2009466,121.9654794,124.1766129,37148665
2009-01-20 00:00:00+05:30,122.8539853,122.8539853,117.9268947,119.5069962,40660034
2009-01-21 00:00:00+05:30,117.1191722,119.4312676,112.0709278,113.0654297,43462384
2009-01-22 00:00:00+05:30,116.0994256,116.5991939,111.7781275,114.7263031,61203969
2009-01-23 00:00:00+05:30,120.9558223,134.7879953,113.080564,116.7304382,70946672
2009-01-27 00:00:00+05:30,119.7442505,124.5350353,118.1288193,123.7777939,39227602
2009-01-28 00:00:00+05:30,126.0040731,130.244595,123.8232283,128.6291504,40185450
2009-01-29 00:00:00+05:30,129.7397396,130.7493991,125.3225418,128.2353668,55501398
2009-01-30 00:00:00+05:30,124.9944267,134.3639633,124.9944267,133.6370239,48641391
2009-02-02 00:00:00+05:30,130.2445992,136.5851831,128.583715,129.2349396,46945414
2009-02-03 00:00:00+05:30,130.2446101,134.7577296,128.5332447,131.8802338,60467187
2009-02-04 00:00:00+05:30,132.768716,135.0404266,130.7595198,132.0114746,34707190
2009-02-05 00:00:00+05:30,134.1822503,134.1822503,128.3414334,130.1234589,35930771
2009-02-06 00:00:00+05:30,131.2542167,136.3024465,130.8099709,135.782486,37982348
2009-02-09 00:00:00+05:30,136.8072895,141.2497485,135.3937823,140.3107758,38828552
2009-02-10 00:00:00+05:30,140.2299904,142.7742977,138.5590237,141.5475769,59468514
2009-02-11 00:00:00+05:30,137.8169463,140.2703882,137.4130852,139.4576111,36794369
2009-02-12 00:00:00+05:30,139.2001282,139.2001282,135.8279065,136.4589386,27513310
2009-02-13 00:00:00+05:30,138.018874,141.7545727,137.413089,140.583374,25414398
2009-02-16 00:00:00+05:30,139.7807172,141.0528779,132.3749512,133.2937317,40197078
2009-02-17 00:00:00+05:30,131.370323,131.9609703,127.0338946,127.9526749,33499857
2009-02-18 00:00:00+05:30,127.9223898,133.0513895,125.1963374,130.7645416,40022087
2009-02-19 00:00:00+05:30,130.244616,132.1629467,129.4469897,130.62323,26286999
2009-02-20 00:00:00+05:30,126.8168417,129.5378397,125.3528534,126.5492859,32176864
2009-02-24 00:00:00+05:30,124.6915317,127.5791235,121.2940619,126.5341339,39986923
2009-02-25 00:00:00+05:30,127.7204707,129.8407384,127.4731072,127.8769684,25854675
2009-02-26 00:00:00+05:30,127.0137328,130.9513559,126.3372609,130.3253784,33594353
2009-02-27 00:00:00+05:30,130.1840139,130.5474903,125.8576808,127.8264923,42086745
2009-03-02 00:00:00+05:30,124.0554381,127.589213,122.6722329,123.7474976,43205200
2009-03-03 00:00:00+05:30,124.1867184,126.4028934,118.6336505,120.8397293,45821621
2009-03-04 00:00:00+05:30,116.6496701,122.9448274,116.6496701,122.2784653,52293436
2009-03-05 00:00:00+05:30,121.9654701,123.1770535,115.3270288,116.089325,62274477
2009-03-06 00:00:00+05:30,114.0902191,118.8355641,112.6060384,118.118721,39923401
2009-03-09 00:00:00+05:30,117.2201175,117.9268643,114.9130772,116.4477386,29283265
2009-03-12 00:00:00+05:30,119.2394277,122.6318426,116.917236,121.3596954,42565853
2009-03-13 00:00:00+05:30,124.1765972,130.6282384,123.7828323,129.664032,35991799
2009-03-16 00:00:00+05:30,129.6640508,134.6870481,128.3262582,134.0408783,39608190
2009-03-17 00:00:00+05:30,134.2831909,135.5957364,130.5626428,131.2744446,41608363
2009-03-18 00:00:00+05:30,132.7788103,137.5140592,132.7788103,134.42453,38224746
2009-03-19 00:00:00+05:30,135.0909116,136.6912053,133.2836392,135.8683319,37983276
2009-03-20 00:00:00+05:30,135.191859,137.3020169,133.4754525,135.2120514,44674678
2009-03-23 00:00:00+05:30,136.7063351,146.3989625,136.7063351,145.2328186,43499158
2009-03-24 00:00:00+05:30,146.4040097,148.9230838,145.3893221,146.6463318,60343381
2009-03-25 00:00:00+05:30,146.3989731,156.394487,146.3989731,154.6982727,83712931
2009-03-26 00:00:00+05:30,156.4651706,159.4234361,153.769406,158.0604095,71881938
2009-03-27 00:00:00+05:30,156.8993178,159.8676795,154.9809872,156.3692474,59012548
2009-03-30 00:00:00+05:30,153.5775712,154.9809824,150.942384,153.108078,60118929
2009-03-31 00:00:00+05:30,154.9809535,156.692305,152.9616613,153.9460602,49999155
2009-04-01 00:00:00+05:30,153.7693885,160.9378872,151.1796411,159.650589,41804082
2009-04-02 00:00:00+05:30,162.553333,169.6208698,161.7708579,167.7378693,48027558
2009-04-06 00:00:00+05:30,171.6401501,175.9109605,166.1476602,168.7727509,46014129
2009-04-08 00:00:00+05:30,165.5772297,175.5777844,162.0485094,174.1794281,80451816
2009-04-09 00:00:00+05:30,176.6884036,178.4906211,172.1702296,175.249649,45443125
2009-04-13 00:00:00+05:30,177.6929938,180.6260252,173.9623497,179.0661163,33290726
2009-04-15 00:00:00+05:30,176.688391,185.7449308,174.9871356,184.7706146,52910376
2009-04-16 00:00:00+05:30,182.8573528,185.7752333,173.4928718,175.1739349,57919904
2009-04-17 00:00:00+05:30,176.6985056,179.78298,171.8774322,173.3515167,56174264
2009-04-20 00:00:00+05:30,173.6594609,177.1629476,170.458887,173.1950226,43137461
2009-04-21 00:00:00+05:30,171.135323,175.0376156,170.0953884,172.2560272,43770744
2009-04-22 00:00:00+05:30,173.6594739,174.9720195,170.7314969,173.45755,38704160
2009-04-23 00:00:00+05:30,173.356583,179.2024406,171.2363151,178.07164,37089448
2009-04-24 00:00:00+05:30,176.6884154,181.9385839,174.3662237,180.6109009,47905047
2009-04-27 00:00:00+05:30,180.8279574,182.4433885,177.7990055,180.2776947,36727750
2009-04-28 00:00:00+05:30,179.8183169,180.9289385,174.7700856,175.3910217,35210193
2009-04-29 00:00:00+05:30,176.7893743,183.7559494,176.2694002,182.3676758,37372907
2009-04-30 00:00:00+05:30,182.766449,182.766449,182.766449,182.766449,0
2009-05-04 00:00:00+05:30,186.8858819,191.3283423,185.8055622,190.5307159,37496293
2009-05-05 00:00:00+05:30,190.3186479,191.2980054,185.3713656,190.1823425,42684575
2009-05-06 00:00:00+05:30,190.7224836,195.6798617,187.7945072,189.9652557,42714525
2009-05-07 00:00:00+05:30,186.7848875,194.3471514,186.7848875,193.4031372,32146923
2009-05-08 00:00:00+05:30,193.8524224,195.064006,189.309001,191.8634186,34869757
2009-05-11 00:00:00+05:30,193.7514457,194.66013,186.7949675,187.9560699,32877309
2009-05-12 00:00:00+05:30,186.7798258,199.4458553,186.0781203,197.8809052,40121823
2009-05-13 00:00:00+05:30,199.1278172,199.4054692,192.4388949,195.1649475,45730547
2009-05-14 00:00:00+05:30,192.0603274,194.6096905,189.834056,192.7367859,35410007
2009-05-15 00:00:00+05:30,193.3476082,197.8910298,193.009379,196.9520569,27591942
2009-05-18 00:00:00+05:30,216.7714793,255.945832,212.1523288,239.0392761,462151
2009-05-19 00:00:00+05:30,247.363775,252.4120059,222.1225663,225.2423706,91641231
2009-05-20 00:00:00+05:30,222.1225824,227.4434244,215.6810225,217.321701,59032384
2009-05-21 00:00:00+05:30,216.5695112,219.8003872,212.2835627,213.5859985,34800216
2009-05-22 00:00:00+05:30,212.0058662,222.8494858,211.1173879,220.6837921,38903746
2009-05-25 00:00:00+05:30,222.1225232,223.6369922,217.4781409,221.592453,27159102
2009-05-26 00:00:00+05:30,220.1133484,223.0312286,215.1054892,216.337265,21734582
2009-05-27 00:00:00+05:30,219.2955778,222.627416,217.3217113,220.7444153,45717213
2009-05-28 00:00:00+05:30,220.1032822,226.7669581,220.1032822,224.197403,39356028
2009-05-29 00:00:00+05:30,226.6458222,232.9965031,223.4351383,229.381958,55968204
2009-06-01 00:00:00+05:30,235.2480052,235.2480052,227.7917579,230.4218903,26050762
2009-06-02 00:00:00+05:30,232.2291444,233.0722102,224.550781,230.1189728,28865737
2009-06-03 00:00:00+05:30,228.3117342,232.9763104,224.6971891,226.7568665,30082029
2009-06-04 00:00:00+05:30,224.6265178,229.0740327,218.0839957,228.3571625,33775337
2009-06-05 00:00:00+05:30,229.6949438,230.3007423,221.112937,223.4098816,40927517
2009-06-08 00:00:00+05:30,222.8292859,228.3621739,219.6993858,221.5167542,33055905
2009-06-09 00:00:00+05:30,220.9109838,231.3103719,219.5984518,229.4071655,36345045
2009-06-10 00:00:00+05:30,231.3103608,236.2475199,230.8206752,234.2585297,34694005
2009-06-11 00:00:00+05:30,234.2383685,234.7431781,230.4521747,232.5471954,22236115
2009-06-12 00:00:00+05:30,233.2286735,240.1952341,232.7490708,238.4889374,43019175
2009-06-15 00:00:00+05:30,238.2466852,238.2466852,218.6191054,219.982132,62480205
2009-06-16 00:00:00+05:30,217.0742947,220.5979732,214.7117186,216.4028778,44870038
2009-06-17 00:00:00+05:30,214.6309909,219.9013519,205.5996834,207.1141663,43046719
2009-06-18 00:00:00+05:30,207.7855517,209.2495399,200.9300355,204.4587555,54312001
2009-06-19 00:00:00+05:30,206.4730244,208.2348571,199.6175076,206.1196442,42449160
2009-06-22 00:00:00+05:30,206.7456184,206.9778443,195.1195228,197.1337738,40433018
2009-06-23 00:00:00+05:30,191.8331029,205.3320878,191.8331029,203.4743347,52029156
2009-06-24 00:00:00+05:30,204.453701,205.5390617,199.1076129,202.1668396,41212516
2009-06-25 00:00:00+05:30,202.0507531,204.3527523,196.1190717,197.699173,46686191
2009-06-26 00:00:00+05:30,198.5119309,205.6652918,198.1888528,204.8777618,34815029
2009-06-29 00:00:00+05:30,204.5546794,213.3285125,202.409178,210.7135315,32603982
2009-06-30 00:00:00+05:30,212.0260876,212.9650605,202.9998223,204.2921753,26084929
2009-07-01 00:00:00+05:30,204.9484526,210.5116027,200.7180268,207.866333,32531518
2009-07-02 00:00:00+05:30,220.4061683,220.4061683,201.4601303,203.0755615,33686302
2009-07-03 00:00:00+05:30,201.9296283,205.4735001,199.9103357,204.7213135,37909158
2009-07-06 00:00:00+05:30,206.7758848,207.1797459,187.900523,191.1414948,51827829
2009-07-07 00:00:00+05:30,191.934072,193.1456555,184.2809433,187.3351288,51057090
2009-07-08 00:00:00+05:30,187.3351537,190.8234894,181.4640491,184.7302551,50495159
2009-07-09 00:00:00+05:30,185.2704204,189.2989092,184.7756935,187.1281738,32268349
2009-07-10 00:00:00+05:30,187.0877687,188.4962212,176.1835717,179.2276611,36758916
2009-07-13 00:00:00+05:30,176.6581061,178.556244,173.3666533,176.7843018,36305996
2009-07-14 00:00:00+05:30,179.1115576,184.2607639,178.3038353,183.1551971,32365032
2009-07-15 00:00:00+05:30,186.7848673,190.8234653,182.3979441,189.4402466,27771011
2009-07-16 00:00:00+05:30,191.9340729,198.7390946,189.8138187,195.4072571,48357416
2009-07-17 00:00:00+05:30,196.3866009,198.4967721,194.3875012,195.5738373,28917805
2009-07-20 00:00:00+05:30,197.8910215,205.8672292,196.8813753,205.2917328,36034847
2009-07-21 00:00:00+05:30,210.8851851,210.8851851,202.6716966,203.8126068,26978476
2009-07-22 00:00:00+05:30,204.4537214,207.7451608,198.1535089,199.4761505,27518674
2009-07-23 00:00:00+05:30,200.9199676,207.3615274,200.6170684,206.1247101,25944577
2009-07-24 00:00:00+05:30,206.9778327,208.734624,200.5261776,203.6308441,37085126
2009-07-27 00:00:00+05:30,196.8813751,201.4247831,192.5045476,195.9373474,52651678
2009-07-28 00:00:00+05:30,196.5784697,197.8607265,190.3792324,192.6004486,50364983
2009-07-29 00:00:00+05:30,191.8331572,195.6698188,188.9051801,194.9024811,41704949
2009-07-30 00:00:00+05:30,193.8524224,194.3976303,190.7225084,191.8634186,26943006
2009-07-31 00:00:00+05:30,193.3476067,199.3954015,192.9689928,197.42659,30553219
2009-08-03 00:00:00+05:30,198.7895931,205.0595034,197.699164,203.6459961,23955323
2009-08-04 00:00:00+05:30,205.2614798,207.2807861,202.1820597,205.9429932,33575331
2009-08-05 00:00:00+05:30,205.4633509,210.4106193,205.1200669,209.6432953,33289859
2009-08-06 00:00:00+05:30,206.3367026,214.5501903,204.5900075,206.6547394,43022238
2009-08-07 00:00:00+05:30,205.6147965,208.3913299,200.9401252,201.7024078,34997614
2009-08-10 00:00:00+05:30,205.0040019,205.4381517,199.2035703,200.7281494,26363427
2009-08-11 00:00:00+05:30,201.2228391,206.7809475,199.8093318,201.9699707,27474086
2009-08-12 00:00:00+05:30,199.4004488,201.9296193,196.204916,200.9906464,29958739
2009-08-13 00:00:00+05:30,204.4537129,206.3821394,201.6266985,204.3830261,26524147
2009-08-14 00:00:00+05:30,204.6556461,208.391345,202.6363538,205.6097565,29262231
2009-08-17 00:00:00+05:30,202.8382805,202.9392424,194.3572365,196.0685883,30040259
2009-08-18 00:00:00+05:30,194.2260017,197.5073588,193.8675802,195.9928894,26014696
2009-08-19 00:00:00+05:30,195.8717235,196.8712735,188.9051616,190.40448,29148426
2009-08-20 00:00:00+05:30,191.8331376,194.7611145,190.6770899,191.6715851,20579108
2009-08-21 00:00:00+05:30,190.6215381,195.3668831,188.561861,194.7409058,26343198
2009-08-24 00:00:00+05:30,197.8910427,200.0012011,196.7400362,199.3348389,22140885
2009-08-25 00:00:00+05:30,198.4160462,205.2614538,197.4417299,204.5193634,28437053
2009-08-26 00:00:00+05:30,204.5597642,206.6446888,203.065487,205.9833679,21993621
2009-08-27 00:00:00+05:30,205.3623939,207.8865227,203.9488866,206.2054596,25676360
2009-08-28 00:00:00+05:30,206.9778826,210.0068217,204.5092891,209.4111328,21877637
2009-08-31 00:00:00+05:30,208.3913358,208.3913358,201.4247615,202.4445038,31540641
2009-09-01 00:00:00+05:30,204.4334996,206.1700983,198.4362003,199.996109,22733195
2009-09-02 00:00:00+05:30,198.7996945,201.7175749,197.8910103,199.0167694,23849191
2009-09-03 00:00:00+05:30,199.9103156,200.637255,194.1856127,194.9428406,26446530
2009-09-04 00:00:00+05:30,195.6697632,201.323792,195.366864,200.0263977,25361664
2009-09-07 00:00:00+05:30,200.4151136,202.8332256,199.5569104,202.2173309,22578214
2009-09-08 00:00:00+05:30,203.444063,211.4606685,202.4697603,209.5625305,52059674
2009-09-09 00:00:00+05:30,209.5019802,219.5479755,208.1894346,218.937149,52578339
2009-09-10 00:00:00+05:30,221.1179633,226.1510702,215.3175323,216.816864,35669728
2009-09-11 00:00:00+05:30,218.5887731,219.2248601,212.5308964,216.1504822,31370847
2009-09-14 00:00:00+05:30,215.5598333,217.9930828,213.1871609,216.0141754,19047648
2009-09-15 00:00:00+05:30,216.266596,220.5071043,216.266596,220.1941223,18872954
2009-09-16 00:00:00+05:30,221.7186941,224.010597,218.4474335,220.5071106,19382756
2009-09-17 00:00:00+05:30,220.6081237,222.1225932,209.0981261,210.6277466,145062738
2009-09-18 00:00:00+05:30,210.0067583,213.3385957,209.5120315,212.2835236,25713816
2009-09-22 00:00:00+05:30,214.9237892,216.0343974,210.8246136,211.8191223,23011168
2009-09-23 00:00:00+05:30,211.7231889,214.5502036,211.0164285,212.1977234,24365231
2009-09-24 00:00:00+05:30,211.0164273,215.0550254,207.7855649,212.121994,41664465
2009-09-25 00:00:00+05:30,210.4510534,216.8623249,209.5120804,215.5598755,31204369
2009-09-29 00:00:00+05:30,216.6200096,220.2648434,216.0647055,219.1996613,40254449
2009-09-30 00:00:00+05:30,220.5071458,223.42504,218.5888151,222.2891846,36946165
2009-10-01 00:00:00+05:30,222.1124575,222.1124575,217.4781707,219.5328064,26342402
2009-10-05 00:00:00+05:30,218.0738779,219.2955576,214.1766397,215.9738159,25912186
2009-10-06 00:00:00+05:30,218.0789341,218.0789341,212.2280219,215.4689941,32106115
2009-10-07 00:00:00+05:30,217.0238483,217.8820516,210.4207496,212.1573486,27123920
2009-10-08 00:00:00+05:30,222.1225667,225.7068228,212.0260913,214.0100403,61481645
2009-10-09 00:00:00+05:30,214.9187351,215.2165795,211.016442,212.0008545,27668151
2009-10-12 00:00:00+05:30,214.0454021,220.7090784,214.0454021,218.9977264,39339692
2009-10-13 00:00:00+05:30,218.2859192,218.2859192,218.2859192,218.2859192,0
2009-10-14 00:00:00+05:30,219.5984518,221.870149,217.3418787,220.5273285,29186933
2009-10-15 00:00:00+05:30,222.0216052,224.3236044,218.5887919,219.2450714,28442679
2009-10-16 00:00:00+05:30,220.523964,226.2148918,219.6093475,225.4781189,29379397
2009-10-20 00:00:00+05:30,228.1457696,232.0379508,221.3217194,222.002594,27662481
2009-10-21 00:00:00+05:30,221.4385473,224.4872734,220.3867492,221.7637482,22306470
2009-10-22 00:00:00+05:30,221.7434738,221.7434738,215.5444128,216.9874725,20217305
2009-10-23 00:00:00+05:30,218.1053184,218.9284761,207.06896,208.0597992,44095335
2009-10-26 00:00:00+05:30,208.3290865,210.1583196,203.6543828,204.8078156,27736152
2009-10-27 00:00:00+05:30,203.4511087,204.2640905,200.7072595,202.3332367,30934515
2009-10-28 00:00:00+05:30,201.7285807,207.6532634,201.7285807,206.7183228,25810298
2009-10-29 00:00:00+05:30,203.3494986,207.709177,201.2560508,203.1869049,30886813
2009-10-30 00:00:00+05:30,203.3545823,206.8047184,195.3212017,196.2510681,43583626
2009-11-03 00:00:00+05:30,195.1230302,195.6057368,183.1517199,184.808197,42857711
2009-11-04 00:00:00+05:30,188.0042761,195.9309476,186.2461779,195.1890869,39964979
2009-11-05 00:00:00+05:30,194.0153503,197.9634432,188.1059168,197.2673187,30087288
2009-11-06 00:00:00+05:30,196.1341733,200.6970932,196.1341733,198.928833,30606215
2009-11-09 00:00:00+05:30,200.7072932,206.4998556,199.3455304,205.7275085,28682653
2009-11-10 00:00:00+05:30,207.3128312,213.6592481,203.7559864,208.786377,55352725
2009-11-11 00:00:00+05:30,210.1583342,216.4996643,206.8707914,214.8330383,36604347
2009-11-12 00:00:00+05:30,215.9508976,218.084994,211.7843123,213.537323,33326415
2009-11-13 00:00:00+05:30,212.3940367,216.3573796,211.794459,215.3919525,22380386
2009-11-16 00:00:00+05:30,218.3898295,219.7007815,216.6266571,218.8572998,18087647
2009-11-17 00:00:00+05:30,219.5077115,219.6804808,214.1216468,216.6978149,26297936
2009-11-18 00:00:00+05:30,219.7109821,219.7109821,212.8107091,213.4153748,34189418
2009-11-19 00:00:00+05:30,213.2832438,214.4163524,210.6562653,211.7639618,20240605
2009-11-20 00:00:00+05:30,211.3778233,216.9620564,209.8534668,215.7781372,27023694
2009-11-23 00:00:00+05:30,219.5077063,224.3602535,216.7689446,223.0594635,48369770
2009-11-24 00:00:00+05:30,222.7596779,224.0807922,220.3308671,221.2556458,30382900
2009-11-25 00:00:00+05:30,222.1245306,226.2047309,220.5137895,223.0340729,36335219
2009-11-26 00:00:00+05:30,225.8084148,225.8084148,214.0810066,216.2049408,22221066
2009-11-27 00:00:00+05:30,213.4102853,215.0362627,205.4836132,212.5871277,25469866
2009-11-30 00:00:00+05:30,215.9508717,219.2841368,214.2232597,216.1541138,18071456
2009-12-01 00:00:00+05:30,218.4914647,223.5726659,216.9061357,223.1661682,12511349
2009-12-02 00:00:00+05:30,224.639682,227.3632069,221.7840498,223.664093,20681036
2009-12-03 00:00:00+05:30,224.5686046,227.6376418,221.9670378,223.5015564,17415284
2009-12-04 00:00:00+05:30,221.743424,224.9953922,219.5686796,221.2149811,13963709
2009-12-07 00:00:00+05:30,221.1336923,222.3734961,213.4102761,214.4265137,20671910
2009-12-08 00:00:00+05:30,215.4427588,220.4121635,214.4570076,219.5788574,20434211
2009-12-09 00:00:00+05:30,217.4752459,219.1012234,215.8797547,217.8512573,11179921
2009-12-10 00:00:00+05:30,218.227238,219.9141878,215.8492379,217.8410645,12944596
2009-12-11 00:00:00+05:30,219.5076874,221.1336782,216.3573539,217.7292786,15450296
2009-12-14 00:00:00+05:30,217.0687253,220.3206935,216.0524878,217.0585632,13923500
2009-12-15 00:00:00+05:30,217.0687234,218.2882165,213.0037733,213.7354584,14673678
2009-12-16 00:00:00+05:30,213.3899076,214.4264828,210.9915836,212.8309784,14773099
2009-12-17 00:00:00+05:30,214.3858722,214.3858722,209.3453192,210.3513947,14196403
2009-12-18 00:00:00+05:30,210.3615529,210.3615529,204.264114,204.8027191,21984942
2009-12-21 00:00:00+05:30,203.4511244,209.507901,201.2153937,206.6929169,24594381
2009-12-22 00:00:00+05:30,206.9470112,209.1014318,205.5446,207.1502533,13939289
2009-12-23 00:00:00+05:30,208.3290764,217.048406,207.5973778,216.7028809,21453446
2009-12-24 00:00:00+05:30,218.4914785,220.2800632,215.1074027,218.7557068,16147574
2009-12-29 00:00:00+05:30,219.3044344,221.3369092,217.4752016,219.5584869,12172264
2009-12-30 00:00:00+05:30,219.4670358,220.5239352,217.3735883,218.7048645,9279882
2009-12-31 00:00:00+05:30,220.3207012,222.759674,219.7820961,221.6519775,17542130
2010-01-04 00:00:00+05:30,221.7637809,221.7637809,207.6888718,218.5931091,76646086
2010-01-05 00:00:00+05:30,233.7147401,233.7147401,216.5402825,217.6174927,21392825
2010-01-06 00:00:00+05:30,219.4873975,222.4548271,217.6073538,221.1337128,23691760
2010-01-07 00:00:00+05:30,221.1337226,226.6214088,219.1012337,224.8023376,26197920
2010-01-08 00:00:00+05:30,225.1986418,226.3774866,222.7596691,224.2128906,15110149
2010-01-11 00:00:00+05:30,230.6253374,233.6740769,213.4102596,219.812561,188649642
2010-01-12 00:00:00+05:30,222.5564264,231.1538106,218.8979605,220.3918304,32790509
2010-01-13 00:00:00+05:30,221.1337005,221.9466824,217.1906819,221.2556458,15360176
2010-01-14 00:00:00+05:30,220.7272097,228.61322,220.7272097,227.9831696,24545629
2010-01-15 00:00:00+05:30,228.816474,231.4790269,224.5990917,225.7575989,18766617
2010-01-18 00:00:00+05:30,224.9954105,226.9161025,221.936522,223.4710541,14172193
2010-01-19 00:00:00+05:30,223.5726844,224.8023263,220.0463255,220.5239716,13064666
2010-01-20 00:00:00+05:30,222.5564175,222.9832395,217.8817142,218.9995728,19331024
2010-01-21 00:00:00+05:30,218.4914728,218.8979706,213.4610955,214.233429,18611321
2010-01-22 00:00:00+05:30,211.581081,217.6785209,209.2437288,214.1928101,39869565
2010-01-25 00:00:00+05:30,213.3391294,214.3045564,210.7070766,211.7944489,13393277
2010-01-27 00:00:00+05:30,210.1583032,213.4102713,207.3128327,208.8473511,24843485
2010-01-28 00:00:00+05:30,211.377807,212.6887593,208.3290941,210.7985535,33223459
2010-01-29 00:00:00+05:30,209.9347382,213.7761223,206.9266739,212.6379395,23333042
2010-02-01 00:00:00+05:30,210.8696599,214.4265047,210.4733243,212.4753265,12132865
2010-02-02 00:00:00+05:30,213.8167855,214.7009158,208.146168,208.7965698,17248998
2010-02-03 00:00:00+05:30,209.5688653,213.0850616,209.5688653,210.1481323,15052266
2010-02-04 00:00:00+05:30,210.971282,210.971282,206.0933366,207.1400604,11974603
2010-02-05 00:00:00+05:30,198.1666933,204.823048,198.1666933,199.5284424,29882876
2010-02-08 00:00:00+05:30,200.1991804,204.1320236,198.1667052,202.0995483,25894932
2010-02-09 00:00:00+05:30,201.9775518,202.8413577,199.7316728,201.8759308,14292031
2010-02-10 00:00:00+05:30,203.227593,203.227593,199.5894505,200.2195282,18261247
2010-02-11 00:00:00+05:30,201.0629831,207.2722055,200.910538,206.3271027,23450102
2010-02-15 00:00:00+05:30,208.7355581,208.7355581,204.7925399,205.2803345,13498617
2010-02-16 00:00:00+05:30,205.3006887,207.5160954,204.2641269,206.855545,10068256
2010-02-17 00:00:00+05:30,208.3290681,210.9306344,207.7294904,209.8635864,15630122
2010-02-18 00:00:00+05:30,209.3453207,211.0424464,202.2316441,202.8007355,19834114
2010-02-19 00:00:00+05:30,202.2316683,202.2316683,198.603688,199.8333435,17754534
2010-02-22 00:00:00+05:30,202.292611,203.2478759,197.150437,198.7662659,12692045
2010-02-23 00:00:00+05:30,197.9634331,199.7926661,197.1504376,198.2378235,12976934
2010-02-24 00:00:00+05:30,197.1504564,200.3414523,196.4695818,198.9390411,12487589
2010-02-25 00:00:00+05:30,199.2032401,200.1991534,194.9451966,195.7480164,18954063
2010-02-26 00:00:00+05:30,196.9471848,202.2316279,196.3882555,198.9694977,22579233
2010-03-02 00:00:00+05:30,200.1991929,203.0446639,199.0609963,199.8333435,18210596
2010-03-03 00:00:00+05:30,200.8089109,208.9388251,200.8089109,208.2884369,26623966
2010-03-04 00:00:00+05:30,211.3777812,211.3777812,204.8738584,206.093338,20781218
2010-03-05 00:00:00+05:30,207.7193351,208.532317,204.2844354,205.2397003,11774505
2010-03-08 00:00:00+05:30,207.5567421,208.7355869,203.6543853,204.0812073,11941298
2010-03-09 00:00:00+05:30,204.5690151,205.6462254,200.8190896,201.2865601,17459521
2010-03-10 00:00:00+05:30,202.231646,207.0892676,201.073139,205.0263062,24807175
2010-03-11 00:00:00+05:30,205.2803261,207.3128145,204.6705864,206.5912781,14583772
2010-03-12 00:00:00+05:30,206.2966061,209.9550586,206.0933504,207.638031,22333253
2010-03-15 00:00:00+05:30,207.7193329,209.7416458,205.9104241,208.9489746,18131701
2010-03-16 00:00:00+05:30,209.751807,217.8410724,209.1420672,217.0585632,33998717
2010-03-17 00:00:00+05:30,218.4508226,220.0158274,216.6215896,217.4142609,21599472
2010-03-18 00:00:00+05:30,218.2882548,219.8329356,216.2761037,218.8878326,15292424
2010-03-19 00:00:00+05:30,219.263779,222.8612583,217.505681,221.9568176,19737747
2010-03-22 00:00:00+05:30,215.8492502,223.3694107,215.8492502,218.2780609,20468483
2010-03-23 00:00:00+05:30,219.0910501,222.3430184,218.887808,221.8247375,20005544
2010-03-25 00:00:00+05:30,222.7596785,222.9629342,218.9792672,221.8348999,22967888
2010-03-26 00:00:00+05:30,222.9628944,225.8083645,222.586883,223.664093,18075516
2010-03-29 00:00:00+05:30,224.3246481,225.5949517,221.7434062,222.2108765,20249784
2010-03-30 00:00:00+05:30,222.7596449,224.7311471,220.1174303,221.1641541,18938795
2010-03-31 00:00:00+05:30,222.1296239,222.5564459,217.7394725,218.3390503,21647708
2010-04-01 00:00:00+05:30,219.1011718,223.267756,218.8979298,221.9568176,12519976
2010-04-05 00:00:00+05:30,222.8612817,229.5989599,222.8612817,228.8367615,19912935
2010-04-06 00:00:00+05:30,229.2636141,230.2798516,227.6782715,228.2880249,12481837
2010-04-07 00:00:00+05:30,228.6538659,233.6741084,228.2677059,229.6091309,20218574
2010-04-08 00:00:00+05:30,230.2798639,230.9912384,223.8775615,224.9039612,14723428
2010-04-09 00:00:00+05:30,225.2392759,229.8733443,225.2392759,228.592865,16826518
2010-04-12 00:00:00+05:30,232.7188143,232.7188143,228.1762049,229.1314697,12699784
2010-04-13 00:00:00+05:30,229.2636145,230.4830941,225.8693766,227.8205414,13971281
2010-04-15 00:00:00+05:30,228.6538581,230.666009,220.9406039,221.6824646,24286918
2010-04-16 00:00:00+05:30,220.7475477,222.5564567,217.7089968,220.3715363,18193722
2010-04-19 00:00:00+05:30,219.4670461,219.4670461,213.6135115,215.8085938,16389189
2010-04-20 00:00:00+05:30,217.4447862,219.4569375,214.2944384,216.0931854,16748550
2010-04-21 00:00:00+05:30,217.4752355,218.2272584,213.0342737,214.2435913,19187549
2010-04-22 00:00:00+05:30,213.5118939,222.3328443,213.420435,218.6439056,25598349
2010-04-23 00:00:00+05:30,219.5077227,222.7596913,219.5077227,221.1743622,23235165
2010-04-26 00:00:00+05:30,219.5076874,223.1255047,216.1540983,217.7292786,16652152
2010-04-27 00:00:00+05:30,216.0524951,217.0687326,214.4265177,215.6968079,13970196
2010-04-28 00:00:00+05:30,214.213094,214.213094,205.6868446,206.7539063,40110291
2010-04-29 00:00:00+05:30,208.1258265,211.3574706,207.1400752,210.3717194,23447044
2010-04-30 00:00:00+05:30,211.3777876,212.8411712,209.3453125,210.0770111,15821019
2010-05-03 00:00:00+05:30,208.5323052,209.8737435,206.9266521,208.0749969,12535244
2010-05-04 00:00:00+05:30,208.1664564,211.174534,205.991712,207.5465546,17348783
2010-05-05 00:00:00+05:30,205.2803654,208.0343772,203.9186162,207.4449615,14976570
2010-05-06 00:00:00+05:30,207.2721482,207.9835089,204.060829,204.843338,23863448
2010-05-07 00:00:00+05:30,198.3699227,215.4427454,198.3699227,209.9143982,72063684
2010-05-10 00:00:00+05:30,215.1937288,221.5410191,212.9414593,221.008667,38050844
2010-05-11 00:00:00+05:30,222.9742894,222.9742894,217.722415,218.6335602,26325489
2010-05-12 00:00:00+05:30,220.3227493,223.0664082,217.8657342,221.7355347,15294301
2010-05-13 00:00:00+05:30,217.4459689,223.8751566,217.4459689,219.4525299,11947698
2010-05-14 00:00:00+05:30,218.6130799,219.2887677,211.9177084,213.6888123,18161695
2010-05-17 00:00:00+05:30,211.8562711,211.8562711,206.5941599,208.1400299,20611809
2010-05-18 00:00:00+05:30,208.846452,211.6003484,206.3484739,208.9692993,15445191
2010-05-19 00:00:00+05:30,208.232152,208.3857249,203.7481016,204.4749756,26097480
2010-05-20 00:00:00+05:30,204.9561311,207.4131459,203.4716713,204.7411346,18577281
2010-05-21 00:00:00+05:30,202.683416,204.720689,199.8578452,203.8402557,19167407
2010-05-24 00:00:00+05:30,208.4369286,214.7739815,208.1195593,209.3890228,24726303
2010-05-25 00:00:00+05:30,209.8701874,209.8701874,201.2194414,201.8132172,25245934
2010-05-26 00:00:00+05:30,203.707172,206.7989121,202.908637,206.3996582,13726569
2010-05-27 00:00:00+05:30,207.0036428,210.4229889,205.07898,209.3070984,27405100
2010-05-28 00:00:00+05:30,210.8836875,212.7366894,207.7202732,212.2555237,17535288
2010-05-31 00:00:00+05:30,210.9246591,214.6818495,210.6380016,214.0880737,16548811
2010-06-01 00:00:00+05:30,213.6171222,213.9651896,205.5908645,206.9115143,19466130
2010-06-02 00:00:00+05:30,207.8226271,209.0511275,205.4372735,207.013855,19728249
2010-06-03 00:00:00+05:30,208.8259127,212.5319022,208.8259127,211.0576935,17106958
2010-06-04 00:00:00+05:30,211.0986551,212.1224238,209.3480399,211.1396179,14088022
2010-06-07 00:00:00+05:30,207.8226556,207.8226556,204.7513769,206.3381958,13503377
2010-06-08 00:00:00+05:30,206.7375127,207.3517768,203.7481451,204.014328,15226706
2010-06-09 00:00:00+05:30,204.7923372,207.8226671,204.7513881,206.1948853,15242486
2010-06-10 00:00:00+05:30,206.7989335,208.3243428,206.2153949,207.8943634,13962908
2010-06-11 00:00:00+05:30,209.8701687,215.1629913,209.0511592,214.2518463,23307069
2010-06-14 00:00:00+05:30,215.9922599,219.084,214.8046947,217.7531128,15892958
2010-06-15 00:00:00+05:30,218.1011904,219.0635219,215.0094504,218.2854614,18992836
2010-06-16 00:00:00+05:30,219.0839511,219.6265403,216.0331608,216.6166992,11833071
2010-06-17 00:00:00+05:30,217.7121727,220.517269,216.6884175,219.3706665,21047804
2010-06-18 00:00:00+05:30,221.172415,223.1380404,215.1015462,215.8795929,38277934
2010-06-21 00:00:00+05:30,217.2412195,219.4320652,217.2412195,218.1933136,11792906
2010-06-22 00:00:00+05:30,217.6507025,220.0667681,216.411951,217.8144989,12908863
2010-06-23 00:00:00+05:30,216.9750687,218.5721251,215.8079779,216.7703094,11659191
2010-06-24 00:00:00+05:30,216.8317293,218.2240402,214.4361379,215.4087067,18805263
2010-06-25 00:00:00+05:30,214.9889645,218.67448,213.5557046,217.6404877,20325423
2010-06-28 00:00:00+05:30,219.9029807,223.588496,218.090928,223.2097168,31472648
2010-06-29 00:00:00+05:30,223.3837689,223.3837689,217.8964377,218.5618744,14213976
2010-06-30 00:00:00+05:30,217.0364977,223.9878012,216.5246201,223.1483307,26637611
2010-07-01 00:00:00+05:30,221.9504969,222.4316626,218.3673543,220.363678,13310905
2010-07-02 00:00:00+05:30,220.3125004,221.9402686,218.1216547,218.8690033,10948784
2010-07-05 00:00:00+05:30,219.0839973,219.7289594,217.5893137,218.7359161,6399512
2010-07-06 00:00:00+05:30,218.1626204,221.5205434,218.1626204,219.8825378,9255011
2010-07-07 00:00:00+05:30,219.9030053,220.0668017,215.1937207,215.7158356,13738578
2010-07-08 00:00:00+05:30,217.0364637,218.9918383,216.0638951,216.442688,11977911
2010-07-09 00:00:00+05:30,217.8452511,218.2649795,215.715829,216.5553131,12974909
2010-07-12 00:00:00+05:30,217.0364694,218.6642375,215.4086876,216.2686462,12563614
2010-07-13 00:00:00+05:30,216.4734393,220.6708329,216.4734393,219.964447,15043285
2010-07-14 00:00:00+05:30,221.1314762,224.0901448,218.5209023,219.1761017,15970199
2010-07-15 00:00:00+05:30,219.4832733,221.3158008,218.6949755,219.7904053,13877250
2010-07-16 00:00:00+05:30,219.2989813,219.9029943,217.0364746,217.6404877,8779539
2010-07-19 00:00:00+05:30,216.647449,218.2445053,215.7670157,216.2277069,9808534
2010-07-20 00:00:00+05:30,216.4222492,218.2445258,214.8047045,215.5930023,6845092
2010-07-21 00:00:00+05:30,216.8112351,217.6507191,216.1457984,216.7088623,9824712
2010-07-22 00:00:00+05:30,216.708894,217.2105343,214.4975871,216.8317413,15879834
2010-07-23 00:00:00+05:30,217.8452378,219.2682467,216.3812525,217.1286011,13790021
2010-07-26 00:00:00+05:30,217.7531269,218.551662,215.0401797,215.6237183,9113728
2010-07-27 00:00:00+05:30,216.8009823,217.2719107,215.2141635,215.7055664,12133425
2010-07-28 00:00:00+05:30,217.650713,219.8313213,208.436904,209.1023407,52927114
2010-07-29 00:00:00+05:30,210.5868124,210.5868124,206.389419,206.8296356,46281590
2010-07-30 00:00:00+05:30,207.8123956,208.9180488,206.2358005,206.7272034,19242072
2010-08-02 00:00:00+05:30,208.027394,209.2149591,207.0855372,207.7304993,12676917
2010-08-03 00:00:00+05:30,208.6723461,211.0781743,207.6178793,210.4332123,20104173
2010-08-04 00:00:00+05:30,210.4844056,211.0986559,207.3210051,208.0376282,18318233
2010-08-05 00:00:00+05:30,208.8361849,209.6039944,205.7853805,206.1948853,18308022
2010-08-06 00:00:00+05:30,206.5736814,206.8193761,204.444273,204.7718658,19955917
2010-08-09 00:00:00+05:30,204.7513916,205.9799059,203.1133861,203.440979,22253619
2010-08-10 00:00:00+05:30,202.9086201,205.2427877,201.9462887,202.2738953,19989721
2010-08-11 00:00:00+05:30,202.6629476,203.7071774,200.6768609,201.3218231,21917268
2010-08-12 00:00:00+05:30,200.6563613,201.321798,198.6088375,199.1411896,24910354
2010-08-13 00:00:00+05:30,198.7112237,203.4819316,198.7112237,200.4720764,30512197
2010-08-16 00:00:00+05:30,200.6563602,203.0929005,199.6326052,200.0216217,14028775
2010-08-17 00:00:00+05:30,200.656369,201.6698868,198.6088451,198.7419434,14788743
2010-08-18 00:00:00+05:30,199.223091,200.0420868,196.2234732,197.5031738,24859327
2010-08-19 00:00:00+05:30,197.3189203,201.659649,197.3189203,200.0830536,20662946
2010-08-20 00:00:00+05:30,200.0830548,203.4000284,199.1207233,202.4274597,20996195
2010-08-23 00:00:00+05:30,203.1236124,203.1236124,199.7554525,200.0216217,13543428
2010-08-24 00:00:00+05:30,200.0216326,200.8611167,198.0560206,199.1002502,19276160
2010-08-25 00:00:00+05:30,198.6088554,200.2161627,197.687473,198.1584015,18620473
2010-08-26 00:00:00+05:30,198.6088587,199.2231227,195.5478305,195.8344879,27834839
2010-08-27 00:00:00+05:30,196.3361035,196.7455946,193.807414,194.4319153,24315870
2010-08-30 00:00:00+05:30,194.9437918,197.5441285,193.4900574,194.0940704,11908601
2010-08-31 00:00:00+05:30,193.4184452,194.5036242,187.3475607,188.2075195,46605039
2010-09-01 00:00:00+05:30,189.4053117,193.244401,188.5760647,191.6882935,27886811
2010-09-02 00:00:00+05:30,193.4900515,193.8278817,191.6472871,191.9441681,17699285
2010-09-03 00:00:00+05:30,192.4663022,192.7938951,189.231227,189.5383453,14440305
2010-09-06 00:00:00+05:30,190.6133103,196.0904041,188.8422066,195.0564117,33928353
2010-09-07 00:00:00+05:30,195.5375887,198.5474305,195.1280839,197.0322723,28379708
2010-09-08 00:00:00+05:30,195.5580792,197.5236915,194.9233543,196.4794617,11632859
2010-09-09 00:00:00+05:30,197.1653579,198.0355539,195.5785388,196.2644501,10114309
2010-09-13 00:00:00+05:30,199.0183524,203.8300096,197.6567534,203.2157593,27474309
2010-09-14 00:00:00+05:30,203.829994,205.3656265,201.5470265,202.3250732,19472955
2010-09-15 00:00:00+05:30,202.4991427,208.580264,202.4991427,207.5974579,33554695
2010-09-16 00:00:00+05:30,207.2289187,207.8943692,204.1781273,204.8230896,18540979
2010-09-17 00:00:00+05:30,205.775149,211.1805957,205.775149,210.3513489,31955142
2010-09-20 00:00:00+05:30,210.6891753,213.7502032,209.0716309,213.2280884,30419766
2010-09-21 00:00:00+05:30,213.3509581,214.6818453,209.8804252,211.94841,21351925
2010-09-22 00:00:00+05:30,211.7129414,213.6990279,207.8226666,208.8566589,25872625
2010-09-23 00:00:00+05:30,208.8566704,209.6654291,203.9323893,204.2702332,23030491
2010-09-24 00:00:00+05:30,204.7513743,206.5941388,203.1338436,205.0892181,22669074
2010-09-27 00:00:00+05:30,206.3894051,208.8259455,205.7956157,206.839859,16465376
2010-09-28 00:00:00+05:30,206.4508514,207.2084237,203.3181485,204.4442902,19682506
2010-09-29 00:00:00+05:30,204.7513764,206.5941409,203.7276214,204.5466309,17790040
2010-09-30 00:00:00+05:30,205.1608869,205.1608869,200.2673317,202.1408081,28981699
2010-10-01 00:00:00+05:30,203.1133922,206.7989079,202.7038874,206.3689423,19104034
2010-10-04 00:00:00+05:30,207.8124132,210.033957,207.8124132,208.406189,21163057
2010-10-05 00:00:00+05:30,208.0274262,211.2625018,206.5941662,209.6347198,22938984
2010-10-06 00:00:00+05:30,210.8939281,214.3746981,210.2694405,213.9549561,28137687
2010-10-07 00:00:00+05:30,213.9549772,216.1662976,211.4058265,212.7674255,31547758
2010-10-08 00:00:00+05:30,214.3132691,215.9717627,211.0065329,214.9172821,20865341
2010-10-11 00:00:00+05:30,216.2174882,219.5446995,215.6237124,218.9202118,25796876
2010-10-12 00:00:00+05:30,218.6744567,218.9611141,214.2006439,216.1355438,13979878
2010-10-13 00:00:00+05:30,216.2379179,219.9029722,215.9512742,219.7084503,23967306
2010-10-14 00:00:00+05:30,220.1077662,221.4386534,215.8489352,216.8317413,24414709
2010-10-15 00:00:00+05:30,217.0364649,218.6744703,212.0405234,213.013092,11601973
2010-10-18 00:00:00+05:30,213.4021536,218.0500147,211.5593888,214.4668579,22209315
2010-10-19 00:00:00+05:30,218.0602275,218.8178134,212.7878793,213.8423462,18579617
2010-10-20 00:00:00+05:30,212.8185802,217.937369,212.5319228,214.8763275,18232837
2010-10-21 00:00:00+05:30,215.3984765,222.7388239,214.8251753,221.4693604,37273145
2010-10-22 00:00:00+05:30,222.2474097,223.9570761,219.9746656,221.500061,19627279
2010-10-25 00:00:00+05:30,222.7695057,225.6155507,222.3600009,223.2506714,18019151
2010-10-26 00:00:00+05:30,223.3632751,225.4210224,222.5852147,224.9910431,15444185
2010-10-27 00:00:00+05:30,224.8170222,227.2740371,221.7969433,223.7420807,21946562
2010-10-28 00:00:00+05:30,225.1036823,225.4108006,220.0258423,221.5410004,36188021
2010-10-29 00:00:00+05:30,222.7081094,226.7007573,221.2339003,224.458725,29722655
2010-11-01 00:00:00+05:30,229.5262898,230.3248247,223.025441,223.8342133,30509287
2010-11-02 00:00:00+05:30,224.284686,224.284686,219.145422,220.0770416,20360675
2010-11-03 00:00:00+05:30,221.5410203,222.1347961,217.5790842,218.1216736,19939993
2010-11-04 00:00:00+05:30,220.7015227,226.6597961,220.1077469,226.2605286,24311819
2010-11-08 00:00:00+05:30,228.0725894,229.1168191,225.3391541,227.6528473,22364112
2010-11-09 00:00:00+05:30,227.7347145,229.4239062,224.6634494,226.9771423,15410057
2010-11-10 00:00:00+05:30,226.598369,228.6868283,225.0627364,225.6769867,11899060
2010-11-11 00:00:00+05:30,226.4550478,227.6426131,220.3125168,221.1110382,12690058
2010-11-12 00:00:00+05:30,221.1621917,222.6466515,216.4222095,217.4152527,19131902
2010-11-15 00:00:00+05:30,218.490238,218.6540344,212.5729268,215.9513245,16084932
2010-11-16 00:00:00+05:30,216.8317197,216.8317197,210.1875488,210.9963074,19833309
2010-11-18 00:00:00+05:30,214.9480292,214.9480292,207.6179326,211.4979706,22776798
2010-11-19 00:00:00+05:30,212.1224338,212.1224338,202.1100899,203.9835663,24826481
2010-11-22 00:00:00+05:30,205.468018,208.1195411,204.1780801,207.2595825,18956753
2010-11-23 00:00:00+05:30,205.703481,205.775142,199.6326114,203.8504791,33113827
2010-11-24 00:00:00+05:30,204.54664,208.3959657,201.8951031,203.942627,19703855
2010-11-25 00:00:00+05:30,205.1608661,205.3656116,199.2230818,200.5539551,29112802
2010-11-26 00:00:00+05:30,201.6801347,202.7857881,196.2132641,197.042511,30639363
2010-11-29 00:00:00+05:30,198.5064867,205.2530445,197.0527521,204.4237976,23409097
2010-11-30 00:00:00+05:30,204.7104475,206.5327376,200.8815962,201.8029785,30483669
2010-12-01 00:00:00+05:30,201.6801289,204.2190421,201.2808614,202.4581757,18726828
2010-12-02 00:00:00+05:30,204.5466662,207.5053218,203.7378939,207.0343933,24834141
2010-12-03 00:00:00+05:30,207.6179222,209.6654326,204.3418975,205.9594421,19641270
2010-12-06 00:00:00+05:30,207.996703,210.8939346,207.4131645,208.8771362,17790259
2010-12-07 00:00:00+05:30,208.8464463,212.8800434,208.8464463,211.0475159,22397973
2010-12-08 00:00:00+05:30,209.8497006,210.4332391,207.0343673,208.9590302,16997335
2010-12-09 00:00:00+05:30,209.7780032,211.6821912,200.4003853,201.577713,31716183
2010-12-10 00:00:00+05:30,202.048693,210.8939475,200.5232838,209.6449585,26529301
2010-12-13 00:00:00+05:30,209.6756833,214.1699855,206.7989259,213.2997894,16834458
2010-12-14 00:00:00+05:30,213.5557025,217.0364725,213.3509433,216.0639038,20081132
2010-12-15 00:00:00+05:30,215.8079807,217.8555047,212.1224647,215.7875061,21436026
2010-12-16 00:00:00+05:30,216.5655574,217.0364859,212.9516889,216.39151,15530788
2010-12-20 00:00:00+05:30,213.9651739,218.6744577,213.8832757,216.3710022,15858100
2010-12-21 00:00:00+05:30,217.015996,220.0872612,216.6781522,219.7289429,16089753
2010-12-22 00:00:00+05:30,219.6572906,220.1077445,214.6511251,216.2277069,15132141
2010-12-23 00:00:00+05:30,216.5860439,217.9988294,215.0913603,216.9136505,14589936
2010-12-24 00:00:00+05:30,215.603246,217.9578885,214.9889956,216.9750824,9452996
2010-12-27 00:00:00+05:30,216.6883914,218.838288,215.2244197,216.0639038,5782048
2010-12-28 00:00:00+05:30,216.2788788,216.9750409,213.4021219,214.5589752,8857349
2010-12-29 00:00:00+05:30,214.6408926,216.0127289,214.2313878,214.7023163,11184510
2010-12-30 00:00:00+05:30,215.4803733,216.1662845,214.2211471,215.2346649,14561753
2010-12-31 00:00:00+05:30,216.6372248,218.3673795,215.6441815,216.7703094,9973432
2011-01-03 00:00:00+05:30,218.0602065,218.3673384,215.5212936,216.1355438,10411256
2011-01-04 00:00:00+05:30,217.0364751,221.1110209,216.4836485,220.5377197,22021878
2011-01-05 00:00:00+05:30,221.1315363,223.1790605,219.0840258,220.2715912,25943243
2011-01-06 00:00:00+05:30,220.722001,223.4656735,220.0156152,222.2781219,21763180
2011-01-07 00:00:00+05:30,221.3977011,222.7183511,216.6269926,218.1421509,17875107
2011-01-10 00:00:00+05:30,218.1421385,219.1761309,209.0921251,211.6003265,18478415
2011-01-11 00:00:00+05:30,212.9414479,214.7227889,204.4647495,207.5667267,21147094
2011-01-12 00:00:00+05:30,208.9794718,212.0507366,205.3656041,211.0576935,23195000
2011-01-13 00:00:00+05:30,210.8939683,212.767445,207.0241673,207.8943634,24336418
2011-01-14 00:00:00+05:30,207.628127,210.8529648,204.3418655,205.0585022,19111808
2011-01-17 00:00:00+05:30,205.3656255,206.3893942,203.1236071,204.3213959,14046519
2011-01-18 00:00:00+05:30,205.7444402,206.3894161,202.7038866,203.6969299,14871527
2011-01-19 00:00:00+05:30,204.6694674,205.7751206,199.6325907,200.6870575,23491557
2011-01-20 00:00:00+05:30,200.1649576,200.1649576,195.4454362,198.578125,41343304
2011-01-21 00:00:00+05:30,199.6326097,203.2157525,199.223105,202.0486755,19528676
2011-01-24 00:00:00+05:30,203.7481042,203.9119007,197.4008145,198.9364471,22242712
2011-01-25 00:00:00+05:30,200.0625882,201.6698956,195.7935202,196.2542114,20325555
2011-01-27 00:00:00+05:30,197.7898893,198.0765332,192.4663535,193.0191803,28105152
2011-01-28 00:00:00+05:30,193.490052,193.674323,184.6857343,186.9380035,33855702
2011-01-31 00:00:00+05:30,186.0883068,190.1833411,184.9109925,188.2279663,25332450
2011-02-01 00:00:00+05:30,189.4155059,189.947858,181.9318511,183.3548737,37898873
2011-02-02 00:00:00+05:30,186.3237582,189.9887991,185.7709316,188.6374512,28465716
2011-02-03 00:00:00+05:30,190.0092966,194.0019582,187.347536,193.2648468,17047728
2011-02-04 00:00:00+05:30,193.9814689,193.9814689,186.9687288,188.3712769,20715343
2011-02-07 00:00:00+05:30,189.538364,192.2206128,187.2246845,190.2242889,14586353
2011-02-08 00:00:00+05:30,191.5859129,191.5859129,186.579733,187.3987427,19685333
2011-02-09 00:00:00+05:30,185.9961837,191.8930203,185.0236149,187.2042236,38228022
2011-02-10 00:00:00+05:30,186.8356523,188.5350814,181.22546,184.2045898,28347803
2011-02-11 00:00:00+05:30,184.2660137,187.34753,181.8294732,186.3135376,20012347
2011-02-14 00:00:00+05:30,185.5252235,188.0129501,183.0682086,187.3065643,30145949
2011-02-15 00:00:00+05:30,187.2246878,193.4491307,186.5899493,192.8143921,27266420
2011-02-16 00:00:00+05:30,192.1182208,194.6776084,192.0772717,193.3160095,11041551
2011-02-17 00:00:00+05:30,194.0736124,195.6297197,191.6984956,195.3226013,14091434
2011-02-18 00:00:00+05:30,195.7525691,197.1755917,190.8283017,191.5551758,15747939
2011-02-21 00:00:00+05:30,191.667775,196.7456013,191.2787448,195.8139954,25629860
2011-02-22 00:00:00+05:30,203.1134012,206.6760698,200.5028131,201.6494293,88922943
2011-02-23 00:00:00+05:30,201.9667667,205.2223167,201.680123,203.8607178,31184499
2011-02-24 00:00:00+05:30,203.9323657,204.4647315,196.2234775,197.4212799,32903650
2011-02-25 00:00:00+05:30,200.7997046,201.1170739,195.4454577,197.8410492,15101417
2011-02-28 00:00:00+05:30,198.6497972,203.5843155,196.5613379,197.4315338,22487428
2011-03-01 00:00:00+05:30,199.3664371,203.256712,198.0355499,202.4684143,12622459
2011-03-03 00:00:00+05:30,199.673568,201.6801291,198.2198335,200.1240082,19518684
2011-03-04 00:00:00+05:30,201.6084671,203.6866891,200.2673427,201.1068268,15419957
2011-03-07 00:00:00+05:30,199.4483398,201.3320537,197.380355,200.0523529,11821324
2011-03-08 00:00:00+05:30,200.2468687,203.1952868,200.2468687,201.6698914,12057689
2011-03-09 00:00:00+05:30,202.4376917,205.6522924,198.219824,203.4921722,32473255
2011-03-10 00:00:00+05:30,203.2567203,203.318144,201.0658744,201.628952,9853822
2011-03-11 00:00:00+05:30,200.410651,203.7071499,199.0490521,203.1236115,15000438
2011-03-14 00:00:00+05:30,203.307903,208.9999937,203.1645811,208.5085907,28811267
2011-03-15 00:00:00+05:30,204.3316693,214.9070789,202.4786671,212.3784027,56447390
2011-03-16 00:00:00+05:30,213.9651928,216.0127166,212.5524075,214.3951721,20605120
2011-03-17 00:00:00+05:30,212.7981018,214.7432391,210.4844089,211.0679474,12381790
2011-03-18 00:00:00+05:30,211.9176898,211.9176898,202.0077179,203.3181305,40501886
2011-03-21 00:00:00+05:30,204.5568674,204.7513757,200.8815757,202.7652893,15546778
2011-03-22 00:00:00+05:30,203.3283716,205.7546748,203.1441006,204.6797333,9793572
2011-03-23 00:00:00+05:30,204.720698,208.1605193,203.8914511,207.4643707,11419987
2011-03-24 00:00:00+05:30,208.0069387,209.2456903,205.5396865,206.8603363,11233928
2011-03-25 00:00:00+05:30,209.6449289,210.8836804,206.7988839,210.1977692,15392440
2011-03-28 00:00:00+05:30,210.1260836,212.1940817,207.6793062,210.0134735,19079527
2011-03-29 00:00:00+05:30,208.8464209,211.3034359,208.7645227,209.4094849,18101992
2011-03-30 00:00:00+05:30,210.3820524,212.4295626,209.6858902,211.4058075,12257428
2011-03-31 00:00:00+05:30,211.8153204,215.9922527,211.8153204,214.8046875,31502965
2011-04-01 00:00:00+05:30,214.7944453,218.2445035,211.0986787,212.2043457,18772571
2011-04-04 00:00:00+05:30,212.9414465,215.9717764,210.6891908,215.1220551,13111730
2011-04-05 00:00:00+05:30,215.5008558,216.8317293,212.9414543,214.5078125,10756797
2011-04-06 00:00:00+05:30,213.9652059,215.859157,212.9414507,213.934494,9083271
2011-04-07 00:00:00+05:30,213.9754217,214.4872992,211.9381489,213.3304596,10163661
2011-04-08 00:00:00+05:30,213.3509626,215.1732528,208.9795217,209.6449585,11995738
2011-04-11 00:00:00+05:30,207.4131431,208.7337792,205.4987177,205.8365479,11296579
2011-04-13 00:00:00+05:30,205.1301842,209.6654213,204.0552427,209.2149811,19116564
2011-04-15 00:00:00+05:30,208.5700109,209.8394744,205.775152,209.0409393,14174275
2011-04-18 00:00:00+05:30,208.6825947,213.9037562,204.8742184,206.6248474,14793743
2011-04-19 00:00:00+05:30,205.7137115,208.3242992,204.4954482,207.136734,12022958
2011-04-20 00:00:00+05:30,208.0274078,210.9963002,206.4303515,210.0544434,10315413
2011-04-21 00:00:00+05:30,211.8767489,213.8014119,210.8939429,213.0643005,14934401
2011-04-25 00:00:00+05:30,207.6178961,209.0511559,205.8058434,206.665802,18138998
2011-04-26 00:00:00+05:30,206.594125,206.594125,204.2497204,204.9868317,17652410
2011-04-27 00:00:00+05:30,205.7751501,206.6146343,200.676849,201.9053497,24710243
2011-04-28 00:00:00+05:30,203.1133861,203.3181317,198.6088472,199.1002502,35712321
2011-04-29 00:00:00+05:30,199.6325842,202.2943444,198.8749985,201.4241486,14936357
2011-05-02 00:00:00+05:30,201.4548762,202.0486656,196.827504,197.5338898,13609544
2011-05-03 00:00:00+05:30,197.6055758,198.0765043,192.6813083,193.2648468,22028515
2011-05-04 00:00:00+05:30,193.490034,195.8958622,192.4662791,194.0326233,11668233
2011-05-05 00:00:00+05:30,195.2761075,199.1093061,194.9971358,196.2989807,19582976
2011-05-06 00:00:00+05:30,196.9292429,198.3757328,196.1233369,197.3528595,12916462
2011-05-09 00:00:00+05:30,198.3757239,199.62591,196.5986036,198.2310791,8012908
2011-05-10 00:00:00+05:30,198.2310677,199.1816184,195.5963826,196.4642792,8143376
2011-05-11 00:00:00+05:30,197.1358644,198.0450743,194.966123,197.4354858,8197011
2011-05-12 00:00:00+05:30,196.6192656,197.2908585,194.4495378,195.379425,9218985
2011-05-13 00:00:00+05:30,195.3277652,198.7890062,193.8192848,195.8960266,13906027
2011-05-16 00:00:00+05:30,196.3093128,196.5986025,194.5631878,195.2761078,7008149
2011-05-17 00:00:00+05:30,195.4104237,195.6480546,189.5418103,190.2443848,17384039
2011-05-18 00:00:00+05:30,190.1100877,190.9056619,185.6363048,186.3595428,24814804
2011-05-19 00:00:00+05:30,187.7130073,190.5233324,186.9587741,189.1801605,18072585
2011-05-20 00:00:00+05:30,189.7897704,191.3085826,188.1056498,190.7713165,13873483
2011-05-23 00:00:00+05:30,189.9034475,190.5233678,186.6591736,187.9196777,14836682
2011-05-24 00:00:00+05:30,187.2170758,190.2960271,187.2170758,189.2318268,11107409
2011-05-25 00:00:00+05:30,188.8908756,188.8908756,186.1838818,187.2170868,13112272
2011-05-26 00:00:00+05:30,188.5809476,193.5919967,188.2709806,192.9720764,30001792
2011-05-27 00:00:00+05:30,193.0237432,196.9086014,193.0237432,195.3691254,15134521
2011-05-30 00:00:00+05:30,196.0923225,196.9292238,193.0546982,194.005249,7564463
2011-05-31 00:00:00+05:30,195.2761101,197.5284921,193.6849617,196.6916046,14083332
2011-06-01 00:00:00+05:30,196.722602,198.0967694,194.9971404,195.648056,8042814
2011-06-02 00:00:00+05:30,193.5300084,197.2805534,193.5300084,196.5263062,9418728
2011-06-03 00:00:00+05:30,198.4790246,199.8221965,192.4864304,193.1270142,19110238
2011-06-06 00:00:00+05:30,193.1373717,194.4082214,191.7941996,193.7779694,6149800
2011-06-07 00:00:00+05:30,192.9100497,198.3757097,192.9100497,198.0140839,17612490
2011-06-08 00:00:00+05:30,197.3941987,197.5388435,195.0591484,196.1440125,14205061
2011-06-09 00:00:00+05:30,195.7927075,197.9314399,195.6893897,197.1358795,9152117
2011-06-10 00:00:00+05:30,197.3631804,197.5491523,192.6000945,195.1727753,11068775
2011-06-13 00:00:00+05:30,194.9145,194.9145,190.316722,191.2672729,12923374
2011-06-14 00:00:00+05:30,191.2052799,192.5381203,188.0436739,188.3226318,18967099
2011-06-15 00:00:00+05:30,188.4569573,189.8827837,185.6879588,186.0909119,20156715
2011-06-16 00:00:00+05:30,186.1838709,186.1838709,182.6916348,183.404541,24969151
2011-06-17 00:00:00+05:30,184.1794673,184.5927521,178.7861293,179.5196991,22029696
2011-06-20 00:00:00+05:30,180.8112253,180.8112253,171.1197443,172.1839447,30300033
2011-06-21 00:00:00+05:30,173.5581104,176.6783892,173.0208443,175.3662262,17413744
2011-06-22 00:00:00+05:30,176.3374359,177.3293139,172.3699102,174.7772827,20107599
2011-06-23 00:00:00+05:30,174.9322743,180.3359443,174.7979474,179.8813324,20713868
2011-06-24 00:00:00+05:30,180.6355679,181.7824363,176.8023691,180.0673065,31670322
2011-06-27 00:00:00+05:30,179.0960874,182.2163799,178.0938776,180.0982971,14349371
2011-06-28 00:00:00+05:30,181.6171237,181.6171237,178.124887,180.0053253,10219645
2011-06-29 00:00:00+05:30,180.9558666,183.4975522,180.211965,182.9292908,12430639
2011-06-30 00:00:00+05:30,183.6422142,186.3905354,183.2909201,185.6672974,21744714
2011-07-01 00:00:00+05:30,187.4237071,187.4237071,177.0296534,178.1145172,28677893
2011-07-04 00:00:00+05:30,180.6872421,181.7204472,178.7447994,179.4473877,16499512
2011-07-05 00:00:00+05:30,179.6333657,179.6333657,174.4053493,174.8082886,33805768
2011-07-06 00:00:00+05:30,175.407543,177.4016307,173.7234086,176.2444305,26877909
2011-07-07 00:00:00+05:30,177.2982985,180.7905345,176.7300233,179.9226379,20137982
2011-07-08 00:00:00+05:30,180.3979136,180.6045491,176.0584445,176.6473694,20937538
2011-07-11 00:00:00+05:30,176.4717475,177.7012563,175.0252577,176.3271027,9598807
2011-07-12 00:00:00+05:30,175.1285627,177.1743091,174.756605,175.1802216,13066390
2011-07-13 00:00:00+05:30,176.2754361,179.7160275,175.8724969,178.8377991,17029770
2011-07-14 00:00:00+05:30,178.3934698,181.41043,177.5772322,179.271698,13312532
2011-07-15 00:00:00+05:30,179.3027168,181.0178326,178.7447735,180.4392395,10206245
2011-07-18 00:00:00+05:30,180.1705897,180.5838744,178.5794553,179.2820435,6582763
2011-07-19 00:00:00+05:30,179.2614258,182.1337284,178.9514588,181.7307892,9822813
2011-07-20 00:00:00+05:30,183.084272,183.2495942,179.5300447,181.0591888,11180149
2011-07-21 00:00:00+05:30,181.0075007,181.0075007,177.2052976,177.8872223,7886175
2011-07-22 00:00:00+05:30,178.9514332,181.2244925,178.2281814,180.4702454,15303807
2011-07-25 00:00:00+05:30,184.3240888,184.3240888,181.6687541,182.4333191,21905216
2011-07-26 00:00:00+05:30,183.5491614,183.9417825,179.6539729,180.0879211,20462017
2011-07-27 00:00:00+05:30,180.811197,180.811197,177.5359282,177.8872223,13675826
2011-07-28 00:00:00+05:30,176.6783401,176.6783401,172.2148903,173.0311279,31299376
2011-07-29 00:00:00+05:30,173.5787564,175.076905,170.096852,171.0887299,21393442
2011-08-01 00:00:00+05:30,173.1654734,173.1654734,169.724896,171.6879883,14242019
2011-08-02 00:00:00+05:30,171.0060784,173.3514603,169.1359857,173.0208435,16570663
2011-08-03 00:00:00+05:30,170.8407503,172.7935107,170.086517,170.4894562,14085375
2011-08-04 00:00:00+05:30,171.0990851,171.8533185,167.3898674,167.8651428,13737415
2011-08-05 00:00:00+05:30,165.2097637,165.2097637,160.9736127,163.6599426,26222826
2011-08-08 00:00:00+05:30,160.4983209,164.5691493,158.493902,161.3145447,22242669
2011-08-09 00:00:00+05:30,155.6009539,160.9736279,155.6009539,158.1426392,32649029
2011-08-10 00:00:00+05:30,162.2858051,163.2466877,158.0806625,159.6821289,17746463
2011-08-11 00:00:00+05:30,158.7729224,162.2031685,158.0806796,159.5684967,10890149
2011-08-12 00:00:00+05:30,161.800227,161.800227,156.6341874,157.2334442,17222470
2011-08-16 00:00:00+05:30,157.0474496,159.589135,155.9522402,156.8717957,11286937
2011-08-17 00:00:00+05:30,157.1507591,160.0230749,155.187667,156.0142365,13545843
2011-08-18 00:00:00+05:30,156.5721642,157.0474396,152.2946858,153.1625824,17126872
2011-08-19 00:00:00+05:30,151.0651551,152.7079622,149.0504042,151.3751221,20399978
2011-08-22 00:00:00+05:30,151.0548463,157.0164595,149.9389871,156.4275208,15542731
2011-08-23 00:00:00+05:30,157.1197827,159.5271552,154.4644338,158.1323242,17536780
2011-08-24 00:00:00+05:30,157.8740001,159.0105366,156.2208749,157.3160706,12987792
2011-08-25 00:00:00+05:30,157.378089,158.9072331,155.0327069,155.7042999,21214238
2011-08-26 00:00:00+05:30,155.1876651,156.2415336,147.1286473,148.6577911,19501819
2011-08-29 00:00:00+05:30,151.075525,157.026807,150.5072635,156.0245972,18316877
2011-08-30 00:00:00+05:30,158.0806633,164.5485336,157.874014,161.7175446,34217075
2011-09-02 00:00:00+05:30,164.6311848,168.1440985,163.1330361,166.4393005,34086257
2011-09-05 00:00:00+05:30,164.1765665,165.1064538,161.7898577,163.0090485,19981247
2011-09-06 00:00:00+05:30,161.8415302,170.5824594,160.4570311,169.7558899,31333473
2011-09-07 00:00:00+05:30,170.2724882,174.3019904,170.2104976,172.2355804,31438175
2011-09-08 00:00:00+05:30,172.2355906,177.5049473,168.309406,176.1514435,35284258
2011-09-09 00:00:00+05:30,176.0894849,177.4119937,170.2105387,170.6341553,29564130
2011-09-12 00:00:00+05:30,167.4518305,169.9521887,164.331552,166.6149292,18579499
2011-09-13 00:00:00+05:30,168.0407561,170.4274648,164.6415059,167.4311676,25400442
2011-09-14 00:00:00+05:30,168.1854361,171.4606916,166.3876521,170.5618134,20539026
2011-09-15 00:00:00+05:30,172.1322828,173.2894692,168.1131119,172.8141937,20407052
2011-09-16 00:00:00+05:30,175.6451923,175.6451923,169.6525969,170.6134796,26810791
2011-09-19 00:00:00+05:30,170.4791569,171.3367219,168.5367279,169.7662506,12796090
2011-09-20 00:00:00+05:30,170.0658678,176.4614157,168.6813686,176.0171356,18437927
2011-09-21 00:00:00+05:30,175.8311612,175.8311612,171.9876442,173.08284,17030216
2011-09-22 00:00:00+05:30,170.2621618,171.0783995,161.1802702,162.4924469,27298045
2011-09-23 00:00:00+05:30,159.9197634,163.7839572,157.8946667,159.2378387,38513013
2011-09-26 00:00:00+05:30,158.9485342,159.2584874,154.4747385,156.8821106,27202137
2011-09-27 00:00:00+05:30,159.940446,165.4577656,159.5271612,164.7345276,22046959
2011-09-28 00:00:00+05:30,165.2614619,166.6149521,163.0607248,164.7345276,25034598
2011-09-29 00:00:00+05:30,163.350009,167.9477726,162.099823,166.9042358,31511671
2011-09-30 00:00:00+05:30,166.0363492,170.0451881,163.7633036,167.038559,34944185
2011-10-03 00:00:00+05:30,163.4946455,165.2924293,162.0274923,162.8747253,21109422
2011-10-04 00:00:00+05:30,162.0068219,163.4119845,158.1322967,159.4444733,26251892
2011-10-05 00:00:00+05:30,159.6407814,160.7463088,157.4090494,158.493927,20734666
2011-10-07 00:00:00+05:30,162.5647922,166.9662527,162.1928345,165.912384,19911027
2011-10-10 00:00:00+05:30,166.1913357,171.6983232,166.1810039,171.3573608,14846381
2011-10-11 00:00:00+05:30,172.5455493,173.8680439,169.962523,170.8924103,15716423
2011-10-12 00:00:00+05:30,171.388323,176.0377585,170.6960804,175.5728149,17269967
2011-10-13 00:00:00+05:30,175.6451767,177.2983158,174.0127149,175.0045929,18353721
2011-10-14 00:00:00+05:30,173.9920439,179.7160123,173.8887124,179.1374054,17871109
2011-10-17 00:00:00+05:30,179.1580681,179.5403575,171.7499791,172.2975769,22052401
2011-10-18 00:00:00+05:30,170.4791617,170.7684652,167.6585179,169.425293,18299531
2011-10-19 00:00:00+05:30,170.582482,174.6119848,170.2931785,174.1987,11872557
2011-10-20 00:00:00+05:30,172.5145744,173.7647468,169.8592254,173.3101349,9971735
2011-10-21 00:00:00+05:30,173.5787594,175.479861,171.7396484,172.700531,10342733
2011-10-24 00:00:00+05:30,175.231874,176.4717282,174.3123185,174.9219208,9081569
2011-10-25 00:00:00+05:30,176.6783699,182.0407123,174.023035,181.0075073,22735907
2011-10-28 00:00:00+05:30,185.9152432,186.8038034,182.6916469,185.9772339,24528852
2011-10-31 00:00:00+05:30,185.5640012,185.8326274,180.3049753,181.3381805,15872042
2011-11-01 00:00:00+05:30,179.8813486,181.5344741,177.2156677,177.8356018,16384499
2011-11-02 00:00:00+05:30,176.6783904,182.0407334,176.6783904,180.1499634,13751121
2011-11-03 00:00:00+05:30,179.3130679,183.7765187,178.3315217,183.0635986,16042287
2011-11-04 00:00:00+05:30,187.0104621,187.0104621,180.3256107,181.8340912,18251373
2011-11-08 00:00:00+05:30,181.6377792,182.8776197,179.4680376,182.6089935,10120202
2011-11-09 00:00:00+05:30,183.921138,184.458404,177.9492075,178.734436,11664515
2011-11-11 00:00:00+05:30,177.5049393,183.6628559,175.6658284,182.9499359,21739364
2011-11-14 00:00:00+05:30,184.200098,185.1506487,180.3978954,181.1624603,15996247
2011-11-15 00:00:00+05:30,179.9846547,181.4311446,176.9366983,178.0112305,9897941
2011-11-16 00:00:00+05:30,177.525623,177.525623,173.0311766,175.2525635,13313254
2011-11-17 00:00:00+05:30,174.622283,175.3661983,166.6045923,167.3691711,24227745
2011-11-18 00:00:00+05:30,165.3751097,167.7824822,162.6267747,166.986908,21690327
2011-11-21 00:00:00+05:30,165.313104,165.313104,161.4902372,162.4924469,17715656
2011-11-22 00:00:00+05:30,162.8540445,166.2326306,162.5440775,164.3211975,19171804
2011-11-23 00:00:00+05:30,163.2260344,163.2260344,156.1795706,159.816452,23710270
2011-11-24 00:00:00+05:30,160.1470752,160.7669955,155.6319655,159.7647858,27857321
2011-11-25 00:00:00+05:30,159.0518665,159.3721515,155.1876727,155.7662659,16185464
2011-11-28 00:00:00+05:30,158.0806576,162.3787999,157.5743869,161.9655151,11033484
2011-11-29 00:00:00+05:30,161.593589,161.593589,156.8718293,158.0806885,21013969
2011-11-30 00:00:00+05:30,156.3655155,161.8621845,155.621614,160.818634,19988986
2011-12-01 00:00:00+05:30,165.1064606,167.5344966,164.3212319,165.1064606,20626920
2011-12-02 00:00:00+05:30,164.6932005,168.4127502,162.5338041,167.8031616,19598467
2011-12-05 00:00:00+05:30,167.0385177,167.8340917,164.9721081,166.707901,13827937
2011-12-07 00:00:00+05:30,166.759633,169.3426462,165.9743904,167.3382263,15373615
2011-12-08 00:00:00+05:30,165.726376,166.9042257,159.5477962,160.942627,19435800
2011-12-09 00:00:00+05:30,159.0932119,159.0932119,155.5389847,156.158905,22070197
2011-12-12 00:00:00+05:30,157.1611158,157.4607511,149.6083674,150.3316193,22298377
2011-12-13 00:00:00+05:30,149.5877191,154.1545021,148.9884623,153.3899231,22873371
2011-12-14 00:00:00+05:30,152.5013298,155.7869305,151.550779,153.3072357,23206895
2011-12-15 00:00:00+05:30,151.2408446,155.9109312,149.5050512,155.0120392,28922246
2011-12-16 00:00:00+05:30,154.7743969,174.5293154,147.9655643,149.1640778,25499308
2011-12-19 00:00:00+05:30,148.6164623,152.8939406,147.7795611,151.9433899,20623197
2011-12-20 00:00:00+05:30,153.2659171,153.2659171,146.5500705,147.428299,24282464
2011-12-21 00:00:00+05:30,150.2282799,155.7559306,149.3397198,154.567749,19963870
2011-12-22 00:00:00+05:30,153.193592,157.1094448,151.4681305,155.9212494,19571514
2011-12-23 00:00:00+05:30,157.0474624,159.0622137,153.4105673,154.2371368,15360163
2011-12-26 00:00:00+05:30,154.3714415,158.0393318,154.0614745,157.2540894,10396517
2011-12-27 00:00:00+05:30,158.2873117,158.8452414,154.0201643,155.6113129,13449406
2011-12-28 00:00:00+05:30,156.5721851,156.7374935,151.9537438,152.7183228,12376536
2011-12-29 00:00:00+05:30,151.6024321,152.7079733,146.1367721,147.1079865,23840441
2011-12-30 00:00:00+05:30,147.3352885,148.8954276,142.3758858,143.1921234,29146195
2012-01-02 00:00:00+05:30,143.9877057,146.663704,141.9936182,146.0024567,18808107
2012-01-03 00:00:00+05:30,147.1803131,150.2076056,146.7876919,149.7426758,20489219
2012-01-04 00:00:00+05:30,150.3109705,151.0445404,147.4076586,147.9862518,18541902
2012-01-05 00:00:00+05:30,147.7485717,149.8046636,143.4297661,144.545639,28959200
2012-01-06 00:00:00+05:30,144.0393749,149.608353,143.9567207,148.2755127,20575210
2012-01-09 00:00:00+05:30,147.6349278,147.6349278,145.155233,145.9404755,18386646
2012-01-10 00:00:00+05:30,147.1286477,152.7079709,147.1286477,152.129364,19720278
2012-01-11 00:00:00+05:30,152.480654,155.6009461,151.1581457,154.6194,21183286
2012-01-12 00:00:00+05:30,154.4644394,155.5906442,151.3854876,152.2740479,14225123
2012-01-13 00:00:00+05:30,153.3279062,155.1773491,150.4555902,151.2201691,20530513
2012-01-16 00:00:00+05:30,150.8378972,150.8378972,146.9220439,147.3249969,17794345
2012-01-17 00:00:00+05:30,147.9552647,153.8238794,147.9552647,153.3382721,22738488
2012-01-18 00:00:00+05:30,157.4607547,162.8127662,156.6445169,161.1286316,40461227
2012-01-19 00:00:00+05:30,163.0400362,164.4761941,161.6142101,162.3477936,23989114
2012-01-20 00:00:00+05:30,163.2466998,165.3131239,159.5374959,163.7943115,31725274
2012-01-23 00:00:00+05:30,156.0762651,161.1286415,156.0556015,159.4341888,28250482
2012-01-24 00:00:00+05:30,160.0644301,163.5773303,159.1965334,161.9552002,22291662
2012-01-25 00:00:00+05:30,162.97808,164.2799251,161.7588891,163.4430237,16786908
2012-01-27 00:00:00+05:30,165.3131055,171.078401,165.1064562,169.5285797,24347771
2012-01-30 00:00:00+05:30,168.185435,169.2083083,163.7013066,164.228241,21126187
2012-01-31 00:00:00+05:30,166.2430034,169.6112586,165.6024058,168.8466797,27405612
2012-02-01 00:00:00+05:30,169.2186445,172.3389234,168.6193877,171.7603302,16522676
2012-02-02 00:00:00+05:30,172.5455563,174.1366909,170.3034923,171.3573608,21445055
2012-02-03 00:00:00+05:30,171.5123167,173.5787263,168.5470015,173.2274323,19989261
2012-02-06 00:00:00+05:30,174.7979298,175.5418451,170.2931523,172.1322632,17430906
2012-02-07 00:00:00+05:30,173.9920476,176.2031026,172.3905674,174.5189819,21068816
2012-02-08 00:00:00+05:30,175.0252677,178.6828127,174.6119829,177.3809814,15957543
2012-02-09 00:00:00+05:30,177.0400068,177.6909224,174.1160319,176.4407501,18851741
2012-02-10 00:00:00+05:30,175.717489,177.5049411,173.1654718,174.2503357,14952871
2012-02-13 00:00:00+05:30,173.8060996,177.4636589,173.785436,175.4902344,15284147
2012-02-14 00:00:00+05:30,175.0046076,176.9677002,174.1987016,175.4178925,13711512
2012-02-15 00:00:00+05:30,176.5130683,176.8333671,172.1426036,172.8865051,31421021
2012-02-16 00:00:00+05:30,171.7189866,171.7189866,166.2843216,167.885788,27747347
2012-02-17 00:00:00+05:30,169.8695488,170.7684408,167.4208493,169.0739746,35922700
2012-02-21 00:00:00+05:30,168.9293259,175.3868781,168.433387,174.3123322,36457910
2012-02-22 00:00:00+05:30,175.2318653,177.1742938,171.532994,172.2149048,25146771
2012-02-23 00:00:00+05:30,171.9256241,175.6245097,170.8097649,173.496109,19105924
2012-02-24 00:00:00+05:30,172.2356017,173.930068,168.3094168,169.4356079,18746068
2012-02-27 00:00:00+05:30,169.8179124,170.603155,158.1530063,161.4799347,27772012
2012-02-28 00:00:00+05:30,163.0503832,165.3854332,162.7714115,164.589859,23140014
2012-02-29 00:00:00+05:30,166.3566628,171.0784222,166.1706909,169.6009369,27846970
2012-03-01 00:00:00+05:30,167.7515054,169.1773319,165.5404363,167.5758514,12960682
2012-03-02 00:00:00+05:30,168.6710257,169.0326378,166.5012842,168.2267456,12687228
2012-03-05 00:00:00+05:30,167.8031224,168.2060754,164.1249007,164.7964935,13074509
2012-03-06 00:00:00+05:30,164.693183,167.1728918,159.9404424,160.4673767,35129404
2012-03-07 00:00:00+05:30,160.4673576,160.6636613,155.1876695,157.4193878,28202989
2012-03-09 00:00:00+05:30,160.2090774,161.0976377,158.9485732,159.8991241,17249418
2012-03-12 00:00:00+05:30,163.2466396,165.932983,161.1182395,165.0134277,15041933
2012-03-13 00:00:00+05:30,166.0260256,169.8488927,165.9950302,169.4356079,16117008
2012-03-14 00:00:00+05:30,171.0990953,171.5123801,166.6976345,168.309433,17623820
2012-03-15 00:00:00+05:30,169.0326414,169.6939025,163.9492705,164.6208496,20258209
2012-03-16 00:00:00+05:30,161.1802749,164.8378334,158.566267,159.599472,25168501
2012-03-19 00:00:00+05:30,161.386923,161.8002077,155.2083426,156.0349121,15978638
2012-03-20 00:00:00+05:30,156.2415316,158.3699321,155.0430183,157.161087,10455362
2012-03-21 00:00:00+05:30,157.0474651,159.8371133,156.0349235,158.7109222,14211666
2012-03-22 00:00:00+05:30,158.2666293,159.4134976,151.2614932,152.1603851,29243875
2012-03-23 00:00:00+05:30,153.6998518,154.8777015,152.5219882,153.7515106,26956646
2012-03-26 00:00:00+05:30,153.7205494,153.7205494,150.2283126,150.8688965,23135333
2012-03-27 00:00:00+05:30,152.5013282,152.6666504,149.8356616,151.0651703,27194700
2012-03-28 00:00:00+05:30,150.8482006,152.0673775,148.8851084,149.9596405,18072694
2012-03-29 00:00:00+05:30,148.3685085,150.7862125,148.3685085,149.7426758,23976904
2012-03-30 00:00:00+05:30,150.7448784,155.6009499,150.2489395,155.105011,17276879
2012-04-02 00:00:00+05:30,154.8467221,155.1566891,152.7183213,153.0282745,11220694
2012-04-03 00:00:00+05:30,153.792861,157.6467235,153.792861,155.5389862,17515593
2012-04-04 00:00:00+05:30,153.9478449,156.4275401,153.6275599,154.3611298,11813695
2012-04-09 00:00:00+05:30,152.9249384,154.5677456,151.6954298,153.3588867,11411688
2012-04-10 00:00:00+05:30,154.1544757,154.3611112,152.5220002,153.4622192,8370104
2012-04-11 00:00:00+05:30,152.707986,152.707986,150.0836325,150.910202,16304095
2012-04-12 00:00:00+05:30,151.5301171,154.0718163,151.5301171,153.5965271,11779103
2012-04-13 00:00:00+05:30,154.1647926,157.4607249,152.3980042,155.3013153,14214624
2012-04-16 00:00:00+05:30,154.3817754,155.6939521,152.0880525,154.5884247,10518035
2012-04-17 00:00:00+05:30,155.9729164,155.9729164,152.9869507,154.2371368,13893966
2012-04-18 00:00:00+05:30,154.9810316,156.3861943,153.4725512,154.6917419,14998238
2012-04-19 00:00:00+05:30,155.7869385,155.7869385,152.6046553,153.2555847,18399192
2012-04-20 00:00:00+05:30,152.924982,153.1212996,150.434955,151.02388,14922257
2012-04-23 00:00:00+05:30,149.9906451,154.1028155,149.6496828,152.1500549,22106609
2012-04-24 00:00:00+05:30,152.707975,153.0179282,149.5463557,151.9020691,16664900
2012-04-25 00:00:00+05:30,151.6954431,153.5138767,150.445257,152.1500549,13586437
2012-04-26 00:00:00+05:30,152.3153367,154.7743675,151.592085,153.9581299,15180399
2012-04-27 00:00:00+05:30,153.183236,154.392081,152.1913583,153.3278809,12501799
2012-04-30 00:00:00+05:30,152.3980346,154.5470991,152.3980346,153.9685059,12147744
2012-05-02 00:00:00+05:30,154.5470868,155.2703386,152.914625,153.6482086,12520177
2012-05-03 00:00:00+05:30,152.6046657,153.8341884,151.912423,152.677002,8299657
2012-05-04 00:00:00+05:30,151.550782,152.9146176,149.1950685,150.114624,16529947
2012-05-07 00:00:00+05:30,147.7485604,149.19505,145.7028142,147.893219,20084811
2012-05-08 00:00:00+05:30,148.3685077,148.5544796,144.4423233,146.3744202,16997816
2012-05-09 00:00:00+05:30,145.0622397,146.3640846,142.7995123,143.6364136,16058311
2012-05-10 00:00:00+05:30,144.0806777,146.3847319,142.6961788,143.440094,14838445
2012-05-11 00:00:00+05:30,143.2024617,145.2688716,142.2312474,144.0703583,13310297
2012-05-14 00:00:00+05:30,144.2356841,145.227562,140.2165134,140.7847748,17853868
2012-05-15 00:00:00+05:30,140.3094884,142.1692628,139.296947,140.8570862,16170682
2012-05-16 00:00:00+05:30,139.4829075,141.0947193,139.0799546,139.7102203,13569502
2012-05-17 00:00:00+05:30,140.5677961,142.5515518,140.0615254,141.5803375,15576334
2012-05-18 00:00:00+05:30,139.8755559,143.9050585,139.4829347,142.2829285,10341793
2012-05-21 00:00:00+05:30,141.859311,144.7936179,141.7559933,143.7190857,10211280
2012-05-22 00:00:00+05:30,145.5995222,145.5995222,142.324253,142.8098602,12853294
2012-05-23 00:00:00+05:30,141.5906768,142.572223,140.4231449,141.9316254,11301566
2012-05-24 00:00:00+05:30,143.4090945,144.6489486,141.7766329,143.6777344,10498664
2012-05-25 00:00:00+05:30,143.6157631,143.6777537,142.2829228,142.8305206,13496281
2012-05-28 00:00:00+05:30,142.9958265,145.2688718,142.9958265,144.9899139,11265492
2012-05-29 00:00:00+05:30,145.1035877,146.6740589,144.142705,145.0312653,15024360
2012-05-30 00:00:00+05:30,144.5766399,146.4364144,143.6467526,145.9404755,15403723
2012-05-31 00:00:00+05:30,145.931913,152.6422587,142.8646247,147.7324982,39482174
2012-06-01 00:00:00+05:30,148.098905,148.5385865,141.9643283,143.4718018,17921568
2012-06-04 00:00:00+05:30,141.7444794,145.931915,140.9907496,145.0420837,14269847
2012-06-05 00:00:00+05:30,145.7225168,147.8162414,145.5340879,147.0939026,13284608
2012-06-06 00:00:00+05:30,147.4917182,150.3287043,146.2459517,149.8890228,23252900
2012-06-07 00:00:00+05:30,150.9672822,153.2389675,149.9622999,151.0091553,27944820
2012-06-08 00:00:00+05:30,150.3287048,153.2389689,149.1352797,152.7783508,12717493
2012-06-11 00:00:00+05:30,153.4064602,154.1811405,150.3496404,151.2185211,9954345
2012-06-12 00:00:00+05:30,149.7006006,152.0036911,149.5749813,151.3651123,11961991
2012-06-13 00:00:00+05:30,151.2185309,151.5744663,149.156225,149.9727783,9950023
2012-06-14 00:00:00+05:30,149.9099832,150.9149656,148.8735959,149.9832611,7479627
2012-06-15 00:00:00+05:30,150.4333681,152.7992676,150.4333681,152.160675,9936719
2012-06-18 00:00:00+05:30,152.9144558,153.7833506,149.072487,150.5171509,10034412
2012-06-19 00:00:00+05:30,150.1193504,154.8092777,150.1193504,154.401001,7804051
2012-06-20 00:00:00+05:30,154.5161222,155.5525093,153.4692669,154.3905029,10313366
2012-06-21 00:00:00+05:30,153.6786864,153.6786864,148.7375062,150.475296,22609240
2012-06-22 00:00:00+05:30,149.3970094,149.6796528,147.3032986,148.8631134,19130296
2012-06-25 00:00:00+05:30,149.5330983,151.3651023,149.0724802,149.9518433,11114641
2012-06-26 00:00:00+05:30,150.2240505,151.8990307,149.5854716,151.4802856,16084241
2012-06-27 00:00:00+05:30,152.0874134,152.7574108,150.3287014,151.270874,7708056
2012-06-28 00:00:00+05:30,151.66866,152.3805306,150.0460358,150.7265015,11903391
2012-06-29 00:00:00+05:30,151.8152161,155.123288,151.8152161,154.4846954,16771028
2012-07-02 00:00:00+05:30,153.9926946,155.1023595,152.8725613,154.3905029,6831968
2012-07-03 00:00:00+05:30,154.9243992,155.4897,153.113332,154.1706696,10294922
2012-07-04 00:00:00+05:30,154.9348977,154.9348977,152.6004024,153.7310181,9347118
2012-07-05 00:00:00+05:30,153.8775256,155.4373401,153.2703518,154.662674,7805552
2012-07-06 00:00:00+05:30,154.5161131,154.5161131,152.7364647,153.8565979,9259557
2012-07-09 00:00:00+05:30,152.6317967,153.6367791,152.0246228,153.2180481,7798797
2012-07-10 00:00:00+05:30,153.1447642,155.3536402,153.0086766,154.8720856,5974354
2012-07-11 00:00:00+05:30,153.5634975,154.2230267,151.1661927,151.9304047,11937173
2012-07-12 00:00:00+05:30,151.1452436,152.7992868,150.1402613,150.9986877,10066480
2012-07-13 00:00:00+05:30,150.7474729,152.1083767,149.7006034,150.4334106,11373177
2012-07-16 00:00:00+05:30,150.7474618,151.6163426,149.7110607,150.8207397,7307313
2012-07-17 00:00:00+05:30,151.7524425,152.4119578,150.1821454,150.6113586,11396875
2012-07-18 00:00:00+05:30,150.3287211,151.1347923,149.1143593,149.868103,8552746
2012-07-19 00:00:00+05:30,150.7893496,152.820251,150.3287315,152.3805695,11681226
2012-07-20 00:00:00+05:30,151.2290139,152.6003859,150.1298032,151.3022919,12406980
2012-07-23 00:00:00+05:30,149.7005808,151.9617979,149.3446595,150.5380707,10221032
2012-07-24 00:00:00+05:30,150.9568138,152.1816298,150.4019814,151.689621,8035118
2012-07-25 00:00:00+05:30,150.8312079,151.7001026,149.1038866,150.5904236,8748220
2012-07-26 00:00:00+05:30,150.9358837,150.9358837,147.9523417,148.6851349,14016845
2012-07-27 00:00:00+05:30,150.5380423,152.1711346,149.9413368,150.9567871,13466410
2012-07-30 00:00:00+05:30,151.3755465,153.2180185,151.1347623,152.7574005,6963876
2012-07-31 00:00:00+05:30,153.1761583,156.2120416,150.9568143,155.6886139,13479810
2012-08-01 00:00:00+05:30,154.987242,157.2170546,154.6417749,156.3481598,14431906
2012-08-02 00:00:00+05:30,155.3745637,156.5261019,154.2544304,154.8406677,7974567
2012-08-03 00:00:00+05:30,153.888014,156.609849,152.9563097,155.4687653,10943814
2012-08-06 00:00:00+05:30,156.620334,165.2778349,156.620334,164.5764465,37384710
2012-08-07 00:00:00+05:30,164.576449,166.6492234,162.8386595,164.0948944,19670296
2012-08-08 00:00:00+05:30,164.3670599,167.2877923,163.8436322,165.5709534,18370923
2012-08-09 00:00:00+05:30,165.1731293,166.7434122,162.6083324,163.3411255,12750067
2012-08-10 00:00:00+05:30,162.8177461,165.1941148,162.0849528,163.7494507,10678248
2012-08-13 00:00:00+05:30,163.2050611,165.4034547,163.2050611,165.0161285,6183560
2012-08-14 00:00:00+05:30,164.9637763,167.9159135,164.7753334,167.4029541,16508712
2012-08-16 00:00:00+05:30,167.9263875,172.071936,167.3087313,170.8785248,21632112
2012-08-17 00:00:00+05:30,171.2449304,172.7105309,169.517623,170.8680725,14330179
2012-08-21 00:00:00+05:30,170.8471165,172.5011458,170.0724362,170.4807129,11057384
2012-08-22 00:00:00+05:30,169.4233899,170.7424205,168.6905828,169.1302643,8748439
2012-08-23 00:00:00+05:30,169.7060098,169.8839844,164.9742246,166.3455963,16661033
2012-08-24 00:00:00+05:30,165.769884,166.3456532,163.0375939,163.7494507,15117604
2012-08-27 00:00:00+05:30,164.5659589,166.7015426,164.0425312,164.8486023,9154343
2012-08-28 00:00:00+05:30,164.7439254,166.219994,163.00615,165.4453278,8774153
2012-08-29 00:00:00+05:30,165.6128128,166.9737303,163.3725323,163.7598724,8842299
2012-08-30 00:00:00+05:30,163.2574096,165.7908022,160.9229143,164.0216217,27245709
2012-08-31 00:00:00+05:30,163.3097348,164.2309709,159.687614,160.4622803,14781765
2012-09-03 00:00:00+05:30,160.7972819,161.2055586,159.1327843,159.7608948,9790138
2012-09-04 00:00:00+05:30,159.94933,163.5505284,159.5829404,163.2259979,8754970
2012-09-05 00:00:00+05:30,162.3151982,163.2992438,160.00164,161.4567719,13179587
2012-09-06 00:00:00+05:30,160.4413335,162.1791228,159.9597789,160.8391418,5302686
2012-09-07 00:00:00+05:30,163.0375471,166.7643504,162.995674,165.7698364,13821905
2012-09-10 00:00:00+05:30,167.4971838,168.1985722,165.2254982,165.8326721,8776096
2012-09-11 00:00:00+05:30,165.2987765,166.6282894,163.9797459,165.6128387,13658914
2012-09-12 00:00:00+05:30,166.136256,167.434364,165.2882978,167.0993652,7772894
2012-09-13 00:00:00+05:30,167.0993648,169.2768219,166.303748,167.3191986,11677889
2012-09-14 00:00:00+05:30,170.2189795,177.0654262,169.4966547,176.2384186,36312698
2012-09-17 00:00:00+05:30,177.5679302,184.5818837,177.5679302,182.9383087,42430663
2012-09-18 00:00:00+05:30,182.1950171,182.9696832,178.2378982,179.1381836,17296128
2012-09-20 00:00:00+05:30,176.0185969,177.6098166,173.4119265,174.3017578,15310116
2012-09-21 00:00:00+05:30,174.4064433,178.9498006,174.1970639,178.0285645,35935601
2012-09-24 00:00:00+05:30,177.9657414,179.5988342,174.3540889,175.1078186,14905003
2012-09-25 00:00:00+05:30,175.4532833,176.8770106,173.8306588,175.8196869,13838236
2012-09-26 00:00:00+05:30,175.4532876,177.9029338,174.5843929,176.8665466,16657879
2012-09-27 00:00:00+05:30,176.9607606,177.546998,172.5744277,173.7469025,30420370
2012-09-28 00:00:00+05:30,175.243924,177.5260638,174.6890775,175.2857971,14117613
2012-10-01 00:00:00+05:30,175.8720106,176.3535652,173.6212619,174.5110931,8712229
2012-10-03 00:00:00+05:30,174.7100224,178.6880928,174.6681493,177.1492004,21902919
2012-10-04 00:00:00+05:30,178.0809141,179.829172,177.7773341,178.572937,12626615
2012-10-05 00:00:00+05:30,180.038528,180.4782095,142.8646341,179.5988464,15714795
2012-10-08 00:00:00+05:30,178.9183819,178.9183819,170.8994599,171.5589752,20893020
2012-10-09 00:00:00+05:30,172.8361596,173.0873982,170.2399434,170.7005615,11601732
2012-10-10 00:00:00+05:30,169.8002528,172.1661528,169.046523,170.8471222,9380939
2012-10-11 00:00:00+05:30,171.4752361,172.1033466,169.4443348,171.6741333,11857119
2012-10-12 00:00:00+05:30,171.4333329,173.0245523,170.8575639,171.4542694,10626525
2012-10-15 00:00:00+05:30,171.4751926,173.7573459,171.4751926,172.3231506,11181159
2012-10-16 00:00:00+05:30,175.6417383,175.8615861,169.5909071,170.1038666,22171959
2012-10-17 00:00:00+05:30,170.8575469,171.1401902,167.8216501,168.5753937,20915414
2012-10-18 00:00:00+05:30,169.0151095,170.8471134,166.8690434,169.8630676,26601633
2012-10-19 00:00:00+05:30,169.109308,169.6955453,167.3610505,168.0833893,12648708
2012-10-22 00:00:00+05:30,166.4921689,171.0459935,165.7593618,170.7633362,14165351
2012-10-23 00:00:00+05:30,170.3236753,170.5958644,168.5021536,169.5804138,9493730
2012-10-25 00:00:00+05:30,169.6118577,171.4124572,169.0046837,169.6746674,18056661
2012-10-29 00:00:00+05:30,167.9891921,170.5121161,167.9891921,169.8421326,10986118
2012-10-30 00:00:00+05:30,169.5908712,169.967743,167.3191859,168.1776123,9337388
2012-10-31 00:00:00+05:30,168.1566741,169.036037,167.0784139,168.6486969,9422473
2012-11-01 00:00:00+05:30,166.4503414,169.3396695,165.1312967,168.9837341,18379112
2012-11-02 00:00:00+05:30,170.009625,170.6167989,168.020597,169.1616669,11547717
2012-11-05 00:00:00+05:30,168.2613776,169.3710566,167.8845057,168.7848053,5066549
2012-11-06 00:00:00+05:30,168.3346659,169.0465366,166.7120413,168.6382599,15450143
2012-11-07 00:00:00+05:30,167.9159705,168.6068908,167.0784803,167.6751862,10418019
2012-11-08 00:00:00+05:30,166.0315487,167.1412136,165.351083,166.7852783,12414461
2012-11-09 00:00:00+05:30,166.1048787,168.2299947,164.3566206,164.9114532,10595311
2012-11-12 00:00:00+05:30,164.5345493,165.2778106,163.1003539,164.7020416,12661154
2012-11-15 00:00:00+05:30,165.162643,165.162643,162.6920608,164.2728119,15252390
2012-11-16 00:00:00+05:30,164.8590781,165.9582888,161.4253863,162.294281,14357871
2012-11-19 00:00:00+05:30,162.315215,162.9433254,159.4049509,162.1163177,20723808
2012-11-20 00:00:00+05:30,163.4562754,163.4562754,159.5829164,160.2424316,9434023
2012-11-21 00:00:00+05:30,160.4832241,162.0325847,159.3526225,161.4672699,8612899
2012-11-22 00:00:00+05:30,161.8545956,161.9906971,159.4154179,160.3471222,10486909
2012-11-23 00:00:00+05:30,160.3785214,162.4303589,160.3785214,162.0011597,7469469
2012-11-26 00:00:00+05:30,162.2419454,163.1945864,161.4253921,161.9802246,4542818
2012-11-27 00:00:00+05:30,162.681652,164.9847426,162.0535414,164.73349,10808581
2012-11-29 00:00:00+05:30,164.565985,168.334662,163.8645826,167.1412506,19614256
2012-11-30 00:00:00+05:30,166.6701387,169.172126,165.4034356,166.1781158,18244916
2012-12-03 00:00:00+05:30,166.4503243,168.9627802,165.3511135,168.3346558,10320168
2012-12-04 00:00:00+05:30,168.7848134,172.8780349,168.7534086,172.6686554,15279225
2012-12-05 00:00:00+05:30,173.411925,175.2648656,171.810237,174.3226929,13516432
2012-12-06 00:00:00+05:30,175.0240554,177.0968295,172.1033232,176.6885529,11534903
2012-12-07 00:00:00+05:30,176.0918445,177.9029117,173.8725147,174.7414093,13188809
2012-12-10 00:00:00+05:30,174.741423,175.4428114,171.9463099,173.4223785,8177837
2012-12-11 00:00:00+05:30,174.1970559,175.5265688,170.5330619,171.6950684,16253418
2012-12-12 00:00:00+05:30,172.7314591,174.783311,171.5485161,174.3226929,10123422
2012-12-13 00:00:00+05:30,174.3226683,176.0813802,173.8620503,174.6681213,11603084
2012-12-14 00:00:00+05:30,174.7204671,177.2957463,173.4642463,175.7149811,8950431
2012-12-17 00:00:00+05:30,174.7204795,176.7932677,173.9876863,174.6472015,7246381
2012-12-18 00:00:00+05:30,174.7204581,175.7568591,172.9408097,174.0714111,7996183
2012-12-19 00:00:00+05:30,174.8670497,176.5106107,174.6262654,175.7673492,8718992
2012-12-20 00:00:00+05:30,176.2803321,176.2803321,173.6736475,175.4219055,9577572
2012-12-21 00:00:00+05:30,174.4064226,174.7204709,172.1452055,172.7837982,9402708
2012-12-24 00:00:00+05:30,172.857111,173.2235007,170.7633859,171.831192,5704037
2012-12-26 00:00:00+05:30,172.1033651,175.0136297,172.1033651,173.4119415,5823779
2012-12-27 00:00:00+05:30,173.8411379,174.1970592,170.6586844,171.2030487,16101867
2012-12-28 00:00:00+05:30,172.4173926,177.1282416,172.0091159,175.9243622,14550602
2012-12-31 00:00:00+05:30,175.9348409,177.923869,175.2020337,175.7778168,9730755
2013-01-01 00:00:00+05:30,176.709504,177.2538682,175.6835712,176.0185699,6831351
2013-01-02 00:00:00+05:30,176.7095219,179.2219777,176.4059279,177.5365295,13441898
2013-01-03 00:00:00+05:30,177.672587,180.478168,176.8351112,180.2164612,17266808
2013-01-04 00:00:00+05:30,180.4572609,181.0225617,178.7090171,180.4467926,13306377
2013-01-07 00:00:00+05:30,181.2528925,182.3625577,178.3426281,179.3476105,15307180
2013-01-08 00:00:00+05:30,179.0335263,179.6616507,177.5260528,178.1018219,13973797
2013-01-09 00:00:00+05:30,178.468242,180.0280569,177.6831074,178.5310516,17071824
2013-01-10 00:00:00+05:30,179.5883832,179.8396358,177.337648,177.9762268,9239813
2013-01-11 00:00:00+05:30,178.4891645,178.5938472,175.0868775,175.8510895,8050294
2013-01-14 00:00:00+05:30,176.0813882,178.5938439,175.6626433,177.452774,7060887
2013-01-15 00:00:00+05:30,177.1596543,178.3426113,175.4532837,177.3690338,10387846
2013-01-16 00:00:00+05:30,177.1387273,182.3416137,177.1387273,180.3421173,19551254
2013-01-17 00:00:00+05:30,180.4991415,187.0838822,180.0071186,186.3406067,22117537
2013-01-18 00:00:00+05:30,187.3874386,189.0519501,185.4298155,188.476181,22754714
2013-01-21 00:00:00+05:30,196.4113624,199.9497368,192.2134587,192.6112671,43957346
2013-01-22 00:00:00+05:30,192.6217491,194.8620298,191.6900447,192.6322174,18664413
2013-01-23 00:00:00+05:30,193.061433,194.4642237,191.8261346,193.2603302,11701950
2013-01-24 00:00:00+05:30,193.6685773,194.3699795,189.8998871,191.6900177,13438049
2013-01-25 00:00:00+05:30,191.836607,192.066923,189.5021257,190.9886627,14088477
2013-01-28 00:00:00+05:30,190.8106684,191.1875403,187.387445,187.9213409,13400981
2013-01-29 00:00:00+05:30,187.3874426,188.8530429,184.2678131,184.8435822,15439403
2013-01-30 00:00:00+05:30,185.8171661,189.1461752,185.8171661,188.3086853,17641932
2013-01-31 00:00:00+05:30,187.7329167,188.0155741,184.8959305,185.6392059,16733589
2013-02-01 00:00:00+05:30,186.623268,188.3924485,185.0006295,187.1781006,8152817
2013-02-04 00:00:00+05:30,187.6073121,188.6436993,185.1053244,185.6496887,13697044
2013-02-05 00:00:00+05:30,185.0843765,185.4821709,182.7812862,183.1476898,9708430
2013-02-06 00:00:00+05:30,184.3411029,184.8540624,182.32067,183.3361206,9876509
2013-02-07 00:00:00+05:30,182.4881868,184.6656581,181.8077349,182.760376,8542570
2013-02-08 00:00:00+05:30,182.1427001,182.9906443,179.4313333,180.8027191,9584217
2013-02-11 00:00:00+05:30,181.1063209,183.2000458,180.1850986,181.8181915,8329895
2013-02-12 00:00:00+05:30,181.8600398,184.320154,181.1481832,183.2942352,9728703
2013-02-13 00:00:00+05:30,185.0843921,185.9218681,182.6766189,184.0375366,10533233
2013-02-14 00:00:00+05:30,184.2468802,184.9692051,178.1751135,179.2324371,12284945
2013-02-15 00:00:00+05:30,178.9916311,179.5150587,174.6367038,177.0863495,14390520
2013-02-18 00:00:00+05:30,177.5469893,178.9288434,176.542007,177.4423065,5310071
2013-02-19 00:00:00+05:30,177.7563858,179.0126068,174.6681468,177.6307526,9677020
2013-02-20 00:00:00+05:30,179.6302211,184.0060709,179.3475637,183.1581268,14873246
2013-02-21 00:00:00+05:30,181.943821,183.576928,178.7299765,179.891983,16214530
2013-02-22 00:00:00+05:30,179.7454096,182.5719137,179.6407268,180.6038361,9725304
2013-02-25 00:00:00+05:30,180.8969435,181.0958408,178.1751222,178.8765106,9878487
2013-02-26 00:00:00+05:30,177.9029181,177.9029181,171.422875,172.4173889,13474915
2013-02-27 00:00:00+05:30,173.7783162,176.0709242,173.1815966,174.0504913,17709146
2013-02-28 00:00:00+05:30,175.2857968,175.7778196,168.7010562,170.3969727,27667849
2013-03-01 00:00:00+05:30,170.8471563,171.3705841,168.6487483,169.6746674,13906688
2013-03-04 00:00:00+05:30,169.3605572,171.3181802,168.5230674,170.1352234,14948007
2013-03-05 00:00:00+05:30,171.4961726,174.7100169,171.4961726,173.0141144,13159371
2013-03-06 00:00:00+05:30,174.1761153,175.537033,173.0873868,174.8775177,10778102
2013-03-07 00:00:00+05:30,174.0400093,176.1860612,172.5325359,175.1392059,10529882
2013-03-08 00:00:00+05:30,176.5001257,178.9497716,175.8720153,178.237915,10131948
2013-03-11 00:00:00+05:30,178.4054287,180.1850913,175.8825046,176.814209,10569010
2013-03-12 00:00:00+05:30,178.0704423,178.9079323,176.6153101,177.5156097,8552523
2013-03-13 00:00:00+05:30,176.3326317,179.3475784,175.9138868,176.918869,9401899
2013-03-14 00:00:00+05:30,176.7095159,180.7817864,174.8775119,180.0699158,14790357
2013-03-15 00:00:00+05:30,181.0539682,182.0275457,175.5160971,176.6362305,12793329
2013-03-18 00:00:00+05:30,174.8251892,176.604838,173.9458261,174.6786194,8023328
2013-03-19 00:00:00+05:30,175.1601548,175.662646,169.9886876,172.7314453,17970333
2013-03-20 00:00:00+05:30,173.6526993,173.7364455,170.292285,172.2499084,20179135
2013-03-21 00:00:00+05:30,172.731425,174.3645315,168.4916626,170.1352234,16660114
2013-03-22 00:00:00+05:30,169.2349371,171.8939625,168.4079295,169.7164917,11876985
2013-03-25 00:00:00+05:30,171.8102367,172.3860058,167.968268,169.4338684,14058667
2013-03-26 00:00:00+05:30,168.0206155,168.5440432,163.3097518,164.0111542,19465627
2013-03-28 00:00:00+05:30,164.3565887,164.5554999,160.0435339,161.8231964,26513604
2013-04-01 00:00:00+05:30,163.5191057,165.5709433,162.0116323,163.0480194,8326610
2013-04-02 00:00:00+05:30,163.3516101,166.7643655,162.9538017,166.2200012,11110756
2013-04-03 00:00:00+05:30,167.0365916,167.2878302,161.4254275,162.5874481,9321547
2013-04-04 00:00:00+05:30,161.7394664,162.8805364,160.0016768,160.7030792,11915658
2013-04-05 00:00:00+05:30,161.0066314,163.8122125,160.7344562,163.330658,12989770
2013-04-08 00:00:00+05:30,162.911917,166.3142038,162.8909805,165.2778168,8878601
2013-04-09 00:00:00+05:30,165.8431289,166.575936,161.4463278,162.6711578,13081885
2013-04-10 00:00:00+05:30,163.3306378,164.1367228,161.5509896,163.184082,12190258
2013-04-11 00:00:00+05:30,164.1472181,164.3775202,159.9911876,161.4463196,11428531
2013-04-12 00:00:00+05:30,160.5878923,163.3934594,160.1691474,162.3361359,11349794
2013-04-15 00:00:00+05:30,161.8546242,167.4867243,161.8546242,166.1572113,16184406
2013-04-16 00:00:00+05:30,166.8690577,169.5908931,164.440348,168.5335693,17774606
2013-04-17 00:00:00+05:30,168.7220056,169.5071542,161.0485499,161.9907227,32105722
2013-04-18 00:00:00+05:30,162.576968,164.39849,161.7708828,163.6447601,13793320
2013-04-22 00:00:00+05:30,164.5659702,166.3874919,162.9538,165.3511047,12790893
2013-04-23 00:00:00+05:30,165.7175366,168.7115474,164.5764665,168.2718658,12356228
2013-04-25 00:00:00+05:30,169.0883889,173.0664449,169.0883889,171.6113129,25921526
2013-04-26 00:00:00+05:30,170.2189686,172.731424,165.3406136,165.9059143,20852076
2013-04-29 00:00:00+05:30,166.0525122,167.26686,165.0789347,165.9582977,20968563
2013-04-30 00:00:00+05:30,166.167666,166.7957765,162.7130374,165.0265961,17548959
2013-05-02 00:00:00+05:30,164.8590768,168.962766,164.0216009,168.1043396,27236264
2013-05-03 00:00:00+05:30,168.1252954,170.8261943,166.4293929,167.6018677,12917135
2013-05-06 00:00:00+05:30,167.95779,172.7209807,167.95779,172.0195923,9358282
2013-05-07 00:00:00+05:30,171.9986687,175.0136158,171.6113285,173.3909912,16529868
2013-05-08 00:00:00+05:30,173.7992608,174.3854982,172.1138126,173.7050323,11858396
2013-05-09 00:00:00+05:30,173.4433543,174.1238063,170.6377723,171.2868195,8182539
2013-05-10 00:00:00+05:30,172.6325422,173.8615526,171.4671133,172.2617188,9081731
2013-05-13 00:00:00+05:30,172.3464178,174.9209778,169.2633195,170.1532898,9087230
2013-05-14 00:00:00+05:30,169.6341475,171.4246828,168.585259,169.1255951,8828077
2013-05-15 00:00:00+05:30,169.9414099,173.9250733,169.9414099,173.5436554,11255447
2013-05-16 00:00:00+05:30,172.9079716,178.7986963,172.802012,178.1312256,15197535
2013-05-17 00:00:00+05:30,178.131245,178.9894318,174.4548371,177.039978,12484982
2013-05-20 00:00:00+05:30,177.4425555,181.1719355,175.6096421,176.1181946,13237846
2013-05-21 00:00:00+05:30,176.1076072,177.9934934,174.8786113,175.5778656,10594235
2013-05-22 00:00:00+05:30,175.89571,176.7220989,172.3782069,173.4906769,12579289
2013-05-23 00:00:00+05:30,171.9862462,172.9080004,165.3008868,166.222641,12798137
2013-05-24 00:00:00+05:30,168.1191082,168.3945665,165.1101712,166.6464233,7975390
2013-05-27 00:00:00+05:30,170.1003424,176.4678505,169.729519,175.5143127,18956469
2013-05-28 00:00:00+05:30,175.8745487,179.4556055,175.0693346,178.7139587,21734556
2013-05-29 00:00:00+05:30,178.0994599,180.0701028,176.605586,179.6674957,25752389
2013-05-30 00:00:00+05:30,179.052977,179.2648679,175.8745275,177.3154144,18225094
2013-05-31 00:00:00+05:30,176.7433088,177.0929431,169.9626133,170.8525696,17159386
2013-06-03 00:00:00+05:30,170.3016056,170.6512398,166.3921045,166.9536438,14165128
2013-06-04 00:00:00+05:30,167.5258044,169.4752581,165.0995817,165.3220673,14752690
2013-06-05 00:00:00+05:30,165.3856239,170.4287849,165.3856239,169.9414215,12748842
2013-06-06 00:00:00+05:30,169.5176179,170.3440068,166.9960445,167.8224335,17113393
2013-06-07 00:00:00+05:30,168.2886274,169.9414338,165.4915955,166.0425262,9420701
2013-06-10 00:00:00+05:30,167.1867787,168.5641127,165.7034991,167.2609406,11361378
2013-06-11 00:00:00+05:30,166.0213234,167.7164937,164.2837607,166.4663086,13242164
2013-06-12 00:00:00+05:30,165.9260089,168.9879191,165.7458874,167.5682068,12774566
2013-06-13 00:00:00+05:30,165.9153904,168.0131679,165.3962291,167.3562775,9726275
2013-06-14 00:00:00+05:30,168.712386,173.7237485,168.6911969,172.6218872,17575615
2013-06-17 00:00:00+05:30,172.8020348,175.4295681,171.8696861,174.9316101,11089648
2013-06-18 00:00:00+05:30,174.5395957,177.4637764,173.2152346,174.4760284,15658352
2013-06-19 00:00:00+05:30,174.1793422,176.5631864,172.6748739,176.2347412,17331546
2013-06-20 00:00:00+05:30,173.3105856,173.3105856,168.4581544,169.0938416,17422410
2013-06-21 00:00:00+05:30,169.4964374,171.7107547,166.0425153,168.0025635,20486223
2013-06-24 00:00:00+05:30,167.3986656,168.7018378,164.9618624,167.9602051,16311628
2013-06-25 00:00:00+05:30,169.4540782,173.7343897,168.4581621,170.3228455,19232377
2013-06-26 00:00:00+05:30,171.5200767,172.57956,169.7507301,170.2804718,16661304
2013-06-27 00:00:00+05:30,173.013944,177.3472424,172.5689588,175.8745575,25751492
2013-06-28 00:00:00+05:30,184.2444398,184.9860865,179.2648608,182.7823639,48133694
2013-07-01 00:00:00+05:30,182.6552126,188.1645332,181.3096626,187.6771698,20497553
2013-07-02 00:00:00+05:30,187.1262916,188.9698,184.0855706,184.7424469,17779689
2013-07-03 00:00:00+05:30,182.3374061,182.9413096,179.8052238,180.2925873,12816463
2013-07-04 00:00:00+05:30,180.7693757,184.4775816,179.550974,182.5811005,13233510
2013-07-05 00:00:00+05:30,183.5769899,187.4758972,183.5769899,186.5435486,12756629
2013-07-08 00:00:00+05:30,184.350382,185.0814199,181.8394036,183.7040863,14253091
2013-07-09 00:00:00+05:30,184.159687,186.8507871,183.7252964,185.3675079,12922258
2013-07-10 00:00:00+05:30,185.2509594,186.4375913,177.7815904,181.3838501,22237458
2013-07-11 00:00:00+05:30,183.2909006,185.0496522,182.0724993,184.3609924,11368001
2013-07-12 00:00:00+05:30,185.2509713,189.8597417,184.2656499,188.5777588,14371976
2013-07-15 00:00:00+05:30,187.7407529,190.6861223,187.7407529,190.0398407,12913233
2013-07-16 00:00:00+05:30,187.9526703,191.6502671,187.1156726,190.8344727,12974694
2013-07-17 00:00:00+05:30,191.3430152,194.5002756,191.3430152,193.8751831,23132227
2013-07-18 00:00:00+05:30,194.5214671,194.9346686,192.6567698,194.3625488,12303560
2013-07-19 00:00:00+05:30,194.7439573,196.6192348,193.472569,195.7292786,14298611
2013-07-22 00:00:00+05:30,193.8857632,193.8857632,190.4848142,192.6249695,16958736
2013-07-23 00:00:00+05:30,193.2606681,196.0047267,192.2435632,192.7309265,12430954
2013-07-24 00:00:00+05:30,192.4025,194.2883864,189.679616,192.6885529,13788582
2013-07-25 00:00:00+05:30,191.9681262,193.2924873,185.9290629,188.7472839,15831296
2013-07-26 00:00:00+05:30,189.0545231,191.4913401,187.6242165,188.6201324,9565406
2013-07-29 00:00:00+05:30,187.9632367,190.4212426,187.0096991,187.6771698,9151355
2013-07-30 00:00:00+05:30,187.9632367,189.0121253,180.9388534,181.6698914,11393034
2013-07-31 00:00:00+05:30,181.9453813,186.4058137,178.544432,184.7848053,15795755
2013-08-01 00:00:00+05:30,185.4417178,187.0733211,179.021236,180.1125031,11071339
2013-08-02 00:00:00+05:30,182.2314165,184.7635842,180.1124504,181.6698914,12821918
2013-08-05 00:00:00+05:30,182.2314608,184.9649397,181.3309099,182.559906,12559130
2013-08-06 00:00:00+05:30,181.90302,183.1214215,175.9063349,178.2160034,12415511
2013-08-07 00:00:00+05:30,179.0529758,186.8613843,176.0864173,184.8695526,18794821
2013-08-08 00:00:00+05:30,183.7889093,184.8695817,181.6275503,183.4286804,11367214
2013-08-12 00:00:00+05:30,184.1385156,184.9543242,178.0888582,179.1907196,8728866
2013-08-13 00:00:00+05:30,178.629182,182.220833,176.9340118,180.7269592,11537003
2013-08-14 00:00:00+05:30,181.3838627,183.9266253,179.5721382,183.2909241,11260259
2013-08-16 00:00:00+05:30,183.2909291,183.7147252,173.1516621,175.1752777,27321905
2013-08-19 00:00:00+05:30,174.3912612,176.7221187,171.1174465,173.8085327,16150138
2013-08-20 00:00:00+05:30,171.8696756,176.0440554,170.5877068,174.8892212,11418893
2013-08-21 00:00:00+05:30,176.5102387,176.8704675,165.3220686,166.0425262,15711357
2013-08-22 00:00:00+05:30,165.7988473,171.3505474,164.050704,170.8102112,22293762
2013-08-23 00:00:00+05:30,172.4206164,174.7514738,171.3187409,173.6496124,14332191
2013-08-26 00:00:00+05:30,174.2852989,176.1817798,171.2975512,174.306488,9916035
2013-08-27 00:00:00+05:30,172.4841824,174.7938506,169.5176237,170.2062836,13094883
2013-08-28 00:00:00+05:30,168.479327,173.4483119,161.8681304,172.0180054,25813146
2013-08-29 00:00:00+05:30,172.9079909,180.8329405,172.1663441,179.1059723,30837833
2013-08-30 00:00:00+05:30,178.7986935,182.2314262,175.5142985,180.9282684,21443760
2013-09-02 00:00:00+05:30,180.7905488,188.5883639,180.7905488,187.899704,21052445
2013-09-03 00:00:00+05:30,188.206913,188.9485597,175.5142908,176.0864105,17326878
2013-09-04 00:00:00+05:30,176.6691483,183.1955746,176.51023,179.9747467,13323596
2013-09-05 00:00:00+05:30,182.8671546,184.2974613,180.345581,182.7717896,14254145
2013-09-06 00:00:00+05:30,184.3504319,185.0920645,178.3113545,183.9266357,15048312
2013-09-10 00:00:00+05:30,184.9649095,189.3405855,183.5557921,188.6625061,18493766
2013-09-11 00:00:00+05:30,188.3764654,189.2028544,185.2297852,188.1115875,14860857
2013-09-12 00:00:00+05:30,188.1645411,190.9192086,184.5940793,185.4946442,17979275
2013-09-13 00:00:00+05:30,183.9266312,187.2534189,183.7253206,184.9861145,9825959
2013-09-16 00:00:00+05:30,187.7301678,188.1009911,180.9600668,182.6022644,12050423
2013-09-17 00:00:00+05:30,181.4580291,183.0790376,180.6634096,181.839447,10930099
2013-09-18 00:00:00+05:30,182.3374175,185.409922,181.5533925,184.7636261,13704245
2013-09-19 00:00:00+05:30,188.1751485,189.8491438,186.5859237,188.7154846,18935509
2013-09-20 00:00:00+05:30,187.7407459,190.9192094,184.456351,186.8719788,18362492
2013-09-23 00:00:00+05:30,184.7848228,186.6812897,183.2909347,185.2721863,8875005
2013-09-24 00:00:00+05:30,184.7742199,187.4335369,183.9584254,185.3251648,12352943
2013-09-25 00:00:00+05:30,184.8589746,185.3887162,178.4596829,179.9111786,17472523
2013-09-26 00:00:00+05:30,179.4026369,180.1442696,176.9870088,177.6226959,19874983
2013-09-27 00:00:00+05:30,178.4172905,181.0659984,177.3578073,177.9723053,12006474
2013-09-30 00:00:00+05:30,176.3089036,178.947031,173.5648448,174.2640991,15922812
2013-10-01 00:00:00+05:30,175.0905047,175.8533405,173.2681857,174.0628052,9108666
2013-10-03 00:00:00+05:30,174.4760273,179.8794034,174.4760273,179.4662018,9108321
2013-10-04 00:00:00+05:30,178.1100552,182.1678809,177.569719,181.0448303,9909849
2013-10-07 00:00:00+05:30,179.6038964,180.6210012,177.1458905,178.8516693,11265723
2013-10-08 00:00:00+05:30,180.0489147,181.108398,177.8239885,179.0424042,12119312
2013-10-09 00:00:00+05:30,177.9829212,183.8524716,177.4637741,182.4221649,11954619
2013-10-10 00:00:00+05:30,182.0195543,182.8247684,179.6992772,182.2314453,9371240
2013-10-11 00:00:00+05:30,183.2909043,183.9266055,181.0236144,182.9412842,9773103
2013-10-14 00:00:00+05:30,183.2909064,185.4098868,182.9095026,184.4139709,12156983
2013-10-15 00:00:00+05:30,190.1351849,190.4212519,183.0790176,183.8842316,23041721
2013-10-17 00:00:00+05:30,184.3504203,188.1645571,183.2167611,186.5435486,17613513
2013-10-18 00:00:00+05:30,186.8084363,192.4025143,186.8084363,191.9045563,22177371
2013-10-21 00:00:00+05:30,191.9045446,193.9917274,189.8915237,193.504364,15143599
2013-10-22 00:00:00+05:30,192.2753542,193.0275813,190.1775628,191.5972748,10246173
2013-10-23 00:00:00+05:30,191.8091815,192.6567596,188.0903818,190.0186462,8945093
2013-10-24 00:00:00+05:30,189.0227473,193.0381947,186.7554429,187.4229279,11717100
2013-10-25 00:00:00+05:30,187.3381692,189.1816633,186.3316587,187.9526672,9945744
2013-10-28 00:00:00+05:30,188.1645695,191.7350461,188.1327859,188.7472839,15374364
2013-10-29 00:00:00+05:30,188.3976632,191.5443294,187.2958017,190.0292664,14450634
2013-10-30 00:00:00+05:30,189.9656886,191.3218334,189.5842707,190.3153229,9614780
2013-10-31 00:00:00+05:30,190.7073383,194.5214896,189.8597601,193.8222351,19779731
2013-11-01 00:00:00+05:30,192.8474873,196.333193,191.4171807,192.4554749,11890914
2013-11-05 00:00:00+05:30,191.4171908,195.3055038,191.4171908,192.7627411,10955587
2013-11-06 00:00:00+05:30,192.8263031,194.9240804,189.6372446,190.410675,9619806
2013-11-07 00:00:00+05:30,190.4954308,191.936332,186.9143741,187.719574,9792601
2013-11-08 00:00:00+05:30,187.740798,188.1645942,184.5941313,185.6112366,8755784
2013-11-11 00:00:00+05:30,185.1980017,186.9143753,182.2738211,183.0578461,8901228
2013-11-12 00:00:00+05:30,183.2909254,184.6894483,180.1548539,180.6634064,12169801
2013-11-13 00:00:00+05:30,180.0912709,182.5280878,178.4384789,178.9258423,8391536
2013-11-14 00:00:00+05:30,180.3773408,183.0790214,180.1972193,180.4620972,8031378
2013-11-18 00:00:00+05:30,181.8288496,185.9926207,181.415648,185.3569336,12073167
2013-11-19 00:00:00+05:30,185.4099172,187.5076947,185.4099172,186.1197662,8434885
2013-11-20 00:00:00+05:30,185.3781078,187.1050617,181.5957408,182.7611694,13090661
2013-11-21 00:00:00+05:30,182.2102576,182.2314467,178.7245517,179.6039276,11465699
2013-11-22 00:00:00+05:30,180.3243673,181.4792014,177.8027799,178.7881012,7482129
2013-11-25 00:00:00+05:30,179.5509783,181.5639996,178.8517238,180.4727325,10078405
2013-11-26 00:00:00+05:30,180.2184099,181.5533655,177.4743511,178.2583618,13965988
2013-11-27 00:00:00+05:30,178.9470563,180.0065396,176.987008,177.5591278,11421820
2013-11-28 00:00:00+05:30,178.6504009,181.4686362,178.6504009,179.6781006,12546701
2013-11-29 00:00:00+05:30,180.3137879,181.4898112,179.8158158,180.7905426,9884161
2013-12-02 00:00:00+05:30,180.7481712,182.8565574,180.5998475,181.2355347,7221751
2013-12-03 00:00:00+05:30,181.1719431,183.396869,180.2501891,182.6340332,9184625
2013-12-04 00:00:00+05:30,182.4221545,183.8206775,180.7905374,181.394455,8761077
2013-12-05 00:00:00+05:30,184.7741773,185.8336746,183.9371939,184.5622864,12534404
2013-12-06 00:00:00+05:30,184.3821904,185.3357281,182.4857097,183.6511383,7301066
2013-12-09 00:00:00+05:30,186.9143721,188.1645572,185.6641728,186.2468872,12704841
2013-12-10 00:00:00+05:30,186.1515247,188.3128834,186.1515247,187.4546967,8718563
2013-12-11 00:00:00+05:30,186.9991356,187.5182827,184.8801691,187.0203247,4977570
2013-12-12 00:00:00+05:30,186.0455992,186.4693954,183.9266327,184.392807,5690033
2013-12-13 00:00:00+05:30,183.7147194,183.9478136,181.7334821,183.227356,8926111
2013-12-16 00:00:00+05:30,182.2314229,182.7081918,178.6715557,179.0635681,10046119
2013-12-17 00:00:00+05:30,179.8369942,180.7269504,177.3048123,177.8239594,10089421
2013-12-18 00:00:00+05:30,177.8239604,183.0472282,177.8239604,182.2208252,12009855
2013-12-19 00:00:00+05:30,183.1638011,183.1638011,178.77753,180.9706726,13450539
2013-12-20 00:00:00+05:30,184.7742234,190.2835594,182.6764458,189.6796417,20508621
2013-12-23 00:00:00+05:30,190.4954647,192.6144316,188.5883889,189.9127502,16191974
2013-12-24 00:00:00+05:30,189.9656833,191.7668132,189.6690217,190.2941284,7306775
2013-12-26 00:00:00+05:30,189.5418987,190.7073275,186.9143797,188.0692139,14619868
2013-12-27 00:00:00+05:30,188.2916851,189.4147355,185.8124901,186.2256775,7744563
2013-12-30 00:00:00+05:30,186.6812842,188.5565761,185.5900173,187.9738617,10315527
2013-12-31 00:00:00+05:30,188.1645282,190.3364812,187.9738264,189.6901855,5706010
2014-01-01 00:00:00+05:30,190.1669753,190.3365022,188.0797926,188.3340759,5849398
2014-01-02 00:00:00+05:30,188.100983,189.8597347,184.3716028,185.4098969,6023632
2014-01-03 00:00:00+05:30,184.689445,185.0602683,181.1719556,183.1320038,12833897
2014-01-06 00:00:00+05:30,182.6764401,182.9201289,180.1124882,181.161377,13315857
2014-01-07 00:00:00+05:30,181.0871999,182.2208449,178.0041012,178.4384918,17311470
2014-01-08 00:00:00+05:30,178.9258572,181.6699162,178.9258572,179.9111786,12726430
2014-01-09 00:00:00+05:30,180.2078152,180.9176783,179.0635757,180.260788,8309185
2014-01-10 00:00:00+05:30,179.7628446,185.6853676,179.6886827,181.839447,14839980
2014-01-13 00:00:00+05:30,183.9795619,187.1050383,183.9265892,186.5541077,12058586
2014-01-14 00:00:00+05:30,186.1515454,187.4335284,184.8695766,186.7872467,12075547
2014-01-15 00:00:00+05:30,187.4653188,189.6478527,186.6812938,187.6242371,12660424
2014-01-16 00:00:00+05:30,188.3128733,189.2876,186.903756,187.7725372,18038361
2014-01-17 00:00:00+05:30,188.4082397,190.0504372,186.5223534,187.4758911,15463211
2014-01-20 00:00:00+05:30,187.9314844,188.3764696,183.5240244,184.2974548,16576057
2014-01-21 00:00:00+05:30,184.9119259,185.1132223,182.6552164,182.8777161,9806364
2014-01-22 00:00:00+05:30,182.9730719,185.4840506,181.8394269,184.8695526,8517726
2014-01-23 00:00:00+05:30,182.3585878,184.6258779,182.3585878,183.4604492,13767334
2014-01-24 00:00:00+05:30,182.6552514,185.3357575,182.4645495,183.852478,11879019
2014-01-27 00:00:00+05:30,181.3838643,182.4009694,178.0676713,178.6609802,12345838
2014-01-28 00:00:00+05:30,179.4767895,181.383865,178.5656299,179.0212097,11573795
2014-01-29 00:00:00+05:30,180.070102,180.6422219,176.9340304,177.273056,12374165
2014-01-30 00:00:00+05:30,176.171193,176.6903401,174.2217393,174.8150482,14102043
2014-01-31 00:00:00+05:30,175.2388188,176.6055579,175.0587115,176.1181946,11038353
2014-02-03 00:00:00+05:30,175.0693397,175.8321614,173.639033,173.9462891,8227762
2014-02-04 00:00:00+05:30,172.5901258,175.1646719,172.3040588,174.0839996,12362252
2014-02-05 00:00:00+05:30,173.7767704,174.0734319,170.9797383,173.1728668,11298451
2014-02-06 00:00:00+05:30,173.7555672,174.6243486,171.2445882,172.8762054,10826505
2014-02-07 00:00:00+05:30,174.2005526,174.5607815,171.7637354,172.5795441,8459052
2014-02-10 00:00:00+05:30,172.7490502,174.9421926,171.8802688,174.1687622,10345205
2014-02-11 00:00:00+05:30,174.3912593,174.8150413,170.1003396,170.6300812,12609169
2014-02-12 00:00:00+05:30,171.2127699,174.158139,171.0856353,173.3105469,9828890
2014-02-13 00:00:00+05:30,173.5224799,173.5224799,170.5877049,171.0856628,8657303
2014-02-14 00:00:00+05:30,172.0392366,174.6031888,171.2128333,174.1899872,9218744
2014-02-17 00:00:00+05:30,173.2575921,174.1793462,171.0114912,172.1239471,9058505
2014-02-18 00:00:00+05:30,171.0221083,173.2999932,171.0221083,172.3040771,5741275
2014-02-19 00:00:00+05:30,172.2722911,173.7555705,171.6366039,172.1133728,6130140
2014-02-20 00:00:00+05:30,171.9120749,172.4206274,170.1745121,170.6724701,8041497
2014-02-21 00:00:00+05:30,171.0221038,172.9079903,170.7042532,171.9544525,6256274
2014-02-24 00:00:00+05:30,171.2234076,172.685498,170.6406932,172.1345673,6800627
2014-02-25 00:00:00+05:30,172.5477475,172.9079763,171.117441,171.7531281,7039336
2014-02-26 00:00:00+05:30,171.8484947,173.0880994,171.2657803,171.7849274,13608048
2014-02-28 00:00:00+05:30,171.7849036,172.7702249,168.0555235,169.507019,18949872
2014-03-03 00:00:00+05:30,169.5388132,170.9585253,168.9137065,170.2380676,11635479
2014-03-04 00:00:00+05:30,170.1533465,172.6219476,170.06859,172.2617188,8997053
2014-03-05 00:00:00+05:30,172.8126414,173.3317886,170.6089183,171.0009308,11827655
2014-03-06 00:00:00+05:30,171.4988464,174.6878902,171.4882518,174.2746887,10172590
2014-03-07 00:00:00+05:30,174.8150817,185.1980394,174.8150817,184.2233124,33597187
2014-03-10 00:00:00+05:30,183.312142,191.4807665,182.9519131,187.6242371,32869474
2014-03-11 00:00:00+05:30,187.5288728,188.1221817,184.7954083,185.3569336,12780183
2014-03-12 00:00:00+05:30,185.1979999,187.0838862,183.8524638,184.6364746,9431389
2014-03-13 00:00:00+05:30,185.4098912,189.5948511,185.3463239,186.3740234,17221827
2014-03-14 00:00:00+05:30,185.1979772,188.577737,184.1490886,187.7725372,16540547
2014-03-18 00:00:00+05:30,188.4824237,192.5720333,188.4824237,189.9551086,19034847
2014-03-19 00:00:00+05:30,190.7073468,192.8051385,189.7008361,191.3430481,16376397
2014-03-20 00:00:00+05:30,191.0463501,192.2965493,190.3153121,191.9786987,29711945
2014-03-21 00:00:00+05:30,192.1906113,193.5361616,186.9249785,187.6983948,22050970
2014-03-24 00:00:00+05:30,188.8532354,192.5614267,188.8214517,191.8515778,28815466
2014-03-25 00:00:00+05:30,186.2575081,186.9991408,184.8801742,186.3210754,31299573
2014-03-26 00:00:00+05:30,186.7342199,191.332395,186.7130308,188.8426056,13811011
2014-03-27 00:00:00+05:30,189.6160574,191.7456326,189.0333431,190.8662567,55407935
2014-03-28 00:00:00+05:30,190.7073172,194.9346696,190.7073172,194.1294556,18667646
2014-03-31 00:00:00+05:30,194.1506866,199.1408618,193.5044048,197.2232056,18751896
2014-04-01 00:00:00+05:30,198.3356383,200.2427139,196.9159261,199.7341614,15640608
2014-04-02 00:00:00+05:30,200.242687,203.8449326,198.7805968,203.0397186,26780181
2014-04-03 00:00:00+05:30,202.7430691,204.0462268,199.2679581,201.8636932,26550895
2014-04-04 00:00:00+05:30,201.7259825,201.9908463,199.5116509,200.0837708,12513877
2014-04-07 00:00:00+05:30,200.0307926,202.3510697,197.985988,200.0625763,12905249
2014-04-09 00:00:00+05:30,201.302163,204.8408412,200.6982596,203.876709,13438946
2014-04-10 00:00:00+05:30,204.4170673,206.366521,203.8873257,205.3388214,10649501
2014-04-11 00:00:00+05:30,203.9085264,205.7626293,201.429331,202.0968018,11691621
2014-04-15 00:00:00+05:30,201.3021662,202.1497584,198.4627423,201.1114502,9264526
2014-04-16 00:00:00+05:30,200.5605407,203.209263,198.7806139,199.4586792,12381278
2014-04-17 00:00:00+05:30,200.2427206,203.8025886,199.9884373,203.2304688,7845800
2014-04-21 00:00:00+05:30,205.5295082,205.5295082,202.5947333,203.33638,11817203
2014-04-22 00:00:00+05:30,203.421172,209.5132083,202.5947687,205.0633698,19331824
2014-04-23 00:00:00+05:30,205.328246,208.0828999,204.3217354,204.9362335,15288495
2014-04-24 00:00:00+05:30,204.9362335,204.9362335,204.9362335,204.9362335,0
2014-04-25 00:00:00+05:30,205.1163404,205.3282314,200.4545971,200.931366,13252156
2014-04-28 00:00:00+05:30,201.2598114,202.5735638,199.4692759,200.2427063,16610579
2014-04-29 00:00:00+05:30,200.4651819,201.6730029,198.759417,199.2467804,8396497
2014-04-30 00:00:00+05:30,200.0096028,203.4211467,196.8735314,198.2932434,14391181
2014-05-02 00:00:00+05:30,199.1832086,200.7512443,196.21665,196.6616211,9070553
2014-05-05 00:00:00+05:30,196.004759,203.1033054,196.004759,200.6347046,15199246
2014-05-06 00:00:00+05:30,200.8571972,204.9044282,200.7830353,204.131012,12392211
2014-05-07 00:00:00+05:30,203.4423391,205.836778,202.7960574,203.6012573,10571569
2014-05-08 00:00:00+05:30,204.0780196,205.5612989,201.4610952,203.4847107,11949181
2014-05-09 00:00:00+05:30,202.5311757,211.685135,202.5311757,211.3884735,18452114
2014-05-12 00:00:00+05:30,210.8163564,222.2799842,210.6468436,217.9784698,30847764
2014-05-13 00:00:00+05:30,220.3729232,226.4755679,219.2074944,225.3313141,26863271
2014-05-14 00:00:00+05:30,225.4584417,226.3060198,220.6059967,221.5383453,19375695
2014-05-15 00:00:00+05:30,221.5383751,224.6108797,220.2140139,223.2123566,20864719
2014-05-16 00:00:00+05:30,233.2681539,245.0695756,227.2764937,230.9463806,52633579
2014-05-19 00:00:00+05:30,233.4607233,240.6828209,232.5833697,239.6770782,23797958
2014-05-20 00:00:00+05:30,241.3569066,241.5922866,230.1867448,231.0747833,22509088
2014-05-21 00:00:00+05:30,231.0747694,236.0178905,229.7694522,230.7644958,21991587
2014-05-22 00:00:00+05:30,232.3908151,238.2540866,232.1126245,235.5578308,18745180
2014-05-23 00:00:00+05:30,237.8582242,242.23428,235.8146412,241.2606201,16566818
2014-05-26 00:00:00+05:30,242.341251,243.9461427,230.036943,235.7504272,16073584
2014-05-27 00:00:00+05:30,236.0285858,237.0985231,230.0583239,232.808075,11273379
2014-05-28 00:00:00+05:30,233.1611703,236.7989745,232.1233302,233.0113831,11351815
2014-05-29 00:00:00+05:30,233.7817534,233.974337,228.6139365,229.7266846,27659174
2014-05-30 00:00:00+05:30,232.1768286,233.1825571,226.8271277,227.8328705,17293884
2014-06-02 00:00:00+05:30,229.9834299,232.8722691,227.9612453,231.5776367,8806299
2014-06-03 00:00:00+05:30,231.8130322,235.814605,230.539798,234.4022827,10874352
2014-06-04 00:00:00+05:30,233.8138383,235.7718285,230.3044375,230.5719147,8826406
2014-06-05 00:00:00+05:30,230.7858938,234.2952943,227.7365682,233.2253571,19974435
2014-06-06 00:00:00+05:30,236.9701511,242.4482411,236.263997,240.1799774,29319340
2014-06-09 00:00:00+05:30,241.8062529,242.3840321,237.9758797,240.2334442,13497804
2014-06-10 00:00:00+05:30,241.9025773,241.9025773,235.4829389,239.3026276,15760599
2014-06-11 00:00:00+05:30,239.6663871,239.6663871,233.7817319,235.8360138,15164409
2014-06-12 00:00:00+05:30,235.0763444,238.2754715,231.9842225,234.1347961,11767348
2014-06-13 00:00:00+05:30,235.4508213,236.8845418,229.5447539,231.513443,14646904
2014-06-16 00:00:00+05:30,231.9628383,231.9628383,226.217271,227.9933624,14371376
2014-06-17 00:00:00+05:30,226.4205743,233.9529471,226.4205743,233.2574921,15824961
2014-06-18 00:00:00+05:30,232.8188017,235.7397385,226.9662291,228.2715607,19212704
2014-06-19 00:00:00+05:30,229.822968,230.0262507,220.7498842,222.9967499,23126286
2014-06-20 00:00:00+05:30,223.809871,224.5588213,221.3169125,221.7983856,12855084
2014-06-23 00:00:00+05:30,221.9054057,223.5959044,219.1235572,222.1086884,14768300
2014-06-24 00:00:00+05:30,223.6172997,227.4262891,223.6172997,226.7950287,11890148
2014-06-25 00:00:00+05:30,226.324236,226.6880192,224.2913524,224.9012146,10564797
2014-06-26 00:00:00+05:30,219.3375484,219.744128,215.4215681,216.5343018,24480677
2014-06-27 00:00:00+05:30,216.1277419,219.0165815,215.5285787,216.5771179,9225499
2014-06-30 00:00:00+05:30,216.6733867,218.2675934,213.9878303,217.2832489,20656550
2014-07-01 00:00:00+05:30,217.6684574,218.3853105,215.4750729,215.6997681,9653273
2014-07-02 00:00:00+05:30,217.625636,219.8404185,216.5556987,217.8931274,12293489
2014-07-03 00:00:00+05:30,218.2676082,219.3375455,214.7368094,215.3787689,11575392
2014-07-04 00:00:00+05:30,215.0577736,221.8625928,214.6940046,220.8247528,12957117
2014-07-07 00:00:00+05:30,221.0494418,221.9053973,218.4815894,219.8083191,14019093
2014-07-08 00:00:00+05:30,219.5515405,221.3704426,211.8479829,212.9286194,17484768
2014-07-09 00:00:00+05:30,214.4158277,216.1063264,212.3829439,214.1911469,14903156
2014-07-10 00:00:00+05:30,214.0413611,218.5886022,209.9327969,213.3887024,18600100
2014-07-11 00:00:00+05:30,212.9607072,214.415826,206.2093974,206.8192596,17783841
2014-07-14 00:00:00+05:30,207.2686438,208.6167575,205.1073566,205.8028259,13764770
2014-07-15 00:00:00+05:30,206.1559039,209.708101,206.080996,208.0389862,15345123
2014-07-16 00:00:00+05:30,208.4241995,212.4899676,208.4241995,211.7838135,13957671
2014-07-17 00:00:00+05:30,211.4200161,213.6026873,209.7723136,210.2430878,9426887
2014-07-18 00:00:00+05:30,209.7081035,210.4677531,207.4184274,209.0126343,9332698
2014-07-21 00:00:00+05:30,213.9878568,215.699768,212.9286185,213.4849854,16987269
2014-07-22 00:00:00+05:30,214.8438133,221.2420536,214.2232519,220.6107788,28489939
2014-07-23 00:00:00+05:30,221.4881019,222.5045437,218.492272,221.1029205,13721398
2014-07-24 00:00:00+05:30,220.4075095,223.2321546,219.123576,222.7720795,9673900
2014-07-25 00:00:00+05:30,222.9539464,223.2535351,215.496468,218.6634979,13532588
2014-07-28 00:00:00+05:30,218.4815924,219.0272601,214.3302322,215.1861877,9372911
2014-07-30 00:00:00+05:30,214.843819,216.3417342,212.4899481,215.303894,18616706
2014-07-31 00:00:00+05:30,215.6890441,218.2461973,214.41581,215.3680573,17722817
2014-08-01 00:00:00+05:30,212.9178935,213.7738489,208.6381446,208.9163208,15826199
2014-08-04 00:00:00+05:30,209.9220901,211.7837885,208.8628518,210.7780457,14672155
2014-08-05 00:00:00+05:30,210.7994128,211.3878769,207.7821848,210.5319214,12233949
2014-08-06 00:00:00+05:30,210.7566477,213.6882835,209.6011033,211.4521027,16358373
2014-08-07 00:00:00+05:30,211.6339723,213.2816889,210.4249469,211.6981812,10844144
2014-08-08 00:00:00+05:30,209.611797,210.4570535,208.2315862,209.815094,9118453
2014-08-11 00:00:00+05:30,210.8101377,211.2595137,209.151722,209.815094,6696796
2014-08-12 00:00:00+05:30,210.992029,211.195326,208.9270479,210.6496582,9556263
2014-08-13 00:00:00+05:30,210.4142481,213.260291,209.7080941,211.8800659,14113750
2014-08-14 00:00:00+05:30,212.9179123,215.057787,212.2224574,214.6191101,12062077
2014-08-18 00:00:00+05:30,214.2232271,217.2939507,213.4528643,216.7803802,7643510
2014-08-19 00:00:00+05:30,217.1976746,218.9095715,215.2931799,215.9779358,14559347
2014-08-20 00:00:00+05:30,216.3417205,217.9359274,212.9928061,213.6347656,13022078
2014-08-21 00:00:00+05:30,213.987855,214.8438106,211.8693784,212.9393158,16449220
2014-08-22 00:00:00+05:30,214.0092354,215.4857522,212.9820945,213.624054,8571614
2014-08-25 00:00:00+05:30,213.987848,215.80675,212.5862247,213.0890961,7455233
2014-08-26 00:00:00+05:30,213.1319158,213.3352128,210.3500814,212.5648499,9548209
2014-08-27 00:00:00+05:30,213.3886741,214.3730187,211.173906,212.6397095,8391614
2014-08-28 00:00:00+05:30,212.8323325,214.8438182,212.8323325,213.7096863,15914040
2014-09-01 00:00:00+05:30,214.9187019,218.4815981,213.0463045,217.0050812,16197464
2014-09-02 00:00:00+05:30,217.9466329,220.7391805,216.2561342,219.0807648,16556769
2014-09-03 00:00:00+05:30,219.369641,221.6807153,218.5029864,220.6749725,21922291
2014-09-04 00:00:00+05:30,220.1935081,221.2420473,217.8610356,219.5301361,9346763
2014-09-05 00:00:00+05:30,219.915331,221.1457547,218.3960176,219.4766541,9078852
2014-09-08 00:00:00+05:30,221.2420157,222.4082446,219.9794807,222.0551605,13886787
2014-09-09 00:00:00+05:30,220.8568702,222.8255595,220.0223127,221.0494537,9166689
2014-09-10 00:00:00+05:30,220.0115939,220.2148908,216.6840922,217.3795471,9459033
2014-09-11 00:00:00+05:30,218.3318038,220.4074839,215.6997569,218.1392059,10619105
2014-09-12 00:00:00+05:30,217.946657,219.1235854,216.4380426,217.3260956,8749882
2014-09-15 00:00:00+05:30,215.9351361,216.5556975,214.2018411,214.5763092,8738403
2014-09-16 00:00:00+05:30,214.287438,214.8759021,208.9591353,209.5796967,13242995
2014-09-17 00:00:00+05:30,210.7566666,211.9656922,209.4834322,211.5591125,10887270
2014-09-18 00:00:00+05:30,210.778041,216.1277277,210.4998505,215.0363922,9089107
2014-09-19 00:00:00+05:30,215.2717694,217.3688476,212.0619434,213.0141907,17169819
2014-09-22 00:00:00+05:30,212.4899152,213.1318747,211.3557835,212.1796417,7900222
2014-09-23 00:00:00+05:30,212.2117456,213.0141914,206.0809831,206.6801605,17694403
2014-09-24 00:00:00+05:30,207.2472531,208.4455795,204.4440063,206.5089874,15393998
2014-09-25 00:00:00+05:30,206.7336597,207.0974286,197.4358816,198.976593,33092058
2014-09-26 00:00:00+05:30,198.7947268,201.5016675,196.2910688,199.7041779,15904980
2014-09-29 00:00:00+05:30,200.4959147,201.7263526,198.923106,199.6827698,12481132
2014-09-30 00:00:00+05:30,198.5807253,202.9567808,197.9494648,202.3683167,17642155
2014-10-01 00:00:00+05:30,201.9189468,202.3469246,198.1527678,198.4095459,8656245
2014-10-07 00:00:00+05:30,198.4202402,200.0572435,197.6070809,198.1848602,12404189
2014-10-08 00:00:00+05:30,197.1149415,201.4695849,197.1149415,200.4424438,9827783
2014-10-09 00:00:00+05:30,200.7634235,204.8398904,200.7634235,204.2835236,11164671
2014-10-10 00:00:00+05:30,202.6465062,207.3542334,200.3140337,205.5674286,15465656
2014-10-13 00:00:00+05:30,205.8135002,206.4447606,202.8711657,204.9789429,13881865
2014-10-14 00:00:00+05:30,209.4941385,209.4941385,205.1287958,205.6958618,19077913
2014-10-15 00:00:00+05:30,205.6958618,205.6958618,205.6958618,205.6958618,0
2014-10-16 00:00:00+05:30,203.6415227,204.7649553,198.5806978,199.2226715,19017182
2014-10-17 00:00:00+05:30,200.2926239,201.2876676,197.9815497,200.6992035,15313270
2014-10-20 00:00:00+05:30,200.8275905,201.2769665,195.0606112,200.089325,21187302
2014-10-21 00:00:00+05:30,199.9181835,200.5066477,198.3881709,198.8696442,17621790
2014-10-22 00:00:00+05:30,200.1000564,203.4596702,199.6827919,202.3576355,13384016
2014-10-27 00:00:00+05:30,206.2736,206.2736,200.4638239,201.4374695,10072622
2014-10-28 00:00:00+05:30,201.3839651,201.5765487,198.1741532,199.875351,22023470
2014-10-29 00:00:00+05:30,200.421032,204.0160256,199.8967624,203.6308441,17516848
2014-10-30 00:00:00+05:30,202.860477,210.0397645,202.6678934,209.5475922,32745121
2014-10-31 00:00:00+05:30,210.103957,214.7796008,210.103957,214.1055298,14086084
2014-11-03 00:00:00+05:30,214.8437915,215.9137288,211.8800588,214.4907074,12376151
2014-11-05 00:00:00+05:30,214.4158359,215.8067602,211.5055983,212.1261597,15730002
2014-11-07 00:00:00+05:30,211.9442696,212.9928087,209.2908244,209.815094,11633677
2014-11-10 00:00:00+05:30,210.3072786,211.8051938,206.9797622,207.4291382,10482542
2014-11-11 00:00:00+05:30,208.081781,211.3771999,206.7657647,209.2159271,10100100
2014-11-12 00:00:00+05:30,210.1253589,210.350054,207.2900293,208.4348602,9286081
2014-11-13 00:00:00+05:30,208.4241873,209.6653245,206.1559234,207.4077454,7041533
2014-11-14 00:00:00+05:30,207.3542248,209.2266222,206.5089683,207.386322,8424014
2014-11-17 00:00:00+05:30,206.7122824,211.323718,206.7122824,210.8208466,10224348
2014-11-18 00:00:00+05:30,210.8743566,213.4957048,210.8208611,211.5591125,13410579
2014-11-19 00:00:00+05:30,211.5591063,212.2759738,208.9591564,209.3122406,8099318
2014-11-20 00:00:00+05:30,209.2801424,210.4998671,207.6324256,209.8686066,11342020
2014-11-21 00:00:00+05:30,209.7508861,214.2018348,209.7508861,213.4956665,11739875
2014-11-24 00:00:00+05:30,214.0306196,214.875876,210.0718434,210.8529053,12426216
2014-11-25 00:00:00+05:30,210.7994306,212.8965088,208.2743746,212.4899292,14606201
2014-11-26 00:00:00+05:30,212.2652291,212.4899099,210.2644428,211.2166901,13155281
2014-11-27 00:00:00+05:30,211.8480022,212.4899619,210.360786,211.5591125,12279963
2014-11-28 00:00:00+05:30,211.783789,217.7005561,210.3928647,212.1903687,20881173
2014-12-01 00:00:00+05:30,211.6339942,212.265269,205.1180637,205.7707367,17382184
2014-12-02 00:00:00+05:30,205.856319,207.8357073,205.0003634,205.9954071,9453044
2014-12-03 00:00:00+05:30,205.1180412,208.4241591,205.1180412,207.2151337,9789854
2014-12-04 00:00:00+05:30,207.1616545,208.6274581,204.508195,205.1180573,10775294
2014-12-05 00:00:00+05:30,205.6423301,206.9262635,204.3798091,204.8612823,10048267
2014-12-08 00:00:00+05:30,205.4283383,206.0382006,201.6300622,202.1329193,10238784
2014-12-09 00:00:00+05:30,201.3625789,203.4382591,199.2227042,201.1164856,10598750
2014-12-10 00:00:00+05:30,199.3190024,201.3518863,199.0087145,199.5543823,13242754
2014-12-11 00:00:00+05:30,198.7947318,198.7947318,193.3059424,193.9051056,22620658
2014-12-12 00:00:00+05:30,194.0869725,194.942928,188.17022,188.8121796,17874849
2014-12-15 00:00:00+05:30,187.8706363,188.6944946,186.597402,188.0525208,12647964
2014-12-16 00:00:00+05:30,187.6245485,189.0047593,183.9653464,185.0138855,20886278
2014-12-17 00:00:00+05:30,185.1530022,187.2179833,184.9818025,186.062439,20779949
2014-12-18 00:00:00+05:30,188.6409915,189.3364465,185.0245858,188.3307037,14970699
2014-12-19 00:00:00+05:30,189.4006387,194.3865561,188.8442719,192.7067566,20073537
2014-12-22 00:00:00+05:30,193.0170281,194.0441691,190.6631719,193.6376038,8305143
2014-12-23 00:00:00+05:30,193.0919339,193.4771153,190.8343692,191.2516479,10583206
2014-12-24 00:00:00+05:30,191.251639,191.9791913,188.3093044,189.1973572,22479751
2014-12-26 00:00:00+05:30,189.7216517,191.01627,188.3307274,190.203125,4890141
2014-12-29 00:00:00+05:30,190.1282101,192.3857746,189.7965241,191.9470978,6931660
2014-12-30 00:00:00+05:30,191.9685062,192.2466968,187.6887568,188.3414154,11627412
2014-12-31 00:00:00+05:30,188.3092989,191.2837308,188.1060163,190.6952667,8464992
2015-01-01 00:00:00+05:30,189.6574613,190.877186,189.090381,189.9998322,2963643
2015-01-02 00:00:00+05:30,190.0426007,191.7438127,189.2294558,189.496933,7331366
2015-01-05 00:00:00+05:30,189.3792549,190.6417901,187.0467823,187.4212646,10103941
2015-01-06 00:00:00+05:30,186.1694011,186.8113605,178.0378533,178.9152069,18627980
2015-01-07 00:00:00+05:30,179.1292435,183.7727762,179.1078453,182.8098297,20720312
2015-01-08 00:00:00+05:30,184.0509628,184.6501403,179.7819122,180.1884918,19872227
2015-01-09 00:00:00+05:30,181.5472655,184.4575027,180.8197134,184.0937195,13392787
2015-01-12 00:00:00+05:30,184.136558,184.2435489,180.0921885,181.9538727,10100113
2015-01-13 00:00:00+05:30,182.5316206,182.9488993,179.8567775,180.4238434,9948711
2015-01-14 00:00:00+05:30,180.3917548,181.2477104,177.8666988,178.6691589,11380041
2015-01-15 00:00:00+05:30,179.74981,186.4048286,179.74981,184.9390106,16927085
2015-01-16 00:00:00+05:30,184.0295455,187.2393717,182.3283477,186.1052399,19136963
2015-01-19 00:00:00+05:30,186.2122059,189.5932027,183.7620438,188.2343903,13339962
2015-01-20 00:00:00+05:30,188.6302945,193.7766984,188.0632143,193.2417297,13361320
2015-01-21 00:00:00+05:30,193.6590097,195.0285215,190.8878604,194.0334778,17084297
2015-01-22 00:00:00+05:30,193.6911086,194.1297855,188.2023196,189.1117706,23721627
2015-01-23 00:00:00+05:30,190.44917,192.1182704,187.6673361,189.7858124,18080494
2015-01-27 00:00:00+05:30,191.0697394,191.8828986,188.4162944,190.2458954,17939876
2015-01-28 00:00:00+05:30,189.6146209,194.6861453,189.6146209,194.0548706,19298126
2015-01-29 00:00:00+05:30,194.1083593,199.9716302,194.0655629,198.8802948,36117653
2015-01-30 00:00:00+05:30,199.0086876,199.276179,194.5149425,195.8523712,21746801
2015-02-02 00:00:00+05:30,196.0235575,196.8474158,193.8087894,194.3116608,19302710
2015-02-03 00:00:00+05:30,195.4137278,201.3304953,195.4137278,200.6350403,17092333
2015-02-04 00:00:00+05:30,200.9559764,201.9617191,198.131346,198.7519073,14072894
2015-02-05 00:00:00+05:30,200.2926304,201.1271735,196.355252,197.6605835,12365643
2015-02-06 00:00:00+05:30,197.7461611,199.0086819,193.231018,194.7075348,9045844
2015-02-09 00:00:00+05:30,192.8458505,196.4408438,190.8771613,191.8829041,8839692
2015-02-10 00:00:00+05:30,192.1610819,193.5519917,184.3077237,188.7372742,13651008
2015-02-11 00:00:00+05:30,189.5932144,193.6055004,188.9512549,192.7388458,9781008
2015-02-12 00:00:00+05:30,194.3009638,195.5741838,189.8607141,194.5470428,8709626
2015-02-13 00:00:00+05:30,195.5848824,197.0400011,194.5256442,196.333847,7393680
2015-02-16 00:00:00+05:30,196.5906279,197.7675703,192.589055,193.1882324,12266698
2015-02-18 00:00:00+05:30,192.5890545,194.3009656,191.3907282,192.9421387,9835036
2015-02-19 00:00:00+05:30,194.0762796,194.2153821,189.9249193,193.0277405,9550637
2015-02-20 00:00:00+05:30,191.5726342,191.7331348,186.447628,186.8328094,18717199
2015-02-23 00:00:00+05:30,186.1587432,187.613862,181.2691172,182.1999664,14104463
2015-02-24 00:00:00+05:30,182.7991415,183.3448093,179.1078559,180.0600891,19946218
2015-02-25 00:00:00+05:30,181.632883,183.2805853,179.9744675,180.4238434,15274116
2015-02-26 00:00:00+05:30,181.0551196,181.889677,179.0222358,180.1777802,21459750
2015-02-27 00:00:00+05:30,181.3654042,184.2435444,180.7341437,183.077301,18659378
2015-03-02 00:00:00+05:30,185.9554526,187.3463769,183.0773121,184.9390106,14579511
2015-03-03 00:00:00+05:30,185.9554345,193.9692793,185.6130637,192.7602539,20636925
2015-03-04 00:00:00+05:30,193.8729726,194.6540345,188.3199896,189.98909,14476047
2015-03-05 00:00:00+05:30,190.9841813,192.3216103,187.9134571,189.368576,10716702
2015-03-09 00:00:00+05:30,189.4006462,190.8236677,184.9176,186.0945282,14065391
2015-03-10 00:00:00+05:30,185.9447345,187.4105522,183.0451961,183.8476563,15234060
2015-03-11 00:00:00+05:30,184.2328401,186.0838251,182.4032391,183.1629028,11635873
2015-03-12 00:00:00+05:30,183.6015745,185.61306,183.0879897,184.8426971,11782380
2015-03-13 00:00:00+05:30,185.9554255,186.0838146,181.2476989,181.9110565,12936157
2015-03-16 00:00:00+05:30,182.2106431,182.7349126,179.8139763,180.1991577,13839990
2015-03-17 00:00:00+05:30,182.0073865,184.0081732,179.9638034,183.3555145,19070082
2015-03-18 00:00:00+05:30,183.3875802,186.6509018,182.8954079,185.8805389,9269885
2015-03-19 00:00:00+05:30,187.3570484,187.6031274,182.7670116,183.2056885,13934612
2015-03-20 00:00:00+05:30,183.5801584,184.2756276,181.5900712,182.7670135,10405717
2015-03-23 00:00:00+05:30,183.280604,184.8855101,179.3432254,180.1670837,13251683
2015-03-24 00:00:00+05:30,180.1991973,182.8098464,180.1991973,181.4510193,9238431
2015-03-25 00:00:00+05:30,181.6756936,181.7826845,179.9637824,180.7983398,10264941
2015-03-26 00:00:00+05:30,179.9852004,181.729209,176.3474102,177.460144,20621346
2015-03-27 00:00:00+05:30,178.4444625,178.6798567,171.5005549,173.6939392,23326922
2015-03-30 00:00:00+05:30,174.7424825,174.9778624,170.4306216,173.4906464,17330588
2015-03-31 00:00:00+05:30,175.0420562,178.2304842,175.0420562,176.7539673,20235395
2015-04-01 00:00:00+05:30,176.518558,179.5357861,173.9935022,178.9045258,14588531
2015-04-06 00:00:00+05:30,178.8938368,179.3218146,175.7696177,176.4650726,12334096
2015-04-07 00:00:00+05:30,176.7646688,178.9152426,176.7646688,178.2197876,21275454
2015-04-08 00:00:00+05:30,178.3588603,186.062417,178.2304713,185.2920685,24821205
2015-04-09 00:00:00+05:30,185.2064664,192.3750541,183.772746,191.5404968,27276420
2015-04-10 00:00:00+05:30,191.5084573,194.4721908,190.2566353,193.5199432,25323219
2015-04-13 00:00:00+05:30,194.0441649,197.8852513,192.321569,197.4037781,20177342
2015-04-15 00:00:00+05:30,197.0828069,201.0629817,194.1297873,197.6498871,22231264
2015-04-16 00:00:00+05:30,197.8317965,200.7206362,196.6548681,198.6556549,20177302
2015-04-17 00:00:00+05:30,200.0893337,202.068722,197.4251895,198.3346405,23958678
2015-04-20 00:00:00+05:30,200.570813,200.6029102,187.9883287,189.5183411,37628162
2015-04-21 00:00:00+05:30,190.4812724,191.6261175,186.6936956,187.5496368,17707007
2015-04-22 00:00:00+05:30,188.7158733,189.7537133,185.5274456,188.2557983,14761313
2015-04-23 00:00:00+05:30,189.1331582,190.3207854,185.9661285,187.6780396,13337818
2015-04-24 00:00:00+05:30,187.6673483,189.2615551,185.8805435,188.0739136,12709854
2015-04-27 00:00:00+05:30,188.3200002,189.914207,186.4797001,187.3035583,11042925
2015-04-28 00:00:00+05:30,187.1751565,188.7372659,183.7192516,185.1422729,14687371
2015-04-29 00:00:00+05:30,184.4575469,186.2871483,181.3333273,181.8896942,16387960
2015-04-30 00:00:00+05:30,181.8896938,185.2921041,181.4510169,184.5324402,34802149
2015-05-04 00:00:00+05:30,185.3562757,191.2837415,184.1365511,190.6524811,15078502
2015-05-05 00:00:00+05:30,191.2409267,192.9742215,189.4006267,190.9092407,17846755
2015-05-06 00:00:00+05:30,190.4492029,191.8936227,186.5974168,188.3628235,22438208
2015-05-07 00:00:00+05:30,187.2393766,187.9776279,184.0295503,186.3299255,16735535
2015-05-08 00:00:00+05:30,188.7316868,193.6612499,186.5865194,192.7836761,17104443
2015-05-11 00:00:00+05:30,193.46624,194.8963566,191.4185774,194.13797,14214007
2015-05-12 00:00:00+05:30,193.9104539,193.9104539,187.4641169,188.2333374,16650201
2015-05-13 00:00:00+05:30,189.2409057,192.5561765,185.7414588,191.7869415,16701434
2015-05-14 00:00:00+05:30,191.9819388,192.0252888,188.5800116,190.2918091,12329713
2015-05-15 00:00:00+05:30,191.0935412,192.1877926,188.5366717,189.3708954,8331715
2015-05-18 00:00:00+05:30,189.5767843,193.7154453,188.9917399,193.1845703,9847540
2015-05-19 00:00:00+05:30,193.1195568,196.0447932,192.1119763,194.0513,14513036
2015-05-20 00:00:00+05:30,195.1021963,197.3990381,194.5171375,196.9331665,8708891
2015-05-21 00:00:00+05:30,197.4531929,198.3524344,193.7370689,194.3112793,10759523
2015-05-22 00:00:00+05:30,194.3654457,196.2289319,194.3654457,195.8497314,8349048
2015-05-25 00:00:00+05:30,195.0155021,196.7489817,193.3578742,193.8237457,6617337
2015-05-26 00:00:00+05:30,193.9320797,194.1487719,191.2668715,191.6785736,9510249
2015-05-27 00:00:00+05:30,191.9819204,193.0436846,190.7251607,191.830246,8078236
2015-05-28 00:00:00+05:30,191.949428,193.7695787,188.9483548,189.771759,26538868
2015-05-29 00:00:00+05:30,190.6601792,192.0794618,189.1867272,190.0317993,29277517
2015-06-01 00:00:00+05:30,190.6818569,196.077292,190.248487,195.503067,19594976
2015-06-02 00:00:00+05:30,196.2614472,199.0891638,193.1628689,194.7229919,20178960
2015-06-03 00:00:00+05:30,194.7988657,197.2798984,192.5236913,194.2246552,15546279
2015-06-04 00:00:00+05:30,195.9255766,198.5257815,193.4012088,197.767395,15931395
2015-06-05 00:00:00+05:30,197.1607417,198.6883635,195.9798044,196.69487,13066337
2015-06-08 00:00:00+05:30,196.4889778,197.1823755,191.3535705,191.8627777,10846953
2015-06-09 00:00:00+05:30,191.4510807,192.9895361,190.1076497,191.4835968,9153355
2015-06-10 00:00:00+05:30,191.9819586,197.1607161,191.7652809,196.2723083,13509379
2015-06-11 00:00:00+05:30,196.3156426,197.0740436,189.3059147,190.0643158,14676438
2015-06-12 00:00:00+05:30,190.4651812,193.4337387,190.3026584,192.8161926,21543824
2015-06-15 00:00:00+05:30,193.9104436,196.0989612,192.8486937,195.3947296,12858570
2015-06-16 00:00:00+05:30,194.7988457,196.0989555,193.5420858,195.8714294,13929305
2015-06-17 00:00:00+05:30,196.1097802,204.1920911,193.7154189,201.776062,26232634
2015-06-18 00:00:00+05:30,202.0685752,212.7835927,202.0577413,212.1227112,49366799
2015-06-19 00:00:00+05:30,212.8919464,218.0706888,212.8919464,215.9580231,45710935
2015-06-22 00:00:00+05:30,216.0230394,218.5690752,213.7586846,214.8854523,19394187
2015-06-23 00:00:00+05:30,215.0913025,217.2689717,214.7337697,215.6005096,16007498
2015-06-24 00:00:00+05:30,215.6005049,218.0815374,213.7911878,214.7120972,18603004
2015-06-25 00:00:00+05:30,213.8670197,218.6340599,213.4336498,217.6698151,27175118
2015-06-26 00:00:00+05:30,216.6622299,219.7391403,215.6871512,216.8355865,20966796
2015-06-29 00:00:00+05:30,214.0620496,215.3513256,210.6167722,214.7012634,20168946
2015-06-30 00:00:00+05:30,214.495426,217.3014752,214.0837238,216.7055969,23184864
2015-07-01 00:00:00+05:30,216.9006075,218.9482699,216.9006075,217.9081879,14824266
2015-07-02 00:00:00+05:30,218.6340743,220.9634324,218.2223722,219.0349426,15931202
2015-07-03 00:00:00+05:30,218.7965765,219.6741503,217.3447923,218.2440338,13831096
2015-07-06 00:00:00+05:30,215.8388472,220.7792296,215.6438228,220.0533447,12237733
2015-07-07 00:00:00+05:30,219.0674336,220.2808578,216.6839063,217.3881378,11294999
2015-07-08 00:00:00+05:30,215.7846666,218.5690622,214.8746056,215.9471893,15190654
2015-07-09 00:00:00+05:30,215.8171614,216.9005934,213.0327803,213.9536896,16245867
2015-07-10 00:00:00+05:30,214.7554049,217.5506343,214.5712289,217.0739288,16110573
2015-07-13 00:00:00+05:30,217.0739457,219.3924698,215.6329954,218.2006989,9860248
2015-07-14 00:00:00+05:30,218.6124096,219.1757862,215.6438378,216.2072144,9942927
2015-07-15 00:00:00+05:30,216.6297616,219.8041775,216.5864261,219.0999603,13532911
2015-07-16 00:00:00+05:30,219.2841037,222.707713,219.0999277,221.8193054,14854295
2015-07-17 00:00:00+05:30,222.155206,223.4336337,220.5842489,221.3859711,10195142
2015-07-20 00:00:00+05:30,222.7077413,223.173613,220.5625738,222.0468597,6348354
2015-07-21 00:00:00+05:30,222.7510591,222.8485641,217.2797872,218.3740387,7923338
2015-07-22 00:00:00+05:30,217.7673385,228.3740178,217.6806674,227.6047974,17309440
2015-07-23 00:00:00+05:30,228.2765263,231.3859389,225.6113176,226.4997253,18642915
2015-07-24 00:00:00+05:30,227.0847768,227.4422951,221.2559713,222.1118774,13099664
2015-07-27 00:00:00+05:30,222.0793657,223.1627834,217.063131,217.8431854,20118553
2015-07-28 00:00:00+05:30,218.4824017,220.3025381,216.7055863,218.9049377,13382878
2015-07-29 00:00:00+05:30,218.7424208,219.4358186,214.9721268,215.8171844,14790821
2015-07-30 00:00:00+05:30,216.705612,218.4174243,215.0154821,216.7164459,11701228
2015-07-31 00:00:00+05:30,216.68394,218.3957522,214.5171045,217.0848083,16634259
2015-08-03 00:00:00+05:30,216.9006152,219.6849966,216.5539164,217.214798,9887787
2015-08-04 00:00:00+05:30,217.4206481,217.9081875,212.3502444,214.0837097,12006872
2015-08-05 00:00:00+05:30,214.1378799,216.8572723,213.2386383,214.029541,14345010
2015-08-06 00:00:00+05:30,214.7337502,214.9504424,211.8085285,212.1227112,8708037
2015-08-07 00:00:00+05:30,212.1335621,215.3838296,211.7326938,213.2928314,8608888
2015-08-10 00:00:00+05:30,213.3253116,214.2570403,208.9916269,209.9450378,9288894
2015-08-11 00:00:00+05:30,210.4000833,210.9742937,207.5831859,209.3166656,8762464
2015-08-12 00:00:00+05:30,208.7966233,209.3166643,203.8020569,204.311264,9650325
2015-08-13 00:00:00+05:30,205.1996813,206.7056351,201.3860373,202.2419434,9340350
2015-08-14 00:00:00+05:30,203.737067,210.6167735,202.447791,209.522522,12739366
2015-08-17 00:00:00+05:30,209.3166745,209.3166745,204.9938234,206.0014038,10857430
2015-08-18 00:00:00+05:30,207.1498111,207.1498111,204.1595861,204.5712738,6630334
2015-08-19 00:00:00+05:30,204.549655,208.2332786,203.5637422,206.8465118,8877298
2015-08-20 00:00:00+05:30,208.0057123,208.0057123,197.9949122,198.5474548,19008087
2015-08-21 00:00:00+05:30,197.1823936,197.5940958,194.3654958,196.7381897,20050521
2015-08-24 00:00:00+05:30,190.6818636,190.6818636,177.2474522,179.7501526,35635706
2015-08-25 00:00:00+05:30,182.1986506,186.4889995,178.3741876,183.7804413,49504268
2015-08-26 00:00:00+05:30,183.7046519,189.5551253,182.0145219,184.9180908,18955515
2015-08-27 00:00:00+05:30,187.8216186,190.9526988,185.7089528,188.3308258,26997546
2015-08-28 00:00:00+05:30,189.598426,191.3318913,187.6699363,189.0350494,10770215
2015-08-31 00:00:00+05:30,189.1325825,189.1325825,185.0047553,185.4597931,20708942
2015-09-01 00:00:00+05:30,185.0263882,185.0263882,180.9527313,181.9819794,21645696
2015-09-02 00:00:00+05:30,184.1813368,185.7197922,182.577878,184.0838318,19652369
2015-09-03 00:00:00+05:30,185.0588842,186.5106684,182.9678864,185.0155487,11659978
2015-09-04 00:00:00+05:30,184.1163229,184.1163229,178.7858915,181.1260834,16199949
2015-09-07 00:00:00+05:30,181.6352977,182.8812381,179.3492896,180.5410461,10234633
2015-09-08 00:00:00+05:30,181.1477635,184.8205526,178.7859037,183.8779755,12900468
2015-09-09 00:00:00+05:30,186.5648612,190.4001586,184.2896726,189.3925781,17340694
2015-09-10 00:00:00+05:30,186.5648643,188.6233608,185.3730933,187.8649597,11074406
2015-09-11 00:00:00+05:30,188.9483475,189.836755,185.5247528,186.5540009,10634833
2015-09-14 00:00:00+05:30,186.7273811,187.5832871,184.5930473,187.1824188,7964072
2015-09-15 00:00:00+05:30,186.781542,188.5150219,185.3947611,187.8649597,11509788
2015-09-16 00:00:00+05:30,188.9700304,190.1076174,187.4749108,189.0675354,13424811
2015-09-18 00:00:00+05:30,190.3459952,194.9071921,190.0643141,194.0187988,34261453
2015-09-21 00:00:00+05:30,190.6818438,192.4586446,189.8259378,190.2701416,12732187
2015-09-22 00:00:00+05:30,190.6818456,191.7435955,182.9895691,183.7262878,15745524
2015-09-23 00:00:00+05:30,182.6645468,185.6547865,182.0144991,184.2571716,15221260
2015-09-24 00:00:00+05:30,183.7479683,183.7479683,180.8769157,181.4402924,29076982
2015-09-28 00:00:00+05:30,181.9711749,182.2095204,179.5659795,180.7685699,11624639
2015-09-29 00:00:00+05:30,179.8476433,184.2354829,179.0025713,182.1769867,15853471
2015-09-30 00:00:00+05:30,184.398026,187.3882512,181.6894674,186.8465424,17292020
2015-10-01 00:00:00+05:30,189.3709195,189.3709195,186.0448292,187.3665924,8663393
2015-10-05 00:00:00+05:30,186.9548752,192.8486684,186.7490169,192.4152985,16015412
2015-10-06 00:00:00+05:30,194.0729613,195.1238773,191.9277793,194.5930023,12330294
2015-10-07 00:00:00+05:30,193.8670772,198.9266465,193.0653552,198.0057373,11515191
2015-10-08 00:00:00+05:30,198.244116,198.244116,192.0361253,192.6536713,10753149
2015-10-09 00:00:00+05:30,193.7262594,196.1964579,191.0068814,192.2744751,9327873
2015-10-12 00:00:00+05:30,192.4153347,195.3622391,192.4153347,193.2279053,6212395
2015-10-13 00:00:00+05:30,191.7761162,194.2138133,191.3102446,193.6287689,6162561
2015-10-14 00:00:00+05:30,194.1054502,196.0989432,193.704582,195.6547394,8002587
2015-10-15 00:00:00+05:30,196.6840313,197.3990824,195.0372368,195.8172913,9048478
2015-10-16 00:00:00+05:30,195.9905746,198.2224274,195.8172324,198.2224274,15246935
2015-10-19 00:00:00+05:30,203.8995695,209.2083189,203.8995695,208.7749634,33505855
2015-10-20 00:00:00+05:30,209.0999823,209.468349,206.4997771,207.3015137,18091895
2015-10-21 00:00:00+05:30,207.0414749,211.2234708,206.4997661,206.933136,14404450
2015-10-23 00:00:00+05:30,208.872473,210.8442984,203.9320758,207.0739899,12153422
2015-10-26 00:00:00+05:30,208.4282724,208.6666179,203.9645806,204.3004456,10938775
2015-10-27 00:00:00+05:30,203.4228646,205.4705271,203.1195013,203.5853729,11601798
2015-10-28 00:00:00+05:30,203.011154,204.7446338,201.4943665,203.0219879,11958727
2015-10-29 00:00:00+05:30,202.816149,204.7663065,202.5886229,203.8995667,13280382
2015-10-30 00:00:00+05:30,204.1379253,207.1281651,203.7045698,205.3513641,13366359
2015-11-02 00:00:00+05:30,205.633044,208.3416027,204.8096541,207.9732361,7222044
2015-11-03 00:00:00+05:30,208.7207839,210.280907,208.287414,209.5766754,11373522
2015-11-04 00:00:00+05:30,209.7500427,211.2668303,205.0263233,206.1314087,10033187
2015-11-05 00:00:00+05:30,205.6330434,206.0664134,202.1661126,202.946167,10767454
2015-11-06 00:00:00+05:30,203.5637178,206.8789887,203.2278673,206.3697815,8367190
2015-11-09 00:00:00+05:30,202.2744487,209.0999858,200.0967651,208.2874298,17031699
2015-11-10 00:00:00+05:30,207.3664974,207.9082061,198.5474536,199.9450684,11486238
2015-11-13 00:00:00+05:30,198.2766258,203.3686974,198.157453,202.1769409,13682323
2015-11-16 00:00:00+05:30,200.6493158,204.1162464,200.3784541,202.4477844,15346549
2015-11-17 00:00:00+05:30,203.2603565,203.4445326,200.6926529,201.0285034,8588142
2015-11-18 00:00:00+05:30,200.9960129,201.7977495,197.1715493,197.6157532,11249222
2015-11-19 00:00:00+05:30,199.1108591,203.4011941,198.7533264,202.5452881,12183206
2015-11-20 00:00:00+05:30,202.3827938,206.4564513,200.5518089,205.1671753,11304265
2015-11-23 00:00:00+05:30,205.8497364,207.5615341,205.0263321,206.6622925,10499517
2015-11-24 00:00:00+05:30,206.4997634,210.5300849,206.0772274,209.6850128,14806176
2015-11-26 00:00:00+05:30,210.4001,214.9396291,209.8042217,214.2245636,23805828
2015-11-27 00:00:00+05:30,214.3004108,215.0588119,211.0718253,212.1444092,10891864
2015-11-30 00:00:00+05:30,212.0252218,213.3036639,208.5149411,209.5550232,29919205
2015-12-01 00:00:00+05:30,208.8833265,212.0902442,208.2874481,209.2950287,12981379
2015-12-02 00:00:00+05:30,209.3708346,212.2852369,208.9916341,211.9060364,7573628
2015-12-03 00:00:00+05:30,211.2451418,214.2895507,211.0717996,211.743515,11361395
2015-12-04 00:00:00+05:30,210.6817498,211.5268218,208.3199048,209.197464,13443688
2015-12-07 00:00:00+05:30,209.1974841,210.8334589,205.7955568,206.2939301,14483909
2015-12-08 00:00:00+05:30,205.6113799,206.6297942,202.8378323,203.8779144,7532164
2015-12-09 00:00:00+05:30,202.8594729,204.4304298,197.7999034,198.4607849,9174419
2015-12-10 00:00:00+05:30,199.8909337,206.6731356,199.3492248,205.9255829,18592203
2015-12-11 00:00:00+05:30,206.2289241,207.7998811,204.3112683,206.4889374,18155513
2015-12-14 00:00:00+05:30,205.3296619,208.7749389,204.9829631,206.9547882,10563900
2015-12-15 00:00:00+05:30,207.3665128,211.9060416,206.6406134,211.4618378,15718833
2015-12-16 00:00:00+05:30,211.4618609,213.9862292,210.9418198,212.0577393,12097338
2015-12-17 00:00:00+05:30,212.3611123,219.9342175,211.9169084,218.7857819,19369032
2015-12-18 00:00:00+05:30,217.5073093,218.6340624,214.5170698,214.928772,16016139
2015-12-21 00:00:00+05:30,214.0620315,216.4672267,213.2928111,214.9721069,12331769
2015-12-22 00:00:00+05:30,215.1237785,217.2472781,213.2169567,213.9320221,11579277
2015-12-23 00:00:00+05:30,214.9071341,218.179055,214.5170996,217.5073395,12919467
2015-12-24 00:00:00+05:30,217.529,218.244051,215.8822057,216.8031006,11901877
2015-12-28 00:00:00+05:30,216.8139248,219.6633239,216.6839181,218.937439,12885935
2015-12-29 00:00:00+05:30,218.9374411,220.7359098,218.2332095,220.0208588,14913870
2015-12-30 00:00:00+05:30,219.9341852,220.1508629,217.1172878,217.6589966,8151610
2015-12-31 00:00:00+05:30,217.4206701,220.9526189,216.4889268,219.8475189,18483713
2016-01-01 00:00:00+05:30,218.8074353,220.7792608,218.4607509,220.0100403,5416562
2016-01-04 00:00:00+05:30,217.7673441,219.6741662,213.8020256,215.6655121,30170947
2016-01-05 00:00:00+05:30,216.7489192,218.8507512,216.0338682,217.7998352,14946239
2016-01-06 00:00:00+05:30,218.3306866,225.0045628,216.7705637,223.6611176,26759864
2016-01-07 00:00:00+05:30,221.2451071,222.7510608,218.4282243,219.5549774,19739943
2016-01-08 00:00:00+05:30,221.0175934,223.8128085,220.302528,222.2635193,21313199
2016-01-11 00:00:00+05:30,220.1400139,229.8582848,219.0674303,227.8647919,29016443
2016-01-12 00:00:00+05:30,228.6015262,230.8550324,225.589619,226.532196,23373377
2016-01-13 00:00:00+05:30,228.1898339,236.1313044,226.9113919,233.3360748,71802356
2016-01-14 00:00:00+05:30,230.5192013,234.2353406,228.1790236,230.0424957,27823189
2016-01-15 00:00:00+05:30,231.7976283,236.0771295,230.8983867,232.5668488,28767318
2016-01-18 00:00:00+05:30,232.9352094,234.874533,218.4390636,220.3350372,27254669
2016-01-19 00:00:00+05:30,222.9677658,227.4747786,219.7391661,226.1313477,21489315
2016-01-20 00:00:00+05:30,224.2461721,224.2461721,214.5170674,217.6698151,45114225
2016-01-21 00:00:00+05:30,220.4867348,222.2635357,211.6351884,213.2603149,31768619
2016-01-22 00:00:00+05:30,215.3946573,219.0674463,215.3946573,217.5831604,23682648
2016-01-25 00:00:00+05:30,218.8507547,220.7467428,216.6839194,217.5398254,13099564
2016-01-27 00:00:00+05:30,218.439079,218.8507668,216.0230497,216.5430908,17251028
2016-01-28 00:00:00+05:30,216.9005931,221.40762,216.0555211,220.3458557,23074633
2016-01-29 00:00:00+05:30,220.7900877,225.3512846,220.5842438,224.354538,19177163
2016-02-01 00:00:00+05:30,225.3404488,225.7413171,222.2202024,223.2494507,9918809
2016-02-02 00:00:00+05:30,223.249435,223.7911438,214.6254153,216.9331055,14771279
2016-02-03 00:00:00+05:30,214.0837115,215.3838213,211.2668285,212.653595,15691478
2016-02-04 00:00:00+05:30,214.0837184,216.9006159,209.2516745,210.8442993,18203784
2016-02-05 00:00:00+05:30,212.1552188,212.7835987,208.3199216,210.378418,20998404
2016-02-08 00:00:00+05:30,210.4217332,213.3903047,207.5723345,208.2440643,12078110
2016-02-09 00:00:00+05:30,206.4781222,209.9233998,205.8497422,207.4748688,19603494
2016-02-10 00:00:00+05:30,206.2180954,210.8334615,205.5571993,208.5907745,16883350
2016-02-11 00:00:00+05:30,208.6341022,209.3058321,198.3741222,200.3351135,17114833
2016-02-12 00:00:00+05:30,202.3611246,202.3611246,192.4369942,196.4348145,29319458
2016-02-15 00:00:00+05:30,198.915834,206.1422391,198.915834,205.1454926,19283523
2016-02-16 00:00:00+05:30,206.0880978,207.5832177,200.8660189,201.6352539,13024856
2016-02-17 00:00:00+05:30,202.62114,207.4640325,198.5691503,206.4131165,15442221
2016-02-18 00:00:00+05:30,208.6557759,209.9017163,202.8161517,203.7045593,14433087
2016-02-19 00:00:00+05:30,203.6828951,206.4456087,203.1086702,204.6254578,10235503
2016-02-22 00:00:00+05:30,204.5712727,209.8150329,204.5712727,208.5149231,12770834
2016-02-23 00:00:00+05:30,208.6882523,209.5766599,204.2787451,205.7738647,18989787
2016-02-24 00:00:00+05:30,204.7446391,207.7023625,204.1162447,206.4239349,15186204
2016-02-25 00:00:00+05:30,206.7597912,207.2689983,203.8670567,204.5712738,24826958
2016-02-26 00:00:00+05:30,206.4997934,207.7457339,204.614639,205.9255829,8349402
2016-02-29 00:00:00+05:30,206.1313998,215.5138205,202.5994515,209.4575043,31032353
2016-03-01 00:00:00+05:30,209.0349607,213.4444826,209.0241269,212.6319122,16453192
2016-03-02 00:00:00+05:30,215.1454402,217.9298356,213.9211821,217.0089264,20105967
2016-03-03 00:00:00+05:30,218.8507622,220.5842421,216.142218,219.4683228,15880459
2016-03-04 00:00:00+05:30,219.7174882,219.9341804,217.4423141,218.070694,8987660
2016-03-08 00:00:00+05:30,218.3090771,223.3794816,218.3090771,222.5344238,13222993
2016-03-09 00:00:00+05:30,221.0175979,226.1963405,220.7142346,225.719635,11854901
2016-03-10 00:00:00+05:30,225.7954892,226.6297274,218.6340869,219.2299652,20706353
2016-03-11 00:00:00+05:30,219.912537,223.086953,218.9807937,219.8258514,15319044
2016-03-14 00:00:00+05:30,220.8225849,222.4043759,219.4899879,220.9634399,11880095
2016-03-15 00:00:00+05:30,221.8843479,222.7185862,219.9558725,221.1259613,10487788
2016-03-16 00:00:00+05:30,221.2342812,222.2743633,217.8648556,221.3967896,11064129
2016-03-17 00:00:00+05:30,225.0399571,227.2092775,221.7530942,222.6295929,16832997
2016-03-18 00:00:00+05:30,223.1226119,225.7301816,222.563848,225.0837708,14030979
2016-03-21 00:00:00+05:30,225.2480998,228.2172276,224.1086603,227.2969055,12708074
2016-03-22 00:00:00+05:30,227.2311767,230.5728041,226.9353536,229.6086731,15333442
2016-03-23 00:00:00+05:30,229.4004825,229.4004825,224.0319614,225.5220032,16806372
2016-03-28 00:00:00+05:30,225.6973199,226.0698341,222.552898,223.5937347,18070240
2016-03-29 00:00:00+05:30,224.3387498,228.3268029,223.5499127,227.0668488,15871250
2016-03-30 00:00:00+05:30,228.4801903,230.463261,228.4801903,229.4333801,14453294
2016-03-31 00:00:00+05:30,228.1076771,231.3945252,226.2889445,229.0279846,30833349
2016-04-01 00:00:00+05:30,227.691334,229.2690228,224.6016916,226.6724091,12381116
2016-04-04 00:00:00+05:30,227.8885236,228.3705964,224.667411,226.8038635,8632568
2016-04-05 00:00:00+05:30,225.993122,228.4144271,223.9881398,225.0289764,10259495
2016-04-06 00:00:00+05:30,226.1574542,227.1654232,224.075781,226.5190125,6990781
2016-04-07 00:00:00+05:30,226.7710093,229.6415343,223.9662341,227.2859497,8789163
2016-04-08 00:00:00+05:30,226.9901277,231.0548715,225.9602615,227.0887451,13411752
2016-04-11 00:00:00+05:30,227.2311675,229.0937235,226.3546689,227.9542694,10308361
2016-04-12 00:00:00+05:30,227.9542936,231.7122735,227.4612649,229.5100708,11164859
2016-04-13 00:00:00+05:30,230.6385227,234.4403106,230.6385227,233.5966797,16038542
2016-04-18 00:00:00+05:30,233.5419324,233.7610643,231.2630534,233.3118591,19065716
2016-04-20 00:00:00+05:30,234.2869537,234.2869537,226.9682149,227.2969055,21687934
2016-04-21 00:00:00+05:30,228.195328,230.5180306,226.7929331,228.1405487,11380697
2016-04-22 00:00:00+05:30,227.6694031,229.5319443,225.5439065,227.6584473,11705087
2016-04-25 00:00:00+05:30,228.8636251,228.8636251,221.818798,222.826767,61157544
2016-04-26 00:00:00+05:30,222.4981061,224.3606475,220.7670206,222.837738,26429236
2016-04-27 00:00:00+05:30,223.0458968,224.8098352,222.6295592,223.3745728,14502641
2016-04-28 00:00:00+05:30,222.1913145,223.3307539,217.1405136,218.4004822,61949033
2016-04-29 00:00:00+05:30,217.6883337,218.8058761,214.4891326,215.3327637,23479680
2016-05-02 00:00:00+05:30,214.5219664,217.4582262,214.3028491,216.2640076,10620873
2016-05-03 00:00:00+05:30,216.4941055,218.0170149,213.1524783,213.8208008,17571826
2016-05-04 00:00:00+05:30,213.4373288,215.5518697,213.2072556,214.3247833,13546285
2016-05-05 00:00:00+05:30,214.7411235,215.4970929,212.7470972,213.7002869,21665684
2016-05-06 00:00:00+05:30,213.2072481,214.0399086,211.8925003,212.3197937,14748329
2016-05-09 00:00:00+05:30,213.6455157,216.0558651,213.1634429,215.4204102,15347096
2016-05-10 00:00:00+05:30,215.4204108,215.7710132,214.302883,215.2998962,7248302
2016-05-11 00:00:00+05:30,212.9443178,214.9054767,212.5498919,213.7331696,12339923
2016-05-12 00:00:00+05:30,213.8646397,217.8526926,213.6564782,217.5459137,12786216
2016-05-13 00:00:00+05:30,216.7022649,217.0528673,213.6455049,214.3357391,14648291
2016-05-16 00:00:00+05:30,214.0837414,215.2889307,212.7909199,213.8536682,9327335
2016-05-17 00:00:00+05:30,214.7959079,215.420407,211.750089,212.3636322,12157600
2016-05-18 00:00:00+05:30,211.6514701,213.0976737,211.2570442,212.6703949,8228838
2016-05-19 00:00:00+05:30,212.9223961,212.9662196,207.2032725,208.4303589,9134784
2016-05-20 00:00:00+05:30,208.605667,209.153475,204.0807622,204.7052612,18544619
2016-05-23 00:00:00+05:30,205.395499,206.1295714,202.8317529,203.7849426,18365734
2016-05-24 00:00:00+05:30,203.3576556,206.8526798,203.3576556,206.0747986,12283217
2016-05-25 00:00:00+05:30,208.1345505,208.7809613,206.228171,208.4303589,9240115
2016-05-26 00:00:00+05:30,208.1674371,208.6933334,206.8746007,207.4771881,14190024
2016-05-27 00:00:00+05:30,207.9592518,214.0618458,207.8935166,213.5797729,13401594
2016-05-30 00:00:00+05:30,213.9522774,215.0698051,211.4542665,212.2650299,9633652
2016-05-31 00:00:00+05:30,212.3307898,213.2072886,209.5917495,209.887558,23332727
2016-06-01 00:00:00+05:30,209.9094428,211.6953076,208.5618418,208.9562531,9042808
2016-06-02 00:00:00+05:30,209.1534709,209.7341465,207.0937094,209.5369263,10253825
2016-06-03 00:00:00+05:30,210.358643,210.9940979,209.4492768,210.2819519,8643295
2016-06-06 00:00:00+05:30,210.5777645,211.0160139,208.7261791,209.2192078,8672842
2016-06-07 00:00:00+05:30,209.7560902,210.5668391,208.5180331,209.2740173,18954268
2016-06-08 00:00:00+05:30,209.920414,209.920414,207.9811669,209.0658417,12135516
2016-06-09 00:00:00+05:30,210.3586634,213.9632464,209.5259882,212.8018951,15643495
2016-06-10 00:00:00+05:30,213.4263739,215.7052674,212.1773758,214.0180054,16316760
2016-06-13 00:00:00+05:30,212.527975,215.4971029,211.0269773,214.9821625,10214469
2016-06-14 00:00:00+05:30,214.9492685,215.9243698,212.3964785,213.9193878,10923848
2016-06-15 00:00:00+05:30,214.7411459,216.165438,213.3716185,215.749115,11129082
2016-06-16 00:00:00+05:30,214.9602396,215.5409152,211.903465,213.9303589,9372207
2016-06-17 00:00:00+05:30,214.083742,214.4453002,212.5717884,213.6235809,10534878
2016-06-20 00:00:00+05:30,213.020996,217.5020773,212.1116444,216.976181,10758608
2016-06-21 00:00:00+05:30,217.8307708,217.8417267,214.6753933,216.2969055,13933068
2016-06-22 00:00:00+05:30,215.8367501,216.0339557,214.1056645,214.8506927,12788710
2016-06-23 00:00:00+05:30,214.730163,215.1793536,212.5498724,214.8397217,9837526
2016-06-24 00:00:00+05:30,211.4323385,211.4323385,204.5299525,208.4851227,24985097
2016-06-27 00:00:00+05:30,206.085741,210.0080439,206.085741,209.4054565,9163399
2016-06-28 00:00:00+05:30,209.5698074,210.6982909,209.2630285,209.8765717,7604977
2016-06-29 00:00:00+05:30,210.7969012,212.3198107,210.3586519,211.8706055,7523987
2016-06-30 00:00:00+05:30,212.9881313,214.1933206,211.9034711,212.3636322,12758283
2016-07-01 00:00:00+05:30,213.1524955,214.0399355,212.5498935,213.3058777,6610193
2016-07-04 00:00:00+05:30,213.7550861,217.7212127,213.7550861,216.209259,7803505
2016-07-05 00:00:00+05:30,216.077768,219.7590418,214.8068582,217.6116333,11359882
2016-07-07 00:00:00+05:30,217.4801369,219.2331193,216.088698,216.472168,12029091
2016-07-08 00:00:00+05:30,216.2749858,216.7132205,213.941313,214.3905182,7140617
2016-07-11 00:00:00+05:30,217.1514882,218.017031,215.9463135,217.4801788,8266601
2016-07-12 00:00:00+05:30,218.0827569,220.2192096,217.151479,219.8686218,9767494
2016-07-13 00:00:00+05:30,220.263013,222.7829355,220.0329399,221.0409088,14915296
2016-07-14 00:00:00+05:30,220.8985162,222.2132496,218.7401371,220.1973114,10758372
2016-07-15 00:00:00+05:30,221.0956849,223.725166,219.8905104,221.796875,13992989
2016-07-18 00:00:00+05:30,225.2590366,227.614621,219.5070458,220.493103,32106850
2016-07-19 00:00:00+05:30,220.4383442,224.1524857,218.0937154,223.0240021,16649300
2016-07-20 00:00:00+05:30,223.4951144,225.3247881,222.7500861,224.1634369,12265316
2016-07-21 00:00:00+05:30,224.3825534,224.6016854,220.2192069,220.5150299,6711097
2016-07-22 00:00:00+05:30,220.4383469,223.0240048,220.2411267,222.377594,6899519
2016-07-25 00:00:00+05:30,222.1913074,224.3277599,220.7341333,224.1086426,8241568
2016-07-26 00:00:00+05:30,224.1634205,226.7490781,222.4542614,224.3934937,10516399
2016-07-27 00:00:00+05:30,224.1743861,224.8207969,221.0847439,221.9941101,11030767
2016-07-28 00:00:00+05:30,222.3995103,225.806873,221.9831727,224.8975067,15610838
2016-07-29 00:00:00+05:30,224.382577,224.5797973,221.7530954,222.3885651,9629597
2016-08-01 00:00:00+05:30,223.0678171,223.5718017,220.2301598,221.2052612,7978251
2016-08-02 00:00:00+05:30,220.8765979,223.5060793,220.5040838,221.9283905,7710138
2016-08-03 00:00:00+05:30,222.2789795,222.2789795,217.2610604,217.7979126,11872282
2016-08-04 00:00:00+05:30,218.904485,219.1236023,215.4861518,217.5897369,10187608
2016-08-05 00:00:00+05:30,218.685348,223.286944,218.4771865,222.6843567,12109001
2016-08-08 00:00:00+05:30,223.4841533,226.5737956,223.210242,225.532959,13556347
2016-08-09 00:00:00+05:30,225.0399287,226.6833526,223.7251808,225.8506775,13290768
2016-08-10 00:00:00+05:30,225.9712309,226.6943328,219.5618579,219.9234161,13471958
2016-08-11 00:00:00+05:30,219.5508926,224.1305769,219.0359522,222.2132416,14169454
2016-08-12 00:00:00+05:30,222.8486928,228.5240076,222.8486928,226.9682159,16365425
2016-08-16 00:00:00+05:30,227.0668434,228.9403407,222.5200265,224.5797882,13367575
2016-08-17 00:00:00+05:30,224.4044745,225.4343554,220.7012889,222.0379486,15486572
2016-08-18 00:00:00+05:30,222.6295759,224.3058675,222.6295759,223.0787811,7749690
2016-08-19 00:00:00+05:30,223.0678435,223.9443423,220.6793911,222.3885651,8177802
2016-08-22 00:00:00+05:30,221.7530672,223.4403292,220.7012747,221.7201996,6684236
2016-08-23 00:00:00+05:30,221.7530688,222.41045,220.2192035,221.4134369,7320433
2016-08-24 00:00:00+05:30,221.6873399,223.9333659,221.5339578,223.6156311,8719596
2016-08-25 00:00:00+05:30,223.7690203,225.4781942,221.0957154,221.9064789,14960746
2016-08-26 00:00:00+05:30,223.0459351,225.8726224,222.3228186,225.2371674,9639663
2016-08-29 00:00:00+05:30,225.0947306,232.2162496,224.842731,231.712265,16193208
2016-08-30 00:00:00+05:30,232.7092705,234.1335626,230.7371558,233.6734161,18170724
2016-08-31 00:00:00+05:30,233.3447156,235.3387419,229.4223981,232.2710114,23295502
2016-09-01 00:00:00+05:30,230.7371422,235.0648267,224.7550632,225.5220032,42621045
2016-09-02 00:00:00+05:30,225.9383398,226.2560746,219.6275845,222.0489044,28124615
2016-09-06 00:00:00+05:30,223.4841614,224.6016891,222.4104571,223.4841614,11510431
2016-09-07 00:00:00+05:30,223.9443244,225.0508962,221.9831656,222.9911346,12927438
2016-09-08 00:00:00+05:30,224.1744138,227.0011156,223.5499147,226.442337,12206479
2016-09-09 00:00:00+05:30,226.7929298,230.0578662,225.6973138,228.8855591,15269894
2016-09-12 00:00:00+05:30,225.7849591,231.3945243,225.5110624,229.312851,33684893
2016-09-14 00:00:00+05:30,229.6415277,232.051877,228.0857507,228.9293671,18604842
2016-09-15 00:00:00+05:30,229.4223938,234.5060623,229.4223938,233.3666229,31371009
2016-09-16 00:00:00+05:30,233.8048781,239.6883397,232.0737925,235.6783752,39324529
2016-09-19 00:00:00+05:30,235.0210179,238.4064834,234.681386,237.1793823,16678060
2016-09-20 00:00:00+05:30,237.5299769,237.6943149,234.2540848,235.3825684,11531268
2016-09-21 00:00:00+05:30,235.3387312,237.7271686,234.2431153,234.9552612,10943394
2016-09-22 00:00:00+05:30,237.3108314,240.1156063,236.4343329,238.6146088,18761415
2016-09-23 00:00:00+05:30,238.6255984,243.1066799,238.6255984,241.6495056,31085948
2016-09-26 00:00:00+05:30,241.7809723,247.5110665,241.090738,242.6136475,38213411
2016-09-27 00:00:00+05:30,244.7610682,246.7222271,242.4821891,243.3367615,19374535
2016-09-28 00:00:00+05:30,242.7670442,242.788956,238.0339776,238.9871674,24820234
2016-09-29 00:00:00+05:30,239.9403266,243.3915124,233.8925127,234.9990845,21260295
2016-09-30 00:00:00+05:30,234.0240038,239.8417451,233.6514897,237.4642487,11199883
2016-10-03 00:00:00+05:30,238.1873445,242.7779846,235.8317745,238.9981079,18125170
2016-10-04 00:00:00+05:30,239.5130584,242.8546858,239.2829705,240.2361603,13113580
2016-10-05 00:00:00+05:30,241.9124418,242.4602498,237.9243893,238.7132263,10789932
2016-10-06 00:00:00+05:30,239.2829436,246.7879316,239.2829436,243.4024811,21111045
2016-10-07 00:00:00+05:30,244.1036726,246.0867283,242.4602487,243.0080566,15280380
2016-10-10 00:00:00+05:30,244.1036987,245.856696,239.7212199,240.2361603,11553662
2016-10-13 00:00:00+05:30,238.6255925,238.6365484,230.5180167,231.6465149,21938040
2016-10-14 00:00:00+05:30,232.9283626,237.0917089,232.6325396,236.1385193,15265659
2016-10-17 00:00:00+05:30,236.6535056,236.8288141,231.9971298,232.4134674,9826781
2016-10-18 00:00:00+05:30,233.5857568,237.2560895,232.7202286,236.8945313,11073137
2016-10-19 00:00:00+05:30,237.6285527,239.8745784,236.9602302,238.2640076,17073242
2016-10-20 00:00:00+05:30,239.7102262,240.5976806,237.5409062,238.3078461,10125508
2016-10-21 00:00:00+05:30,240.3785993,240.3785993,231.9204207,233.1913452,43608816
2016-10-24 00:00:00+05:30,234.4622555,235.3387542,232.4134497,232.9941254,10513017
2016-10-25 00:00:00+05:30,233.3666417,233.421421,231.0001011,232.4572754,7658966
2016-10-26 00:00:00+05:30,231.4054887,232.150517,230.5399459,230.9672394,10945927
2016-10-27 00:00:00+05:30,230.3208334,230.9343767,228.6335858,229.7949371,12842476
2016-10-28 00:00:00+05:30,230.079799,231.8327818,228.7212275,231.1644592,8127969
2016-11-01 00:00:00+05:30,230.3646244,231.3835492,229.5100375,230.2988892,10223897
2016-11-02 00:00:00+05:30,228.1076653,228.513047,223.7251867,224.327774,7039997
2016-11-03 00:00:00+05:30,224.3496856,226.7381377,223.6375396,224.3715973,7311872
2016-11-04 00:00:00+05:30,223.5608652,225.0180395,219.123607,220.3397522,11535892
2016-11-07 00:00:00+05:30,222.1913262,222.75009,218.915434,219.3755951,9506040
2016-11-08 00:00:00+05:30,220.3726062,220.3726062,218.7510794,219.8905334,13432073
2016-11-09 00:00:00+05:30,208.1674322,221.0957222,203.7849533,220.1315765,21640144
2016-11-10 00:00:00+05:30,223.1992872,225.4672248,220.6574529,221.4024811,9764091
2016-11-11 00:00:00+05:30,218.6525083,222.9582965,218.0499209,219.5070953,14775330
2016-11-15 00:00:00+05:30,218.3566838,219.1236092,214.6425275,215.924408,14487470
2016-11-16 00:00:00+05:30,218.0279918,218.4224177,214.8945258,216.1763916,16550762
2016-11-17 00:00:00+05:30,216.05587,218.718219,213.5140355,214.2481079,12628378
2016-11-18 00:00:00+05:30,215.836744,217.5239915,215.1793627,216.384552,18163751
2016-11-21 00:00:00+05:30,216.3955198,217.7102532,215.44233,217.2610626,13232434
2016-11-22 00:00:00+05:30,218.6196106,220.8327544,217.655465,219.44133,17646355
2016-11-23 00:00:00+05:30,220.2192045,221.4243938,219.0249857,221.0957031,13107911
2016-11-24 00:00:00+05:30,220.3397528,220.3397528,215.2232162,216.3516998,18913793
2016-11-25 00:00:00+05:30,216.9323542,218.2251758,215.694312,217.743103,10454964
2016-11-28 00:00:00+05:30,217.5897424,219.2550782,215.6395393,216.1983032,8312777
2016-11-29 00:00:00+05:30,216.7132493,220.0658474,216.5050878,218.6196289,9885281
2016-11-30 00:00:00+05:30,219.1126338,219.1126338,216.1982854,216.9433136,27596098
2016-12-01 00:00:00+05:30,219.1235981,222.4104608,218.0279821,218.6305695,12627845
2016-12-02 00:00:00+05:30,218.22516,220.2191861,217.3267643,217.973175,12481430
2016-12-05 00:00:00+05:30,218.0279859,219.0578668,216.1654299,217.776001,3987213
2016-12-06 00:00:00+05:30,218.2470929,220.558854,217.9403286,220.263031,6726369
2016-12-07 00:00:00+05:30,220.0000805,220.7889175,218.323789,218.9373322,4930865
2016-12-08 00:00:00+05:30,220.2301812,223.9005141,220.0767991,223.5170441,8750556
2016-12-09 00:00:00+05:30,223.9443147,226.102679,223.5718006,225.4672241,8239158
2016-12-12 00:00:00+05:30,223.6156406,228.2610602,223.6156406,225.0837708,9023848
2016-12-13 00:00:00+05:30,225.2590535,228.1076667,225.1604507,227.8447113,10365823
2016-12-14 00:00:00+05:30,227.8447399,233.246144,227.4941521,232.1614838,24139260
2016-12-15 00:00:00+05:30,230.6056512,233.9363223,229.783932,230.7261658,19331986
2016-12-16 00:00:00+05:30,230.5180167,232.7092633,230.5180167,231.6465149,14942206
2016-12-19 00:00:00+05:30,231.1753931,233.7939185,231.0329522,232.8297729,15009634
2016-12-20 00:00:00+05:30,231.1096619,232.4901305,230.7700154,231.8108521,11688169
2016-12-21 00:00:00+05:30,232.29292,233.8706088,231.6574651,232.9831543,20367894
2016-12-22 00:00:00+05:30,231.8327524,232.8516772,230.2879313,230.8138275,28892834
2016-12-23 00:00:00+05:30,230.5180165,234.2321726,230.5180165,231.6793823,10265033
2016-12-26 00:00:00+05:30,231.032965,233.5857553,228.9074681,229.5210114,15321770
2016-12-27 00:00:00+05:30,229.6086585,233.8267843,229.4223941,233.3008881,17442849
2016-12-28 00:00:00+05:30,234.0020909,234.3636492,229.4443183,230.0140381,9637310
2016-12-29 00:00:00+05:30,230.0797896,234.1993129,229.9702163,233.4652405,8772325
2016-12-30 00:00:00+05:30,233.3228145,237.7491167,232.9503004,237.1793823,15711974
2017-01-02 00:00:00+05:30,237.5299524,238.8447002,234.9771624,237.7709961,7097888
2017-01-03 00:00:00+05:30,238.8118437,240.3785766,236.8945086,238.7132263,6434204
2017-01-04 00:00:00+05:30,239.480186,239.5020978,233.2132542,233.8377533,10392483
2017-01-05 00:00:00+05:30,234.6813904,236.6315788,234.1883617,236.0837708,8734164
2017-01-06 00:00:00+05:30,235.3825828,237.7491234,235.141539,235.5469208,7845839
2017-01-09 00:00:00+05:30,235.996093,237.9682074,234.6813597,236.1494751,5228980
2017-01-10 00:00:00+05:30,236.6534801,239.8088577,236.6534801,238.8118591,11349916
2017-01-11 00:00:00+05:30,239.9403458,240.093728,237.5299818,237.979187,11475958
2017-01-12 00:00:00+05:30,238.1873663,238.9214388,236.6096774,237.3766174,4371992
2017-01-13 00:00:00+05:30,237.6505079,240.4881655,237.6505079,238.9323883,7234429
2017-01-16 00:00:00+05:30,238.8337518,239.7102358,235.3277721,235.8317566,12013154
2017-01-17 00:00:00+05:30,233.3666439,234.0240106,227.559873,228.1624603,39234251
2017-01-18 00:00:00+05:30,228.4582609,229.6415385,225.4233978,226.256073,15867619
2017-01-19 00:00:00+05:30,226.8258073,229.0499217,225.916441,226.5080872,15284274
2017-01-20 00:00:00+05:30,226.5628578,227.3297832,224.3606552,224.7769928,8784907
2017-01-23 00:00:00+05:30,223.9005176,225.9164413,221.9284028,222.6076813,13708502
2017-01-24 00:00:00+05:30,222.8486702,225.4343278,222.8486702,225.1056519,9419288
2017-01-25 00:00:00+05:30,226.1355568,226.2889389,222.6624444,222.914444,23856654
2017-01-27 00:00:00+05:30,223.560863,225.4562867,223.2869517,224.6236115,21861796
2017-01-30 00:00:00+05:30,224.5907566,229.3019117,224.5578889,228.9403534,15678126
2017-01-31 00:00:00+05:30,229.3895429,230.9124524,227.9542803,229.0279846,15125194
2017-02-01 00:00:00+05:30,229.2251858,230.2769783,226.8367337,230.003067,11312284
2017-02-02 00:00:00+05:30,230.0797938,230.2550877,227.5050917,228.6554871,9099129
2017-02-03 00:00:00+05:30,229.2032885,230.17839,225.7192202,226.4971161,13219481
2017-02-06 00:00:00+05:30,227.2311818,228.9622529,226.1465216,228.2501068,9991907
2017-02-07 00:00:00+05:30,228.3267763,228.4034674,225.083752,225.8945007,9905562
2017-02-08 00:00:00+05:30,225.8945213,227.5050924,223.944333,224.6345673,16230826
2017-02-09 00:00:00+05:30,225.2590596,226.5738076,224.9961187,226.2998962,9861688
2017-02-10 00:00:00+05:30,226.7929119,226.9134265,224.7221946,225.7301636,12518554
2017-02-13 00:00:00+05:30,226.3546783,226.5738102,223.9443289,225.664444,8565757
2017-02-14 00:00:00+05:30,226.7929251,230.7152428,225.6753974,230.0359497,18244623
2017-02-15 00:00:00+05:30,230.7152417,231.7232107,229.0389354,230.3646393,15236663
2017-02-16 00:00:00+05:30,230.6385668,234.3417527,230.6385668,233.9144592,19655195
2017-02-17 00:00:00+05:30,233.6953043,236.2590502,231.9313513,235.6674042,14847356
2017-02-20 00:00:00+05:30,234.5827594,236.4014919,233.6953196,235.6455078,11650581
2017-02-21 00:00:00+05:30,235.6017039,239.0529048,235.1305869,238.4503174,14186476
2017-02-22 00:00:00+05:30,239.5021113,265.5011181,239.2829793,264.5917664,127323130
2017-02-23 00:00:00+05:30,265.9284181,267.7690625,258.4234287,259.168457,62249698
2017-02-27 00:00:00+05:30,260.8665985,275.3944863,260.8337455,271.4721985,83422197
2017-02-28 00:00:00+05:30,269.960246,273.4662403,269.1933061,271.2859497,36111716
2017-03-01 00:00:00+05:30,271.7351429,272.6773766,269.5219994,270.5080566,24385665
2017-03-02 00:00:00+05:30,271.2530384,274.9343262,268.8755717,271.0010681,18063590
2017-03-03 00:00:00+05:30,272.0529322,282.1873882,272.0529322,275.7780151,84305639
2017-03-06 00:00:00+05:30,278.0678245,287.4901331,277.2461199,286.032959,66724743
2017-03-07 00:00:00+05:30,288.9911004,290.7769503,284.0169911,285.945282,42071555
2017-03-08 00:00:00+05:30,286.5479277,286.5479277,281.8148758,282.9324036,43336972
2017-03-09 00:00:00+05:30,282.6694812,284.4224495,280.8069251,281.9573059,31094457
2017-03-10 00:00:00+05:30,282.7241892,283.9841577,276.3586407,280.8397217,24785585
2017-03-14 00:00:00+05:30,288.9692171,289.0240111,281.6285817,282.559845,27765035
2017-03-15 00:00:00+05:30,282.8994636,288.4323366,282.757052,285.945282,24107889
2017-03-16 00:00:00+05:30,287.0519675,287.1396145,283.4583254,284.3457947,15924023
2017-03-17 00:00:00+05:30,286.6136545,289.23218,284.433393,285.0140686,22727289
2017-03-20 00:00:00+05:30,286.1753755,286.2301695,280.1166209,280.6534729,12869337
2017-03-21 00:00:00+05:30,280.9602511,281.3327505,275.942318,276.9283752,22596181
2017-03-22 00:00:00+05:30,274.3427367,277.3885556,273.1485325,276.0299988,20291685
2017-03-23 00:00:00+05:30,276.7859566,279.9413341,275.6574877,279.0100708,11807911
2017-03-24 00:00:00+05:30,279.185398,283.107716,277.947341,281.9573059,16282523
2017-03-27 00:00:00+05:30,278.5280025,280.2043235,273.2909514,274.1455383,32452615
2017-03-28 00:00:00+05:30,275.6574968,276.9722301,272.1734139,272.9732361,21707345
2017-03-29 00:00:00+05:30,274.2770803,276.0958133,270.2561733,275.3617554,18924345
2017-03-30 00:00:00+05:30,275.0000635,279.327762,274.5618289,278.4293518,27862325
2017-03-31 00:00:00+05:30,277.4104454,293.1106559,277.4104454,289.4403381,45390562
2017-04-03 00:00:00+05:30,294.0638898,302.5001421,292.979215,301.2182617,44886623
2017-04-05 00:00:00+05:30,305.721205,310.7172262,302.4124457,310.059845,40323877
2017-04-06 00:00:00+05:30,308.7451223,317.4881378,307.2550952,315.209259,50620850
2017-04-07 00:00:00+05:30,311.4403803,314.2232291,307.3317984,308.2192383,31875272
2017-04-10 00:00:00+05:30,308.9643056,312.2292423,301.7989626,302.6864319,30768410
2017-04-11 00:00:00+05:30,304.1106704,306.8716366,300.2212353,300.7142639,32249647
2017-04-12 00:00:00+05:30,303.0040837,303.8039059,296.0688298,296.6933289,27448279
2017-04-13 00:00:00+05:30,296.6933206,300.9443138,295.2361464,299.0598755,12713918
2017-04-17 00:00:00+05:30,299.103691,305.7979155,299.103691,304.9871521,11837502
2017-04-18 00:00:00+05:30,306.7620642,308.9642372,299.5419288,300.2431335,16016414
2017-04-19 00:00:00+05:30,299.9802554,302.9493984,297.4712881,299.9364319,11572557
2017-04-20 00:00:00+05:30,302.17144,303.8805845,298.9064746,300.100708,8393496
2017-04-21 00:00:00+05:30,302.5001038,311.3746189,302.0728104,307.3208313,30230907
2017-04-24 00:00:00+05:30,308.7561426,314.4424289,306.8169099,310.5858459,25512511
2017-04-25 00:00:00+05:30,319.9204953,321.6186988,312.4922115,313.9603271,36764315
2017-04-26 00:00:00+05:30,314.4423212,315.5488783,307.3427156,310.3775635,16763153
2017-04-27 00:00:00+05:30,310.4982058,312.064939,307.2551806,308.8547668,12571594
2017-04-28 00:00:00+05:30,308.9095124,311.2212443,304.8009303,305.7212524,11848658
2017-05-02 00:00:00+05:30,307.2112859,307.2112859,299.3885913,300.3198547,18591411
2017-05-03 00:00:00+05:30,301.7112797,302.5548961,299.1037247,300.2212524,9500038
2017-05-04 00:00:00+05:30,301.2949521,302.3029211,296.704312,297.5588989,14365934
2017-05-05 00:00:00+05:30,298.3586861,299.6186547,290.3387573,291.0509033,15598448
2017-05-08 00:00:00+05:30,291.4343638,293.516037,288.8815737,289.5498962,16066733
2017-05-09 00:00:00+05:30,290.1196693,292.2341957,289.2979353,291.5111084,21106150
2017-05-10 00:00:00+05:30,292.4861845,298.7969399,291.5768329,297.8108826,22906024
2017-05-11 00:00:00+05:30,298.906514,300.144571,296.1784297,297.9095154,13783848
2017-05-12 00:00:00+05:30,298.0190207,298.8845487,294.5130556,295.9154358,7523427
2017-05-15 00:00:00+05:30,297.2192176,297.2192176,292.2012847,294.5239868,6738085
2017-05-16 00:00:00+05:30,294.9513311,301.7112918,293.8447446,297.1973572,12655992
2017-05-17 00:00:00+05:30,296.4742736,299.3119168,295.3238634,296.4961853,9844573
2017-05-18 00:00:00+05:30,293.680431,295.8168692,290.1415832,290.8537292,9790379
2017-05-19 00:00:00+05:30,292.0917936,292.6834105,287.0519478,288.9911804,12813204
2017-05-22 00:00:00+05:30,290.6674367,292.2232284,288.1913522,290.1524963,8801430
2017-05-23 00:00:00+05:30,290.4921281,291.401509,285.2989011,286.0767822,9223001
2017-05-24 00:00:00+05:30,286.5040673,287.8626532,283.7869539,284.3566589,14326531
2017-05-25 00:00:00+05:30,284.8607003,287.5778141,284.0827898,285.3975525,25922008
2017-05-26 00:00:00+05:30,285.7261839,294.5897283,284.8606558,293.0339661,21430443
2017-05-29 00:00:00+05:30,292.9682444,299.2022935,292.6614509,297.3287964,24022633
2017-05-30 00:00:00+05:30,297.1097226,299.0380139,295.4881956,297.8656921,9658309
2017-05-31 00:00:00+05:30,299.5419534,299.7501295,292.7052875,293.7789917,16423338
2017-06-01 00:00:00+05:30,292.0260194,293.6256052,289.9005226,291.0509033,9534069
2017-06-02 00:00:00+05:30,292.5299612,293.3407246,288.5857324,290.2839355,11495005
2017-06-05 00:00:00+05:30,290.6127283,293.8447829,288.333849,291.2919922,10835031
2017-06-06 00:00:00+05:30,292.2998682,292.2998682,287.2709941,287.6654053,9591064
2017-06-07 00:00:00+05:30,287.3148863,294.063906,286.832828,293.4065247,11199223
2017-06-08 00:00:00+05:30,293.6256787,294.6774715,291.0071527,291.8069458,7903123
2017-06-09 00:00:00+05:30,294.7431417,296.4632568,291.6534993,292.6833801,13836547
2017-06-12 00:00:00+05:30,290.6784113,291.3796161,288.5857675,289.1226196,8432435
2017-06-13 00:00:00+05:30,289.3745624,290.7769424,287.2709778,288.0050354,6025338
2017-06-14 00:00:00+05:30,288.3447809,298.0081206,288.3447809,297.4603271,52939271
2017-06-15 00:00:00+05:30,298.008082,305.6774234,297.8108764,303.2561035,28290813
2017-06-16 00:00:00+05:30,304.3846134,305.8527289,300.0459434,304.3188782,32710880
2017-06-19 00:00:00+05:30,304.6256387,310.2351893,304.6256387,308.7999268,15236956
2017-06-20 00:00:00+05:30,308.7451293,311.6156542,308.4054828,309.479187,10142474
2017-06-21 00:00:00+05:30,308.482196,312.9084833,307.7042856,311.59375,19992472
2017-06-22 00:00:00+05:30,313.2262549,316.7212793,312.8427849,313.9274597,22118609
2017-06-23 00:00:00+05:30,314.6614528,315.976186,313.47819,314.6285706,31143289
2017-06-27 00:00:00+05:30,313.7850136,316.1953631,312.2511336,314.9134827,32591540
2017-06-28 00:00:00+05:30,315.526998,315.526998,305.7979252,306.4443359,15567803
2017-06-29 00:00:00+05:30,306.7730159,308.9642478,304.6036958,305.1734009,12898245
2017-06-30 00:00:00+05:30,305.0200306,305.1076775,301.3058892,302.390564,7814271
2017-07-03 00:00:00+05:30,304.1873689,305.6116902,300.4184627,302.620636,9195278
2017-07-04 00:00:00+05:30,304.5818047,312.7112924,304.3626874,311.5827942,18816782
2017-07-05 00:00:00+05:30,313.2262157,317.1704448,312.0319823,316.1186523,27209010
2017-07-06 00:00:00+05:30,317.4442963,317.7291781,315.0996825,316.0967102,13590313
2017-07-07 00:00:00+05:30,316.1953177,328.1923279,315.5379657,326.7461243,35845310
2017-07-10 00:00:00+05:30,327.6117116,328.8826508,326.2969781,327.1186829,3504540
2017-07-11 00:00:00+05:30,328.9045008,329.6494997,325.8367704,327.4473267,20995547
2017-07-12 00:00:00+05:30,328.553915,334.1634947,328.1375921,331.1176758,17104482
2017-07-13 00:00:00+05:30,333.2308382,336.8199035,332.6565748,336.1793823,23010262
2017-07-14 00:00:00+05:30,335.7156143,339.2494505,334.7327465,338.7525024,20530867
2017-07-17 00:00:00+05:30,339.470251,344.4618162,339.470251,342.7280273,18749450
2017-07-18 00:00:00+05:30,341.6347724,342.739098,333.7278059,335.693512,19640167
2017-07-19 00:00:00+05:30,334.0811275,339.6911277,334.0811275,338.5757446,11790198
2017-07-20 00:00:00+05:30,340.077641,342.3415215,336.5327476,337.6812744,13626050
2017-07-21 00:00:00+05:30,342.3415303,351.5516245,341.2261765,350.0718384,97142371
2017-07-24 00:00:00+05:30,353.3848151,358.8843568,350.0718386,356.7530212,43429394
2017-07-25 00:00:00+05:30,358.840188,358.8954176,352.8547265,353.8596802,20063064
2017-07-26 00:00:00+05:30,354.3125038,359.9887337,353.6278107,358.4095459,21954323
2017-07-27 00:00:00+05:30,359.5690293,360.3420364,350.8117116,352.2362976,18409364
2017-07-28 00:00:00+05:30,351.4522176,354.6989659,348.5257595,352.1589966,14331863
2017-07-31 00:00:00+05:30,353.8155156,357.5370965,352.501359,356.7419739,16567422
2017-08-01 00:00:00+05:30,358.4095195,358.4095195,351.5074771,354.1799622,12311920
2017-08-02 00:00:00+05:30,355.5934914,361.2697209,355.1738294,359.8341064,20786240
2017-08-03 00:00:00+05:30,359.3150554,367.7189991,357.1505762,364.4501648,19707381
2017-08-04 00:00:00+05:30,367.2993267,367.2993267,356.7198759,358.2769775,18579866
2017-08-07 00:00:00+05:30,360.3641483,360.3641483,356.1566772,356.9959717,9537088
2017-08-08 00:00:00+05:30,357.3604374,358.0340728,350.469423,353.9480591,10961296
2017-08-09 00:00:00+05:30,353.7161003,357.8021135,350.071835,353.119751,10436651
2017-08-10 00:00:00+05:30,351.8498179,354.8535917,348.5147552,349.9282837,10188164
2017-08-11 00:00:00+05:30,342.5513735,348.9674958,338.5868179,341.5133057,16996281
2017-08-14 00:00:00+05:30,344.7710072,349.9613455,344.7710072,347.4324341,13440617
2017-08-16 00:00:00+05:30,347.2006209,348.0840873,342.3857422,345.897522,13576650
2017-08-17 00:00:00+05:30,346.5379797,352.8657877,344.8041906,346.1183472,15828719
2017-08-18 00:00:00+05:30,345.4336233,348.4815686,343.0372274,347.9514771,7935890
2017-08-21 00:00:00+05:30,348.3049177,349.8841053,344.6054227,345.5220032,7573558
2017-08-22 00:00:00+05:30,347.2006208,348.9454383,343.6778129,344.5612793,9533641
2017-08-23 00:00:00+05:30,345.6213606,350.4141229,343.0372197,349.4202271,8320052
2017-08-24 00:00:00+05:30,351.1762084,351.860872,345.544121,346.328186,12654347
2017-08-28 00:00:00+05:30,348.757716,349.3982078,344.8152461,345.9968872,12316426
2017-08-29 00:00:00+05:30,344.9588046,346.2067034,337.9242468,338.3991089,15164812
2017-08-30 00:00:00+05:30,341.8004263,346.4938173,340.4089837,345.4557495,10334911
2017-08-31 00:00:00+05:30,347.8632025,352.8216545,347.6423432,352.170105,25104625
2017-09-01 00:00:00+05:30,353.3516287,357.0511232,353.1639132,355.615509,15431918
2017-09-04 00:00:00+05:30,356.8082055,361.3690806,352.4681896,356.3333435,21560532
2017-09-05 00:00:00+05:30,360.0107586,361.0819699,358.0340245,360.585022,25216776
2017-09-06 00:00:00+05:30,359.2156361,364.9802382,358.420543,363.4120789,48745984
2017-09-07 00:00:00+05:30,363.5446357,367.7410786,360.0107704,361.380127,16205339
2017-09-08 00:00:00+05:30,362.2194237,363.6550676,358.7297598,360.8500671,13248413
2017-09-11 00:00:00+05:30,362.7937414,365.245338,360.6955196,361.2918396,12690592
2017-09-12 00:00:00+05:30,363.4341676,364.4280635,360.8942278,363.8759155,6500191
2017-09-13 00:00:00+05:30,363.9863776,379.8445121,363.1029112,375.0296631,29377106
2017-09-14 00:00:00+05:30,378.0333807,380.5512345,371.9374902,372.7546692,11867640
2017-09-15 00:00:00+05:30,371.9374953,376.7302577,368.7349485,371.8491516,28595395
2017-09-18 00:00:00+05:30,375.4713823,375.9352162,372.4234366,373.5056763,5061995
2017-09-19 00:00:00+05:30,374.897173,374.9192589,369.7289194,370.4356689,7718697
2017-09-20 00:00:00+05:30,378.165869,385.4102563,373.3068197,374.2123718,24942703
2017-09-21 00:00:00+05:30,374.146219,376.2223547,369.397598,371.6504211,12950541
2017-09-22 00:00:00+05:30,371.009882,371.009882,359.2156465,361.0709229,12294087
2017-09-25 00:00:00+05:30,360.0108,365.7312308,355.6818412,362.9041443,14229631
2017-09-26 00:00:00+05:30,362.9703898,365.3336424,358.7739467,362.2636108,10564143
2017-09-27 00:00:00+05:30,364.6931762,364.7373481,351.397067,353.0093689,18448855
2017-09-28 00:00:00+05:30,353.230213,354.6658273,344.6385245,347.399353,29547622
2017-09-29 00:00:00+05:30,349.7405475,350.4694125,344.1526617,344.9477844,16666208
2017-10-03 00:00:00+05:30,351.1762195,355.0855165,346.9134887,352.6560059,18345748
2017-10-04 00:00:00+05:30,353.031394,364.4059669,351.4411783,361.7114258,18907611
2017-10-05 00:00:00+05:30,364.4280424,365.9520298,361.6230717,364.0525818,10631751
2017-10-06 00:00:00+05:30,363.986374,370.7669585,363.3679387,369.7509766,12997688
2017-10-09 00:00:00+05:30,370.6122649,370.9656691,365.753245,366.9238281,8850408
2017-10-10 00:00:00+05:30,367.078448,374.2786642,367.078448,372.4675598,14732024
2017-10-11 00:00:00+05:30,373.3951783,379.1818658,369.2870796,371.1202698,15420644
2017-10-12 00:00:00+05:30,371.9817284,387.3098012,371.9817284,385.5207825,18642942
2017-10-13 00:00:00+05:30,388.4140773,393.449785,385.7857643,387.1551208,21509701
2017-10-16 00:00:00+05:30,388.2815634,394.0240501,380.4629118,387.3097534,32009221
2017-10-17 00:00:00+05:30,387.8398408,390.4902399,383.0691343,386.2275391,13898844
2017-10-18 00:00:00+05:30,387.5748173,405.4649154,386.5146635,403.9630432,36671941
2017-10-19 00:00:00+05:30,404.5372277,407.2317983,398.8830849,401.9310303,8014767
2017-10-23 00:00:00+05:30,403.2562652,417.3033245,401.5776762,415.1167297,27455320
2017-10-24 00:00:00+05:30,418.6285154,418.6285154,410.0147698,412.6872253,13857773
2017-10-25 00:00:00+05:30,415.2713576,417.8333835,410.5889947,415.1830139,10011782
2017-10-26 00:00:00+05:30,415.2272275,423.0900229,411.2516432,418.4960327,16840049
2017-10-27 00:00:00+05:30,419.6444519,422.6040537,408.9103705,410.7435608,11498547
2017-10-30 00:00:00+05:30,412.576818,417.6788138,411.0749457,416.331543,7823263
2017-10-31 00:00:00+05:30,417.4137351,417.7671099,411.7816483,415.6026306,9504986
2017-11-01 00:00:00+05:30,418.6505667,423.0899547,417.7671004,420.770874,17571371
2017-11-02 00:00:00+05:30,420.8813208,422.515738,417.1045103,418.1425781,10277678
2017-11-03 00:00:00+05:30,422.2727479,422.2727479,415.2934201,417.5683289,4798537
2017-11-06 00:00:00+05:30,416.3314856,416.3314856,410.3681101,411.9141541,9757496
2017-11-07 00:00:00+05:30,412.2896672,413.0185027,398.9052153,400.5175171,20447574
2017-11-08 00:00:00+05:30,398.66226,400.2083039,390.5344051,392.1687927,17752793
2017-11-09 00:00:00+05:30,395.2388694,401.9311107,394.0462001,397.7788391,15007224
2017-11-10 00:00:00+05:30,397.9775723,397.9775723,388.369931,390.4239807,13923102
2017-11-13 00:00:00+05:30,390.9319334,393.9798789,385.8520243,386.625061,9088619
2017-11-14 00:00:00+05:30,386.514639,395.3492431,385.6311727,391.6828918,12481463
2017-11-15 00:00:00+05:30,390.7111018,393.4056432,387.8177576,390.3577271,15272059
2017-11-16 00:00:00+05:30,391.1528065,400.2082995,391.1528065,399.2585754,15160866
2017-11-17 00:00:00+05:30,405.9287789,408.5570628,401.3126734,402.8145752,12219276
2017-11-20 00:00:00+05:30,400.2966534,408.3140789,399.7665913,406.7680054,9231195
2017-11-21 00:00:00+05:30,409.3963392,415.0725688,408.8220757,411.9362793,13082246
2017-11-22 00:00:00+05:30,414.1007776,414.6308692,407.916542,411.1412048,11058315
2017-11-23 00:00:00+05:30,411.251604,419.6003184,409.3300698,418.3193054,16031638
2017-11-24 00:00:00+05:30,419.6444808,423.8409239,418.4959834,420.1303711,13987125
2017-11-27 00:00:00+05:30,418.4297087,422.9574404,416.9940649,420.2407837,10237135
2017-11-28 00:00:00+05:30,419.5782592,420.2408369,414.3879198,416.7070007,10153618
2017-11-29 00:00:00+05:30,416.0443729,419.6444962,415.6689123,417.8775635,8038351
2017-11-30 00:00:00+05:30,415.8676104,415.8676104,406.1716268,407.077179,20637767
2017-12-01 00:00:00+05:30,408.3582455,411.3620193,400.9592555,402.0194092,11114967
2017-12-04 00:00:00+05:30,403.5212137,403.6537292,396.387256,398.2646179,10103208
2017-12-05 00:00:00+05:30,398.0217337,406.7238225,395.5480516,403.6096191,18306627
2017-12-06 00:00:00+05:30,401.9752296,410.9423493,401.445138,409.3300476,24078081
2017-12-07 00:00:00+05:30,410.8318998,413.4602127,407.7176966,411.4945068,12095301
2017-12-08 00:00:00+05:30,412.5104558,413.8798122,405.9728472,406.834198,12224184
2017-12-11 00:00:00+05:30,407.4748093,409.0429688,403.5433971,404.6918945,10792248
2017-12-12 00:00:00+05:30,404.6035455,410.3681483,401.0917954,404.4489441,15782031
2017-12-13 00:00:00+05:30,405.0231928,408.5791147,402.2844501,404.0292969,9147866
2017-12-14 00:00:00+05:30,405.9508502,408.557048,401.4230885,407.0551758,10983157
2017-12-15 00:00:00+05:30,411.2515841,412.1129645,405.3765522,406.2821045,24408414
2017-12-18 00:00:00+05:30,402.8365584,411.9803643,381.059224,406.834198,18581421
2017-12-19 00:00:00+05:30,407.9827453,409.4846173,406.3925002,409.020813,8891691
2017-12-20 00:00:00+05:30,408.998753,409.6613306,405.0673412,405.5753174,10443493
2017-12-21 00:00:00+05:30,405.7078612,408.1374011,401.9752519,403.2783508,9071450
2017-12-22 00:00:00+05:30,404.0293044,407.4527108,401.6660222,406.5692444,10658428
2017-12-26 00:00:00+05:30,408.5349314,414.7412522,405.5753295,410.7214966,11596338
2017-12-27 00:00:00+05:30,412.1350551,414.1228175,405.9508203,408.0490417,9520350
2017-12-28 00:00:00+05:30,408.7116376,412.7534793,405.9950102,408.2478333,15511891
2017-12-29 00:00:00+05:30,409.2638077,411.8258336,405.7299423,406.8563538,11089700
2018-01-01 00:00:00+05:30,407.5852082,407.5852082,400.8709112,401.8648071,9453202
2018-01-02 00:00:00+05:30,403.3004545,406.1937989,400.3850242,402.4832458,9499419
2018-01-03 00:00:00+05:30,408.6011656,409.0429135,403.3224833,404.09552,13507800
2018-01-04 00:00:00+05:30,405.5753004,407.1876315,404.4930608,406.5250244,9008932
2018-01-05 00:00:00+05:30,407.1876638,409.4404867,406.5029707,407.8281555,7441284
2018-01-08 00:00:00+05:30,409.087072,411.2515511,407.9385747,410.1693115,8827020
2018-01-09 00:00:00+05:30,409.9925869,416.9498577,408.1594262,415.646759,14294571
2018-01-10 00:00:00+05:30,416.5523758,418.4959959,413.239399,416.2652588,11727682
2018-01-11 00:00:00+05:30,416.0222655,416.3977556,413.0184917,414.2332764,7849171
2018-01-12 00:00:00+05:30,416.5523587,420.8813173,414.4541372,419.2027283,15071161
2018-01-15 00:00:00+05:30,419.6444721,423.3991671,417.5241647,419.2689819,11120925
2018-01-16 00:00:00+05:30,418.6285038,418.6285038,406.3925493,407.6956482,10825151
2018-01-17 00:00:00+05:30,409.0428866,410.3680712,400.6499722,408.3802795,13204016
2018-01-18 00:00:00+05:30,410.3681089,410.63314,404.2280461,406.2600098,9381821
2018-01-19 00:00:00+05:30,407.7177437,412.7534814,407.3201971,411.3841248,9973533
2018-01-22 00:00:00+05:30,418.7609853,430.3785036,415.2271497,429.1416626,45700733
2018-01-23 00:00:00+05:30,430.6877657,437.7333516,430.6877657,434.3320313,22526810
2018-01-24 00:00:00+05:30,433.6694626,433.6694626,425.232404,426.8668213,14289485
2018-01-25 00:00:00+05:30,427.5514973,429.362602,422.3611577,426.6680603,13669901
2018-01-29 00:00:00+05:30,426.8005113,431.7037037,423.7525658,426.0495605,9897064
2018-01-30 00:00:00+05:30,426.6238062,426.6238062,419.2027012,419.8211365,9182956
2018-01-31 00:00:00+05:30,419.6444817,426.0495758,415.911843,424.6360474,12551686
2018-02-01 00:00:00+05:30,425.4974289,429.6275847,413.7252788,416.9278259,16524809
2018-02-02 00:00:00+05:30,413.0185155,416.9720135,397.9996754,399.4794617,28965593
2018-02-05 00:00:00+05:30,394.9075055,403.0795317,389.5183937,398.5075989,19191099
2018-02-06 00:00:00+05:30,387.3980822,396.6744337,384.7476835,394.0682068,24062503
2018-02-07 00:00:00+05:30,398.6843209,399.9432478,393.1405781,395.084198,15532284
2018-02-08 00:00:00+05:30,396.6303537,402.2624118,394.1787276,399.5678406,13825894
2018-02-09 00:00:00+05:30,392.6988591,398.4413456,391.3736449,396.6081848,11580639
2018-02-12 00:00:00+05:30,398.8831569,405.5974545,398.4634949,404.4047852,11877059
2018-02-14 00:00:00+05:30,407.7177314,416.3315063,406.8342651,412.4221802,22247829
2018-02-15 00:00:00+05:30,414.1890693,417.7670767,409.9925972,413.305603,13363743
2018-02-16 00:00:00+05:30,415.0504192,416.3756333,405.5532085,406.9667664,9628162
2018-02-19 00:00:00+05:30,406.834281,411.6933314,403.5433901,409.4846802,8941900
2018-02-20 00:00:00+05:30,410.3681114,410.6110565,405.8624656,406.878418,8458450
2018-02-21 00:00:00+05:30,410.8098831,411.9142088,407.3423047,410.5227661,11917390
2018-02-22 00:00:00+05:30,407.2760191,411.251603,406.3925527,408.3140869,11196908
2018-02-23 00:00:00+05:30,408.7778991,414.3437285,407.6073158,412.6872253,10610664
2018-02-26 00:00:00+05:30,414.7854391,417.3916664,413.7252854,414.6529236,8435611
2018-02-27 00:00:00+05:30,414.7854167,422.2064925,414.4982997,419.8653259,14021366
2018-02-28 00:00:00+05:30,417.8554615,422.7807694,416.6407063,421.6543579,56650480
2018-03-01 00:00:00+05:30,419.5340019,424.0175614,417.8554131,418.9376526,8956590
2018-03-05 00:00:00+05:30,416.5523268,419.7107017,407.0992878,408.2036133,12325694
2018-03-06 00:00:00+05:30,410.3681335,413.5485947,399.810768,402.350708,16019726
2018-03-07 00:00:00+05:30,401.6439272,401.6439272,392.2792311,393.0301819,15853546
2018-03-08 00:00:00+05:30,396.5198316,403.9630228,394.598327,402.6157227,13283967
2018-03-09 00:00:00+05:30,404.1396966,406.1054025,402.4390218,403.344574,10638527
2018-03-12 00:00:00+05:30,406.3925346,412.1792228,405.310295,410.9423523,8315150
2018-03-13 00:00:00+05:30,411.6491306,413.4602351,406.9888833,411.6270447,11148731
2018-03-14 00:00:00+05:30,410.2797987,411.7154131,406.0391836,410.3902283,14724464
2018-03-15 00:00:00+05:30,408.6012157,410.5669218,401.975262,402.7703552,12711836
2018-03-16 00:00:00+05:30,401.5335162,401.8427486,391.3958123,397.5800476,30814962
2018-03-19 00:00:00+05:30,397.999701,400.605899,394.0241168,395.5701904,12630833
2018-03-20 00:00:00+05:30,394.5983501,399.3248554,391.8375214,393.0522766,15192983
2018-03-21 00:00:00+05:30,395.2830158,398.5959926,394.5983522,396.1885681,14715126
2018-03-22 00:00:00+05:30,395.7909938,402.836609,395.6805642,401.15802,22129723
2018-03-23 00:00:00+05:30,393.405643,397.5579142,392.7430653,394.8633728,23469999
2018-03-26 00:00:00+05:30,394.8854783,399.4573823,394.2449571,398.0438538,13227705
2018-03-27 00:00:00+05:30,400.7384084,402.3065383,396.2327329,397.469574,15179544
2018-03-28 00:00:00+05:30,395.7026736,395.7247595,388.7233158,389.9159851,19160609
2018-04-02 00:00:00+05:30,394.4658115,397.9775911,391.5945826,394.4437256,12494499
2018-04-03 00:00:00+05:30,393.5823801,398.3088855,391.0424105,397.3591614,13922126
2018-04-04 00:00:00+05:30,399.6340736,402.7703631,394.0461876,395.3051147,14214534
2018-04-05 00:00:00+05:30,399.8107581,401.9752374,399.1039792,401.1801147,8527915
2018-04-06 00:00:00+05:30,401.0917465,405.7299076,399.7665618,402.4169312,9664888
2018-04-09 00:00:00+05:30,403.1016219,405.950794,403.1016219,404.6255798,7813897
2018-04-10 00:00:00+05:30,405.6857058,408.1152453,403.8083732,405.089386,8455132
2018-04-11 00:00:00+05:30,407.1876635,412.0245983,404.6476941,411.1853333,13140816
2018-04-12 00:00:00+05:30,410.7436024,413.7473763,408.2478342,410.2356262,10822592
2018-04-13 00:00:00+05:30,412.0025204,415.9781043,410.2356172,414.7191772,12616816
2018-04-16 00:00:00+05:30,412.7755444,415.2271701,410.1472608,413.9240417,8934275
2018-04-17 00:00:00+05:30,415.2271898,418.4076511,413.4602571,417.1045227,9599816
2018-04-18 00:00:00+05:30,417.5463281,418.8494272,413.040652,414.3437805,7360987
2018-04-19 00:00:00+05:30,414.8295757,417.4358027,413.0184713,416.2431335,9802587
2018-04-20 00:00:00+05:30,414.3437365,416.0443821,406.92266,409.8822327,7326696
2018-04-23 00:00:00+05:30,410.8098063,417.1486421,410.1472287,413.4602051,7674482
2018-04-24 00:00:00+05:30,413.3719205,430.9969879,413.0185162,428.5011902,19921115
2018-04-25 00:00:00+05:30,430.0914243,433.691518,425.6299501,428.6999817,14079382
2018-04-26 00:00:00+05:30,429.804248,436.4302006,425.055628,430.8423157,34096999
2018-04-27 00:00:00+05:30,437.2254211,446.5901182,435.3259727,440.0966797,25518647
2018-04-30 00:00:00+05:30,433.7798399,438.4621728,424.0617406,425.5194702,19406069
2018-05-02 00:00:00+05:30,427.1538393,432.5429508,426.292459,429.6717224,13381914
2018-05-03 00:00:00+05:30,431.9688024,431.9688024,423.7305173,424.7685852,8634812
2018-05-04 00:00:00+05:30,425.3207259,426.1379345,419.6444964,421.3893433,8302649
2018-05-07 00:00:00+05:30,423.553811,429.9147334,422.4494854,428.9208374,7683268
2018-05-08 00:00:00+05:30,431.7920781,433.7798699,426.3587646,427.1980591,10792648
2018-05-09 00:00:00+05:30,426.667983,434.795808,425.0556518,431.4386597,9831044
2018-05-10 00:00:00+05:30,432.8964427,434.9284066,430.3564731,433.4044189,8781584
2018-05-11 00:00:00+05:30,433.4485868,437.8879752,431.9025428,436.9824524,8774740
2018-05-14 00:00:00+05:30,438.1751107,438.1751107,431.4386981,435.8118286,5642499
2018-05-15 00:00:00+05:30,434.2436606,441.7309939,431.4165743,432.4325562,10501479
2018-05-16 00:00:00+05:30,430.2459934,430.2459934,420.7266964,422.361084,18840763
2018-05-17 00:00:00+05:30,423.7746584,424.0617754,415.8897487,417.5904236,10353948
2018-05-18 00:00:00+05:30,417.7008676,421.1905318,411.69332,412.5105286,11440117
2018-05-21 00:00:00+05:30,411.1411274,413.3276924,407.3201454,411.4061584,14491208
2018-05-22 00:00:00+05:30,412.2012928,412.5767534,408.6011699,409.3742065,11310073
2018-05-23 00:00:00+05:30,409.0429212,409.0429212,401.5997302,402.9691162,9991028
2018-05-24 00:00:00+05:30,403.7421786,406.8342963,402.041533,404.5593872,11632489
2018-05-25 00:00:00+05:30,404.6256336,407.8944386,403.94097,406.7459412,17782410
2018-05-28 00:00:00+05:30,408.5570364,409.4846746,405.5532625,406.5692444,11369679
2018-05-29 00:00:00+05:30,407.0551625,409.9263913,403.9188731,405.2661438,17878384
2018-05-30 00:00:00+05:30,404.1176213,407.8060585,400.4733264,404.6697693,13105124
2018-05-31 00:00:00+05:30,406.8342302,407.4084936,403.9850875,406.9888611,37080158
2018-06-01 00:00:00+05:30,406.3925792,413.3498515,405.7078861,411.0528564,19174278
2018-06-04 00:00:00+05:30,412.3117399,416.9940731,411.0528129,415.6026306,12250151
2018-06-05 00:00:00+05:30,416.4640214,421.8531337,415.6688988,418.6064148,17436812
2018-06-06 00:00:00+05:30,418.3192994,422.2948537,416.3977652,421.5881042,9164022
2018-06-07 00:00:00+05:30,421.8089648,431.1294892,421.6101915,429.0754395,14999572
2018-06-08 00:00:00+05:30,426.8667948,435.7897432,424.3268253,434.8179626,14289325
2018-06-11 00:00:00+05:30,436.032692,441.7089211,432.4767408,434.0669861,15018718
2018-06-12 00:00:00+05:30,434.3983014,441.731034,433.0289448,440.4721069,16285583
2018-06-13 00:00:00+05:30,441.7310016,444.3372287,437.0928404,442.8353271,12962502
2018-06-14 00:00:00+05:30,440.6046069,446.9434433,436.1652188,445.2427979,11997529
2018-06-15 00:00:00+05:30,444.3814215,452.1117004,441.3997336,448.0036011,24705890
2018-06-18 00:00:00+05:30,445.6182572,450.7644243,444.8231346,448.5999451,12363932
2018-06-19 00:00:00+05:30,447.8710244,448.2686004,438.925962,439.986145,13881382
2018-06-20 00:00:00+05:30,439.9640363,451.8466145,439.4560602,450.2342834,15735681
2018-06-21 00:00:00+05:30,452.0896356,457.6333791,451.1399114,455.8443604,22988909
2018-06-22 00:00:00+05:30,454.2762166,454.6296209,445.4636973,447.2527161,35370008
2018-06-25 00:00:00+05:30,446.7667785,449.0196016,442.7470227,443.6967468,11369371
2018-06-26 00:00:00+05:30,444.3813928,444.3813928,430.7981686,432.4325562,17649122
2018-06-27 00:00:00+05:30,435.1231328,438.1914528,428.0971208,429.4978943,19595831
2018-06-28 00:00:00+05:30,427.7858922,430.6763441,418.1362601,420.2040405,18770484
2018-06-29 00:00:00+05:30,422.0494018,433.7890761,422.0049347,432.4327698,17425606
2018-07-02 00:00:00+05:30,432.3883343,432.3883343,425.5624537,427.1632996,14570004
2018-07-03 00:00:00+05:30,429.1199302,435.1009358,427.0521498,431.9214478,11084063
2018-07-04 00:00:00+05:30,432.143804,441.1264296,431.788067,440.2815247,10938521
2018-07-05 00:00:00+05:30,443.3498119,448.4192118,426.2739637,428.897583,40946479
2018-07-06 00:00:00+05:30,429.0087751,437.1242621,428.8976073,434.7007446,20039239
2018-07-09 00:00:00+05:30,438.9474565,444.6838632,437.3465808,443.3942871,11309207
2018-07-10 00:00:00+05:30,445.9067728,457.3573833,444.6838972,456.1122742,22846197
2018-07-11 00:00:00+05:30,455.8009513,462.8714307,452.6214634,461.9375916,18953870
2018-07-12 00:00:00+05:30,464.4055788,488.7075412,463.6273746,481.3035583,52736376
2018-07-13 00:00:00+05:30,480.4809026,493.1543869,480.2585373,489.0632935,39301408
2018-07-16 00:00:00+05:30,489.0632923,493.1099186,477.1679826,478.5687561,14427529
2018-07-17 00:00:00+05:30,479.502619,487.3512732,475.633861,485.7504272,14150770
2018-07-18 00:00:00+05:30,488.4407412,491.1977916,479.0579123,485.8393555,10241565
2018-07-19 00:00:00+05:30,486.1728293,495.8224603,483.0822757,491.3089294,11885426
2018-07-20 00:00:00+05:30,495.1109828,506.2725254,494.4439464,501.8924255,17538801
2018-07-23 00:00:00+05:30,502.4037855,502.4037855,494.977599,498.1792908,12779803
2018-07-24 00:00:00+05:30,498.9353412,501.0475591,492.4429338,494.0215759,9775749
2018-07-25 00:00:00+05:30,493.5991051,499.3800089,491.0199528,495.8892212,13014255
2018-07-26 00:00:00+05:30,493.6435839,498.7130138,492.6208104,493.8881531,14053674
2018-07-27 00:00:00+05:30,497.8236214,505.7834737,494.5551989,502.4261169,14610585
2018-07-30 00:00:00+05:30,502.4927725,514.6326527,501.6034301,512.0090332,30344461
2018-07-31 00:00:00+05:30,511.831054,529.3515708,510.1190405,527.3949585,30350826
2018-08-01 00:00:00+05:30,529.3516116,534.910179,527.1281965,530.21875,21227054
2018-08-02 00:00:00+05:30,529.8408511,529.8408511,518.4791759,519.5463867,13668930
2018-08-03 00:00:00+05:30,522.503528,526.2833517,520.0799811,523.3706665,14536058
2018-08-06 00:00:00+05:30,523.2595075,531.8418992,522.659231,530.3300171,8785462
2018-08-07 00:00:00+05:30,531.3527662,534.2432478,523.3929141,526.5946655,8879612
2018-08-08 00:00:00+05:30,526.9504722,543.6261196,526.9504722,541.4916382,17307566
2018-08-09 00:00:00+05:30,543.1812733,547.7170375,538.9567789,541.6026611,14976885
2018-08-10 00:00:00+05:30,538.5121639,540.290908,534.643406,535.4882813,7833494
2018-08-13 00:00:00+05:30,532.5311624,533.5984326,525.9276467,528.151062,10211072
2018-08-14 00:00:00+05:30,529.1738267,541.26924,526.6391414,538.3343506,11592139
2018-08-16 00:00:00+05:30,535.0659129,540.7356192,531.6195626,533.9763794,13086024
2018-08-17 00:00:00+05:30,537.6227613,540.4687756,533.6428653,535.288208,8379864
2018-08-20 00:00:00+05:30,537.1335984,549.9849509,537.022401,549.1400757,16639535
2018-08-21 00:00:00+05:30,550.1851129,556.5218256,545.627085,554.6096802,15923396
2018-08-23 00:00:00+05:30,554.2095026,566.5272509,550.6965408,564.5039673,17429373
2018-08-24 00:00:00+05:30,562.6363084,569.1731533,560.3239588,568.0836792,14550512
2018-08-27 00:00:00+05:30,568.9286257,576.2436759,568.6396191,574.3093262,12188510
2018-08-28 00:00:00+05:30,576.310351,588.3168302,575.8656797,586.5380859,19018790
2018-08-29 00:00:00+05:30,585.3373566,590.9848587,573.7311419,575.5098267,24230135
2018-08-30 00:00:00+05:30,575.2430787,576.8217506,564.9486727,566.727417,21545859
2018-08-31 00:00:00+05:30,564.7484155,564.7484155,549.8959844,552.1416626,33479841
2018-09-03 00:00:00+05:30,553.6313754,559.3678114,545.2045899,546.5831299,26686176
2018-09-04 00:00:00+05:30,549.2513244,557.9893814,546.5165666,552.2752075,19333815
2018-09-05 00:00:00+05:30,552.5196564,557.0332171,537.4004212,545.6270752,22584608
2018-09-06 00:00:00+05:30,547.0278936,562.836401,544.8934124,560.9242554,24487897
2018-09-07 00:00:00+05:30,562.4806413,569.7956904,557.855942,568.5728149,23389269
2018-09-10 00:00:00+05:30,566.9720225,567.8614245,555.899411,558.4563599,15440786
2018-09-11 00:00:00+05:30,559.8570479,564.0370762,548.8511085,550.3852539,23787332
2018-09-12 00:00:00+05:30,556.6552845,559.7236347,546.4498129,556.9666138,17642490
2018-09-14 00:00:00+05:30,560.034838,567.2386891,554.8098034,557.2555542,17233514
2018-09-17 00:00:00+05:30,556.1883445,556.1883445,543.2257941,545.1379395,14773803
2018-09-18 00:00:00+05:30,545.1824367,551.1412088,540.0018689,541.2469482,16660044
2018-09-19 00:00:00+05:30,544.2930428,544.2930428,534.0653677,538.401001,24642640
2018-09-21 00:00:00+05:30,542.0696558,550.2518437,526.2834118,541.4026489,41713856
2018-09-24 00:00:00+05:30,540.0462919,551.3634993,535.6216654,547.8727417,22098277
2018-09-25 00:00:00+05:30,549.4069145,553.6314094,531.3971974,547.2279663,21250513
2018-09-26 00:00:00+05:30,550.9633751,557.6113583,545.6938727,556.477417,13992341
2018-09-27 00:00:00+05:30,558.0782686,561.6357569,550.2962851,557.5223999,23642923
2018-09-28 00:00:00+05:30,560.2572142,565.5045125,554.654179,559.3900757,24220992
2018-10-01 00:00:00+05:30,559.2789712,559.2789712,535.3994139,547.7171631,16039441
2018-10-03 00:00:00+05:30,546.7389462,551.2302448,533.6429912,535.8886108,16135428
2018-10-04 00:00:00+05:30,528.9514776,529.3516817,491.8203634,499.0464783,50774608
2018-10-05 00:00:00+05:30,488.9299261,495.955909,461.6485471,466.4066772,47998260
2018-10-08 00:00:00+05:30,466.9180364,496.7118347,456.0455003,493.3322449,53983473
2018-10-09 00:00:00+05:30,498.779688,499.5134252,480.7922327,484.7276917,24042005
2018-10-10 00:00:00+05:30,486.439698,496.2005278,482.1707356,490.0861206,20784941
2018-10-11 00:00:00+05:30,473.1436409,495.7113266,463.805279,483.7271118,28926389
2018-10-12 00:00:00+05:30,491.3534232,502.0480617,489.9971464,500.9585876,19814528
2018-10-15 00:00:00+05:30,502.4482404,510.0078874,497.2232357,506.8283997,19406012
2018-10-16 00:00:00+05:30,509.6077474,519.1239487,506.9396014,517.5231323,16358598
2018-10-17 00:00:00+05:30,524.2822553,524.4378605,506.9395459,511.9645081,27967162
2018-10-19 00:00:00+05:30,489.1522436,494.043775,475.9228903,489.7303162,55606079
2018-10-22 00:00:00+05:30,493.5991103,495.7335915,470.1865182,472.543335,28798142
2018-10-23 00:00:00+05:30,468.1409487,473.4549178,464.0943221,469.0080872,23128845
2018-10-24 00:00:00+05:30,477.9906892,478.4576236,458.646958,465.0281677,29869514
2018-10-25 00:00:00+05:30,460.6925062,462.7602866,451.9766837,458.380127,30833933
2018-10-26 00:00:00+05:30,459.3139742,470.0308766,454.4669393,464.650177,20085933
2018-10-29 00:00:00+05:30,465.1393222,486.4174318,465.1393222,483.7271118,16781215
2018-10-30 00:00:00+05:30,482.7043381,482.7043381,467.8518754,470.0308533,19263668
2018-10-31 00:00:00+05:30,470.9202364,473.9663233,465.5840334,471.9207764,35999348
2018-11-01 00:00:00+05:30,474.8779252,474.8779252,466.9181027,469.6973572,20552752
2018-11-02 00:00:00+05:30,474.4776704,480.7032448,472.765627,477.9906616,36739798
2018-11-05 00:00:00+05:30,477.3459192,485.9060772,473.5883289,484.8388367,16585905
2018-11-06 00:00:00+05:30,486.4841365,494.4884553,485.416896,490.9754639,18886485
2018-11-07 00:00:00+05:30,495.8225154,495.8225154,492.1316554,493.9103699,2808599
2018-11-09 00:00:00+05:30,491.9315322,495.2888886,482.4820025,486.239563,23712291
2018-11-12 00:00:00+05:30,488.1294621,488.6186003,477.8350277,480.2585449,12690610
2018-11-13 00:00:00+05:30,477.590506,490.4863273,475.8339953,488.9077148,14899604
2018-11-14 00:00:00+05:30,491.3979469,494.7775372,482.704387,488.2406921,17034346
2018-11-15 00:00:00+05:30,487.795932,490.4862517,483.1489701,487.7514648,14943663
2018-11-16 00:00:00+05:30,488.2406267,502.4705195,487.8626562,501.3365784,24131016
2018-11-19 00:00:00+05:30,503.7822996,512.1423545,502.9374245,511.3864136,15987574
2018-11-20 00:00:00+05:30,509.1630057,514.0100399,502.492701,505.7833862,12511640
2018-11-21 00:00:00+05:30,505.8278786,509.3853667,492.2872557,494.8886414,16422494
2018-11-22 00:00:00+05:30,495.6001538,500.4249845,489.1967108,490.4195862,12670591
2018-11-26 00:00:00+05:30,493.1544117,496.9342058,487.9960775,493.487915,13969873
2018-11-27 00:00:00+05:30,492.6652299,502.4927299,491.5757558,501.6923218,14896607
2018-11-28 00:00:00+05:30,503.5821655,514.8327015,500.8474084,512.5648193,17507771
2018-11-29 00:00:00+05:30,516.2779457,524.6824682,515.8332745,519.6130981,27640198
2018-11-30 00:00:00+05:30,521.3028304,527.3950033,516.8560002,519.1906128,23443212
2018-12-03 00:00:00+05:30,522.4590911,522.4590911,510.7194153,514.2546997,12182825
2018-12-04 00:00:00+05:30,514.9438647,514.9438647,507.9178823,512.4091797,11358720
2018-12-05 00:00:00+05:30,508.6072043,515.2997137,506.6283283,513.6765747,12729759
2018-12-06 00:00:00+05:30,510.9417494,510.9417494,497.2677539,499.6690674,12831451
2018-12-07 00:00:00+05:30,502.248146,505.5832389,492.8652883,504.1824951,15779984
2018-12-10 00:00:00+05:30,493.5990827,495.5112281,481.6371013,484.8165894,20521072
2018-12-11 00:00:00+05:30,474.0329834,490.0860879,469.1414817,488.0627747,29518062
2018-12-12 00:00:00+05:30,488.7075744,495.1555146,483.7049046,493.8214417,27572962
2018-12-13 00:00:00+05:30,501.6033902,501.6033902,486.9510595,492.287262,20337275
2018-12-14 00:00:00+05:30,490.5307661,495.7780345,485.5058332,494.5773926,15795834
2018-12-17 00:00:00+05:30,496.2449312,503.8267821,494.2660852,502.4482422,11077711
2018-12-18 00:00:00+05:30,499.5133445,506.4948596,498.2682059,505.3387146,12841994
2018-12-19 00:00:00+05:30,507.606646,510.1857983,503.9157564,505.5166321,16118419
2018-12-20 00:00:00+05:30,498.4905791,503.6044758,496.3338942,501.8035278,12609700
2018-12-21 00:00:00+05:30,500.2693537,503.0486377,487.3735325,489.2412109,18115814
2018-12-24 00:00:00+05:30,489.5524579,490.5752313,483.1712483,484.3274231,9065704
2018-12-26 00:00:00+05:30,482.8377463,489.1522552,473.8773547,488.4185181,15771193
2018-12-27 00:00:00+05:30,492.3539531,501.1587093,490.9309757,498.1348267,27294221
2018-12-28 00:00:00+05:30,500.4916833,504.8273759,498.5795378,500.5139465,16768547
2018-12-31 00:00:00+05:30,502.9151745,504.2047802,496.3560969,498.6017456,15799099
2019-01-01 00:00:00+05:30,500.380481,501.2920865,493.6435054,498.4905396,9746670
2019-01-02 00:00:00+05:30,495.6001556,501.1587234,489.5969166,491.99823,15628818
2019-01-03 00:00:00+05:30,492.4873616,495.6446159,484.7498754,485.9282837,16288287
2019-01-04 00:00:00+05:30,487.9961019,491.131123,480.7477535,488.5519409,18516544
2019-01-07 00:00:00+05:30,492.2650357,497.3566691,489.5969196,491.2644958,12060290
2019-01-08 00:00:00+05:30,491.4201338,493.5768484,487.3735073,491.2200317,12304389
2019-01-09 00:00:00+05:30,494.4885164,496.711932,488.5742109,493.9326477,12614237
2019-01-10 00:00:00+05:30,492.5985335,494.0437742,490.4862861,492.4873657,8925160
2019-01-11 00:00:00+05:30,492.5318544,495.2889048,484.0828642,488.2851257,14139060
2019-01-14 00:00:00+05:30,486.9288407,489.3745916,483.1045498,487.7292786,8994060
2019-01-15 00:00:00+05:30,491.3757165,503.3821958,491.3757165,502.3371887,22011407
2019-01-16 00:00:00+05:30,504.7161001,509.1629895,502.6483497,505.1163635,13961606
2019-01-17 00:00:00+05:30,508.9183876,510.4525327,502.492682,504.4715576,16379077
2019-01-18 00:00:00+05:30,510.8528098,529.1293301,504.8273667,526.6613159,56181172
2019-01-21 00:00:00+05:30,530.9525869,551.3857939,528.5735067,550.3852539,48206814
2019-01-22 00:00:00+05:30,548.228538,554.4985801,542.3364367,549.2512817,36207430
2019-01-23 00:00:00+05:30,548.4286148,553.275709,543.4037114,545.3158569,19313542
2019-01-24 00:00:00+05:30,544.7376911,557.2777733,542.5587432,554.7208252,28775487
2019-01-25 00:00:00+05:30,556.0549867,562.3916998,549.3624774,554.0761108,18703992
2019-01-28 00:00:00+05:30,556.077176,558.500723,543.5815593,546.7610474,18744303
2019-01-29 00:00:00+05:30,547.405894,547.69496,534.2210062,538.3565674,20405845
2019-01-30 00:00:00+05:30,540.2908851,544.7377154,529.6628884,531.7084351,17164298
2019-01-31 00:00:00+05:30,534.5100404,546.8277889,534.0653692,545.6938477,22279301
2019-02-01 00:00:00+05:30,548.7399266,558.0782591,545.6493728,555.8325806,20187323
2019-02-04 00:00:00+05:30,554.5207607,576.7327692,552.3196086,574.0424194,25528059
2019-02-05 00:00:00+05:30,574.5314916,580.0455917,568.5727202,574.3313599,20479210
2019-02-06 00:00:00+05:30,576.4214588,585.9377193,575.5321164,582.6470337,20586783
2019-02-07 00:00:00+05:30,582.6469989,587.5162967,571.9079229,573.8200684,20150710
2019-02-08 00:00:00+05:30,571.3298324,578.3114078,565.7490603,568.1726074,14230054
2019-02-11 00:00:00+05:30,567.3721778,567.4166449,556.299509,557.3000488,16457901
2019-02-12 00:00:00+05:30,556.5218574,565.7935191,556.5218574,558.7008057,13998153
2019-02-14 00:00:00+05:30,551.8526714,551.8526714,541.6249373,544.381958,14496604
2019-02-15 00:00:00+05:30,546.849996,555.8103879,539.8462168,553.3868408,20994460
2019-02-18 00:00:00+05:30,555.8548007,556.966538,540.2908946,542.5587769,21106139
2019-02-19 00:00:00+05:30,541.6249045,551.2745654,538.6010813,540.7800293,13658461
2019-02-20 00:00:00+05:30,544.2264023,551.4080503,542.0696578,548.8955688,13776558
2019-02-21 00:00:00+05:30,549.629344,559.3234742,546.6721911,554.4763794,23142949
2019-02-22 00:00:00+05:30,553.4535965,553.7648663,545.1824743,548.0062256,19152470
2019-02-25 00:00:00+05:30,549.6292294,552.7420463,542.8033193,547.9838867,17176522
2019-02-26 00:00:00+05:30,537.8451245,549.0956619,536.2887754,542.6254883,22160532
2019-02-27 00:00:00+05:30,546.0940216,553.5869387,537.6227686,544.0706787,24308835
2019-02-28 00:00:00+05:30,548.6286499,551.3412032,545.4268991,547.4279785,24688859
2019-03-01 00:00:00+05:30,550.0738874,552.4529671,543.5148395,545.2045898,17329606
2019-03-05 00:00:00+05:30,544.0262041,551.3190488,541.8917231,550.3629761,15577500
2019-03-06 00:00:00+05:30,551.3190805,566.1270469,549.2290665,562.4361572,26332276
2019-03-07 00:00:00+05:30,562.0803355,569.1063175,559.4789204,564.8596191,17738092
2019-03-08 00:00:00+05:30,562.9919889,566.7273455,561.191041,563.4589233,13211934
2019-03-11 00:00:00+05:30,564.7707924,583.4252544,563.8591867,579.9122925,21258869
2019-03-12 00:00:00+05:30,585.6042004,593.2083156,584.425792,592.0299072,24561597
2019-03-13 00:00:00+05:30,594.5423269,604.7700011,590.5846348,599.1225586,24577591
2019-03-14 00:00:00+05:30,600.2120965,605.6594673,594.1421267,596.5656738,22753310
2019-03-15 00:00:00+05:30,598.0998319,604.2364728,583.069529,587.7164917,34764353
2019-03-18 00:00:00+05:30,591.874266,603.8585415,590.9849235,600.34552,22104063
2019-03-19 00:00:00+05:30,604.7700027,613.6637228,597.2548819,612.1295776,21448030
2019-03-20 00:00:00+05:30,612.6853878,617.2211524,606.5487476,611.6403809,21639437
2019-03-22 00:00:00+05:30,610.3285651,614.0639216,594.408922,596.654541,25078643
2019-03-25 00:00:00+05:30,591.6963648,594.4756489,585.515257,588.9615479,17394088
2019-03-26 00:00:00+05:30,591.5629143,609.9283678,591.4295129,607.9940186,20734876
2019-03-27 00:00:00+05:30,612.7521034,612.7521034,597.7662699,599.9896851,22079870
2019-03-28 00:00:00+05:30,600.4343259,609.1279137,597.1214369,604.7699585,22930248
2019-04-01 00:00:00+05:30,609.2168954,625.5812099,605.9040061,618.9332275,22088854
2019-04-02 00:00:00+05:30,621.668001,623.9358832,613.7081502,617.9771118,17526740
2019-04-03 00:00:00+05:30,619.3334843,623.8915126,610.1062896,611.5292969,17169813
2019-04-04 00:00:00+05:30,613.2189854,615.308999,599.1002321,601.6794434,18320845
2019-04-05 00:00:00+05:30,605.1925775,606.5043873,597.2105208,602.0575562,14717266
2019-04-08 00:00:00+05:30,602.9913485,603.6583553,588.6280535,591.0960083,19081843
2019-04-09 00:00:00+05:30,590.9404938,596.1877333,587.4274721,593.4085083,20774977
2019-04-10 00:00:00+05:30,594.9648096,599.4339038,589.8731757,592.052124,16651949
2019-04-11 00:00:00+05:30,592.7414251,601.6573507,590.984944,598.9003296,12558520
2019-04-12 00:00:00+05:30,600.3232346,603.3915847,594.3867255,597.2549438,12948769
2019-04-15 00:00:00+05:30,598.099739,599.8562791,593.6529087,595.9430542,9285737
2019-04-16 00:00:00+05:30,598.0998157,604.7700619,595.8764003,597.5440063,17360317
2019-04-18 00:00:00+05:30,611.440394,617.9994431,606.993563,616.3096924,39286534
2019-04-22 00:00:00+05:30,604.7700749,607.8828922,596.4544857,598.2554932,23607922
2019-04-23 00:00:00+05:30,599.4338101,610.5508858,598.5444678,606.4820557,19807450
2019-04-24 00:00:00+05:30,609.3502602,620.245,607.549253,617.8881836,16101112
2019-04-25 00:00:00+05:30,617.7103648,628.0715001,605.9262224,610.2841187,30469914
2019-04-26 00:00:00+05:30,611.440387,620.7565163,609.5282414,619.3557129,15069884
2019-04-30 00:00:00+05:30,620.9565887,620.9565887,607.7939642,619.3557129,22348580
2019-05-02 00:00:00+05:30,618.9999337,628.7385297,614.5975702,624.8031006,18992003
2019-05-03 00:00:00+05:30,626.0925938,630.3393518,623.7357773,626.4927979,14240262
2019-05-06 00:00:00+05:30,621.6680832,623.8025643,612.8188295,615.8427124,15832114
2019-05-07 00:00:00+05:30,620.2450227,620.3339569,595.9652651,597.4327393,19417647
2019-05-08 00:00:00+05:30,595.8763418,595.8763418,574.6204664,577.8444214,31958919
2019-05-09 00:00:00+05:30,573.1085831,573.1085831,556.6330694,558.7230835,42670173
2019-05-10 00:00:00+05:30,562.5251167,568.1726193,553.6314549,556.366272,24557430
2019-05-13 00:00:00+05:30,554.9209873,560.657364,545.8493989,547.8727417,17603659
2019-05-14 00:00:00+05:30,549.8515691,564.4594621,547.6281539,560.50177,28438234
2019-05-15 00:00:00+05:30,566.0826007,568.3060161,556.1216687,558.9231567,24419559
2019-05-16 00:00:00+05:30,560.2794414,565.5934103,559.4567701,562.6807251,14451308
2019-05-17 00:00:00+05:30,563.4144777,567.839045,556.7441725,563.5923462,17276949
2019-05-20 00:00:00+05:30,584.136749,594.8536213,579.6453919,589.6063232,26979100
2019-05-21 00:00:00+05:30,592.4078543,607.8828266,591.4517816,595.7874146,30343560
2019-05-22 00:00:00+05:30,598.3888731,604.636652,593.6974435,596.0542603,24689918
2019-05-23 00:00:00+05:30,610.1062656,618.9999268,589.206126,593.1638184,38766006
2019-05-24 00:00:00+05:30,599.4338178,602.0129698,585.4262607,594.4755859,22269265
2019-05-27 00:00:00+05:30,594.586829,594.7646975,581.2018106,582.8248901,16076686
2019-05-28 00:00:00+05:30,586.8937876,593.5640337,584.0255694,588.6502686,42594251
2019-05-29 00:00:00+05:30,587.4273758,592.8970095,579.9344586,583.8921509,15558515
2019-05-30 00:00:00+05:30,585.3152415,596.7658526,585.3152415,591.3184814,23494381
2019-05-31 00:00:00+05:30,594.9425676,596.7213118,587.0716501,591.4962769,25724066
2019-06-03 00:00:00+05:30,593.6528791,607.9939683,587.5162394,604.8589478,18556942
2019-06-04 00:00:00+05:30,603.6360368,611.1067495,599.4782725,601.0568848,15442761
2019-06-06 00:00:00+05:30,605.6149952,605.6149952,587.4718756,590.2511597,16764835
2019-06-07 00:00:00+05:30,589.6285474,590.2066199,580.5792222,584.7147827,14722419
2019-06-10 00:00:00+05:30,587.3829406,590.0954944,582.5803728,586.6047363,11768468
2019-06-11 00:00:00+05:30,587.8054155,593.4306548,586.0934016,591.0515747,11492074
2019-06-12 00:00:00+05:30,593.5195613,595.1649041,589.206132,592.3856201,10297599
2019-06-13 00:00:00+05:30,591.4296017,593.5196158,581.9356037,590.2067261,15686169
2019-06-14 00:00:00+05:30,587.8275377,589.2060776,582.2690295,585.8931885,14942768
2019-06-17 00:00:00+05:30,586.982593,586.982593,568.528208,570.2180176,14908257
2019-06-18 00:00:00+05:30,568.7062068,572.7306296,564.3483103,569.6400757,16797371
2019-06-19 00:00:00+05:30,572.2636649,578.9783778,561.4578584,568.0169067,14492763
2019-06-20 00:00:00+05:30,569.1953484,578.0890693,568.306006,576.6437988,10748848
2019-06-21 00:00:00+05:30,576.2880099,576.3102731,567.2164806,568.9729614,23236832
2019-06-24 00:00:00+05:30,565.7044678,567.6166129,559.0120192,561.3688354,11267228
2019-06-25 00:00:00+05:30,559.8126045,577.1997252,557.7447941,576.2436523,14966899
2019-06-26 00:00:00+05:30,574.0868051,580.1345105,572.0189953,575.4875488,11593027
2019-06-27 00:00:00+05:30,575.0429845,576.7105312,565.1931908,566.5939941,24905533
2019-06-28 00:00:00+05:30,567.9058042,570.4627527,555.2545225,557.2333984,18942165
2019-07-01 00:00:00+05:30,559.4345554,565.9269332,554.2762507,564.2371826,13478857
2019-07-02 00:00:00+05:30,566.5049759,569.6399965,561.7690799,568.5282593,10146746
2019-07-03 00:00:00+05:30,570.4849493,572.085825,566.9941913,570.3292847,8806492
2019-07-04 00:00:00+05:30,569.817915,574.086877,569.195316,570.9740601,9351405
2019-07-05 00:00:00+05:30,571.4631859,573.8645289,560.3016427,561.7913208,10926753
2019-07-08 00:00:00+05:30,559.412301,563.9035985,555.0544048,556.7664185,14009219
2019-07-09 00:00:00+05:30,555.3879134,570.7517486,553.8537681,569.2398071,17535754
2019-07-10 00:00:00+05:30,569.2176265,573.3531875,564.1704597,568.684021,12018196
2019-07-11 00:00:00+05:30,572.3081908,573.5533296,568.8841036,569.8846436,8608376
2019-07-12 00:00:00+05:30,570.5294026,578.0890503,568.3281911,569.4177246,15692436
2019-07-15 00:00:00+05:30,571.4187536,573.4198334,564.9041722,567.4611206,10659498
2019-07-16 00:00:00+05:30,569.1730892,575.8211309,567.8834835,574.9761963,10070773
2019-07-17 00:00:00+05:30,575.5543101,576.7549817,569.195334,570.0180054,9482233
2019-07-18 00:00:00+05:30,570.0847201,572.0413326,559.4123149,561.1243286,11942908
2019-07-19 00:00:00+05:30,563.9481424,566.0603604,552.6086698,555.4102173,16336536
2019-07-22 00:00:00+05:30,556.299509,571.1964094,545.7605049,569.4177246,29092589
2019-07-23 00:00:00+05:30,571.4187224,575.3764146,560.4795147,566.3271484,20316348
2019-07-24 00:00:00+05:30,566.3048093,568.6616256,557.4333535,559.9013672,15189179
2019-07-25 00:00:00+05:30,562.0804654,564.3261442,545.627155,547.6282349,21805071
2019-07-26 00:00:00+05:30,547.6281807,552.5196825,538.0674533,539.7572632,20387504
2019-07-29 00:00:00+05:30,541.1358119,543.4036943,535.8885137,538.4899292,17626045
2019-07-30 00:00:00+05:30,539.8239007,542.5142499,522.9259235,525.1270752,20853117
2019-07-31 00:00:00+05:30,522.8370436,526.9503408,516.9004758,518.6125488,21229950
2019-08-01 00:00:00+05:30,517.3451585,528.3733596,511.5420513,524.8381348,22628222
2019-08-02 00:00:00+05:30,525.9529876,536.0407802,519.8689803,529.8225708,23766807
2019-08-05 00:00:00+05:30,522.0610383,522.0610383,504.6142875,511.4811707,30399133
2019-08-06 00:00:00+05:30,507.6339394,514.2771526,501.9302007,504.7485046,29067994
2019-08-07 00:00:00+05:30,503.9433076,509.3339082,493.4752147,496.2935486,25349369
2019-08-08 00:00:00+05:30,495.8238122,518.0348881,489.9858712,515.5073853,31198568
2019-08-09 00:00:00+05:30,519.7572133,525.8635583,515.4849638,519.8690186,21970009
2019-08-13 00:00:00+05:30,551.6534122,582.8115292,548.4548396,570.2633057,104827144
2019-08-14 00:00:00+05:30,583.3484313,583.5497045,572.7685044,576.3026123,31688983
2019-08-16 00:00:00+05:30,577.6223571,577.8907613,569.4805236,571.7172852,21977767
2019-08-19 00:00:00+05:30,573.0817265,580.1275465,572.6119893,578.2486572,16317602
2019-08-20 00:00:00+05:30,576.9960435,578.2485965,569.3015509,570.8001709,14969299
2019-08-21 00:00:00+05:30,570.6660361,572.008117,566.572782,568.5634766,10677848
2019-08-22 00:00:00+05:30,568.5634227,568.5857598,554.2257765,557.7374878,14031953
2019-08-23 00:00:00+05:30,554.2704931,574.4013454,548.6785598,570.7554321,21307915
2019-08-26 00:00:00+05:30,578.8748646,578.8748646,563.2175352,566.7069092,19202504
2019-08-27 00:00:00+05:30,574.8486995,574.8486995,564.2017008,570.3081055,28401906
2019-08-28 00:00:00+05:30,569.8160302,573.0593372,561.8978673,565.1411743,11605488
2019-08-29 00:00:00+05:30,562.0768147,563.7767677,552.6152976,555.5007324,18890222
2019-08-30 00:00:00+05:30,557.1783066,561.1597553,546.2181692,558.5427246,24735240
2019-09-03 00:00:00+05:30,555.724303,556.0598381,536.8236094,539.6867065,18730619
2019-09-04 00:00:00+05:30,537.0697306,539.1722898,530.5831169,537.3381348,32949395
2019-09-05 00:00:00+05:30,539.8656977,542.7287354,533.8264243,536.1973877,22995486
2019-09-06 00:00:00+05:30,538.1657845,549.7969918,534.6988073,546.8891602,23186819
2019-09-09 00:00:00+05:30,546.0615365,551.5863389,542.7064242,546.7549438,11747929
2019-09-11 00:00:00+05:30,546.8891176,554.7178119,546.8891176,552.2126465,12127900
2019-09-12 00:00:00+05:30,552.4811261,554.919161,539.3736948,541.4538574,11880005
2019-09-13 00:00:00+05:30,542.1919325,549.5732269,539.9104371,548.2759399,12947715
2019-09-16 00:00:00+05:30,531.9028903,545.3681943,530.6055435,541.6328125,20547730
2019-09-17 00:00:00+05:30,541.7445927,541.7445927,533.9158982,535.6829224,15640772
2019-09-18 00:00:00+05:30,539.0380611,544.1155227,535.5710843,539.3735962,14933909
2019-09-19 00:00:00+05:30,540.3353581,541.1629675,524.5885615,527.4515991,13766222
2019-09-20 00:00:00+05:30,531.4331523,568.0937422,525.3268067,561.1373901,48165560
2019-09-23 00:00:00+05:30,569.9949784,573.0593494,552.4810962,554.3599854,21610844
2019-09-24 00:00:00+05:30,556.3283316,581.0221752,555.9480624,572.0303955,34958974
2019-09-25 00:00:00+05:30,574.4012776,579.3221998,567.6239231,572.4105835,18192270
2019-09-26 00:00:00+05:30,577.9802699,581.0222443,574.1777571,580.1275635,18350457
2019-09-27 00:00:00+05:30,578.2039128,588.2693698,574.4014002,585.607605,19058663
2019-09-30 00:00:00+05:30,586.0324939,597.5518347,584.0417401,595.986084,25263770
2019-10-01 00:00:00+05:30,598.1111423,600.3479038,578.5617713,583.7510986,17920384
2019-10-03 00:00:00+05:30,575.2961749,588.1352027,573.1936153,586.5023804,13524851
2019-10-04 00:00:00+05:30,590.4613513,594.3533317,583.2813299,585.1825562,14992253
2019-10-07 00:00:00+05:30,585.1825911,590.8639929,582.3195531,586.0773315,10061584
2019-10-09 00:00:00+05:30,585.45108,594.9573319,578.203927,592.6310425,17588647
2019-10-10 00:00:00+05:30,592.7428274,612.426339,590.9534063,609.6304321,35006390
2019-10-11 00:00:00+05:30,610.0553798,610.9053861,597.9097615,605.0897827,16597126
2019-10-14 00:00:00+05:30,610.6145981,610.6145981,604.3069202,607.5054932,13394275
2019-10-15 00:00:00+05:30,609.5185725,612.8737444,605.8502624,610.2567139,9672791
2019-10-16 00:00:00+05:30,612.8290351,617.1906931,610.0554055,613.9250488,19403660
2019-10-17 00:00:00+05:30,615.1105205,625.8469872,613.7684398,624.7285767,16038940
2019-10-18 00:00:00+05:30,628.0838393,638.7755735,625.7128755,633.6086426,28121951
2019-10-22 00:00:00+05:30,637.4780603,642.7791919,627.7928744,632.6243286,27786502
2019-10-23 00:00:00+05:30,633.5862013,637.9031251,618.7564216,622.8944092,18446160
2019-10-24 00:00:00+05:30,626.7416192,644.8147048,620.2774025,642.6002808,22642488
2019-10-25 00:00:00+05:30,644.6805588,644.8370981,631.3270615,640.25177,13539957
2019-10-27 00:00:00+05:30,644.6357866,646.4252076,639.714864,641.6161499,3014841
2019-10-29 00:00:00+05:30,646.6489146,662.0825744,645.1278977,656.2893677,25768505
2019-10-30 00:00:00+05:30,662.0825379,664.1180259,653.2696948,661.6799316,16341366
2019-10-31 00:00:00+05:30,663.8719883,666.3995507,653.8960002,655.0814819,19463741
2019-11-01 00:00:00+05:30,650.8987716,653.9407457,644.6358277,651.7487183,13904301
2019-11-04 00:00:00+05:30,655.7748758,658.0563712,646.4699581,652.0842285,14063434
2019-11-05 00:00:00+05:30,654.5223175,657.1392883,644.6357978,647.4541016,12685356
2019-11-06 00:00:00+05:30,645.3963568,647.0739131,639.0439443,641.9069824,14625505
2019-11-07 00:00:00+05:30,641.9518064,654.4776361,640.6991935,652.5093384,14084039
2019-11-08 00:00:00+05:30,648.2146767,652.978941,644.7700366,646.6489258,12019353
2019-11-11 00:00:00+05:30,643.7857779,646.0896701,636.3820867,638.7307129,11357841
2019-11-13 00:00:00+05:30,639.7149647,660.2484856,639.7149647,658.6380005,25225749
2019-11-14 00:00:00+05:30,660.2931928,662.7983586,651.2566786,654.3657837,14258133
2019-11-15 00:00:00+05:30,655.6630285,665.1245446,654.5446181,657.9892578,15691605
2019-11-18 00:00:00+05:30,658.7944641,664.7666063,651.0776351,652.7775879,14076051
2019-11-19 00:00:00+05:30,656.26699,677.6952498,655.3723093,675.3913574,30176255
2019-11-20 00:00:00+05:30,695.6564462,703.4180101,690.3553139,692.3460083,43538120
2019-11-21 00:00:00+05:30,691.1605356,696.0813988,683.801578,687.8500977,14897371
2019-11-22 00:00:00+05:30,689.8631858,702.1206694,687.8500945,691.831543,22352865
2019-11-25 00:00:00+05:30,693.9118107,700.0181561,693.8446798,698.56427,15146156
2019-11-26 00:00:00+05:30,701.4943772,705.1850245,696.08138,697.982666,35330983
2019-11-27 00:00:00+05:30,697.8484332,704.804784,696.1260834,702.2772217,9642739
2019-11-28 00:00:00+05:30,703.5297847,708.6743775,699.6378642,706.9520874,13747479
2019-11-29 00:00:00+05:30,707.6901835,707.6901835,692.4354604,693.9117432,18559594
2019-12-02 00:00:00+05:30,715.7649819,722.2291992,705.4758553,709.725708,31225364
2019-12-03 00:00:00+05:30,712.5216785,713.0808241,703.5075017,706.3258057,12990426
2019-12-04 00:00:00+05:30,703.6863494,705.6994404,686.1277352,694.6051025,20987607
2019-12-05 00:00:00+05:30,704.1337239,706.7060203,690.7131561,693.7775269,19942460
2019-12-06 00:00:00+05:30,694.7394697,701.4497549,689.4159398,695.5894165,13085234
2019-12-09 00:00:00+05:30,696.1486099,705.654862,691.8316258,703.5075684,12642677
2019-12-10 00:00:00+05:30,703.261421,703.9548283,695.25379,698.7431641,10173333
2019-12-11 00:00:00+05:30,695.9024244,704.3573953,693.6656631,698.944458,12364641
2019-12-12 00:00:00+05:30,702.4562622,704.0667473,696.3722539,701.5391846,10326606
2019-12-13 00:00:00+05:30,706.8178876,711.2914703,703.4180412,708.1152344,12668303
2019-12-16 00:00:00+05:30,712.1861072,713.0360538,699.8168187,700.8233643,11892718
2019-12-17 00:00:00+05:30,700.8904325,706.3705008,695.8801014,699.0786743,20324601
2019-12-18 00:00:00+05:30,699.2128921,706.817857,698.7655518,704.9613647,14742077
2019-12-19 00:00:00+05:30,703.9995299,722.4304886,703.1495833,720.2160645,20507816
2019-12-20 00:00:00+05:30,722.4751947,723.6159423,714.0202241,715.3623047,21271510
2019-12-23 00:00:00+05:30,697.9155779,705.7218762,696.8866951,702.9707031,25107772
2019-12-24 00:00:00+05:30,701.8523254,703.2614774,690.0421811,691.8092651,18048449
2019-12-26 00:00:00+05:30,689.6619585,694.7170241,675.5703188,677.9189453,29761019
2019-12-27 00:00:00+05:30,683.1081535,691.6973268,680.5582539,689.9750366,17677571
2019-12-30 00:00:00+05:30,691.5854877,692.3459662,683.5778573,690.8026123,17123749
2019-12-31 00:00:00+05:30,689.8184942,690.5790325,674.6309005,677.3150024,22203005
2020-01-01 00:00:00+05:30,679.0819971,683.1529137,673.4901233,675.3242188,14004468
2020-01-02 00:00:00+05:30,676.3978993,689.3487906,676.3978993,686.821228,17710316
2020-01-03 00:00:00+05:30,685.7922518,689.6618949,681.318729,687.6488037,20984698
2020-01-06 00:00:00+05:30,679.9767187,683.510767,670.1349327,671.7006836,24519177
2020-01-07 00:00:00+05:30,679.5293814,686.4633961,677.0689496,682.0346069,16683622
2020-01-08 00:00:00+05:30,677.739963,686.4409416,675.5032016,676.9123535,16047902
2020-01-09 00:00:00+05:30,688.2975058,693.3973052,685.0094647,692.5026245,14982742
2020-01-10 00:00:00+05:30,694.2472346,696.9537332,688.7671662,692.3460083,12478359
2020-01-13 00:00:00+05:30,691.1829799,697.2893253,688.2080768,690.5790405,18282382
2020-01-14 00:00:00+05:30,688.9238735,693.397397,680.8044362,684.1819458,15816535
2020-01-15 00:00:00+05:30,687.067299,688.8790573,679.1938699,681.6990356,15817859
2020-01-16 00:00:00+05:30,684.0028644,690.4223472,683.5554644,687.9842529,12847975
2020-01-17 00:00:00+05:30,694.9631012,709.0323442,694.8288991,707.2653198,29463471
2020-01-20 00:00:00+05:30,719.7910841,719.7910841,682.8397005,685.5014648,32545850
2020-01-21 00:00:00+05:30,683.8239219,691.5407512,680.8713564,686.1948853,18922720
2020-01-22 00:00:00+05:30,690.7132378,691.9434537,684.9423679,685.9489136,10322817
2020-01-23 00:00:00+05:30,687.3581232,689.796218,680.2899656,683.0411987,11247739
2020-01-24 00:00:00+05:30,683.1082008,687.2909825,679.3280852,680.670166,14628445
2020-01-27 00:00:00+05:30,677.6952803,681.9674704,673.2664314,673.9598389,13387750
2020-01-28 00:00:00+05:30,674.8767831,675.5031192,654.7459328,658.3918457,24532236
2020-01-29 00:00:00+05:30,659.4208095,668.5244542,654.9472867,662.0155029,24746565
2020-01-30 00:00:00+05:30,661.635285,661.9484232,644.1885326,645.8660889,22402689
2020-01-31 00:00:00+05:30,650.0040117,650.1158766,629.5152871,631.5059814,34750310
2020-02-03 00:00:00+05:30,612.8289902,626.2719547,609.7646195,619.8076782,30712290
2020-02-04 00:00:00+05:30,626.2942887,640.8332668,625.31014,638.1044312,25383901
2020-02-05 00:00:00+05:30,641.9069587,649.9145901,639.8491931,647.9909668,18472100
2020-02-06 00:00:00+05:30,650.4962078,656.267018,644.2332634,652.1513672,15538577
2020-02-07 00:00:00+05:30,649.1093422,649.7132815,638.9544179,641.3477783,12209212
2020-02-10 00:00:00+05:30,638.8201869,646.6488813,630.9691553,642.2200928,15142476
2020-02-11 00:00:00+05:30,647.4987907,655.9090271,646.4475112,649.8921509,13999816
2020-02-12 00:00:00+05:30,651.4132707,659.7787744,650.8987994,657.7432861,13533565
2020-02-13 00:00:00+05:30,661.0760612,661.0760612,654.2986457,659.4655762,13565659
2020-02-14 00:00:00+05:30,660.8523611,671.6782959,650.0487634,665.4824829,21227841
2020-02-17 00:00:00+05:30,666.1087405,673.7808361,659.5326585,661.2996826,13149130
2020-02-18 00:00:00+05:30,660.2483739,660.2483739,651.9723393,656.4458618,11127161
2020-02-19 00:00:00+05:30,661.7918138,673.9150961,659.8905874,672.7296143,14084409
2020-02-20 00:00:00+05:30,669.6876452,674.6085087,663.7825731,664.7443848,16892268
2020-02-24 00:00:00+05:30,657.4972329,660.7405401,643.9871953,646.4028931,21370214
2020-02-25 00:00:00+05:30,649.2883121,649.2883121,630.7678837,633.6309814,27745062
2020-02-26 00:00:00+05:30,630.7678186,631.8190982,620.6352918,622.7154541,29362748
2020-02-27 00:00:00+05:30,620.9261263,623.52082,612.4264202,620.1433105,25054993
2020-02-28 00:00:00+05:30,606.1186837,607.0581582,592.7428493,594.3756714,39315769
2020-03-02 00:00:00+05:30,606.208168,612.4263781,582.0511322,588.7838135,29500495
2020-03-03 00:00:00+05:30,594.845474,605.67141,591.4008336,600.7281494,27398798
2020-03-04 00:00:00+05:30,604.8213738,605.6265864,585.0930684,599.3189087,22105261
2020-03-05 00:00:00+05:30,604.9108244,607.4831207,584.2431049,586.5469971,30510390
2020-03-06 00:00:00+05:30,568.1384141,576.2579099,555.20992,568.5857544,33734039
2020-03-09 00:00:00+05:30,554.7401549,555.165158,489.8516206,498.4184265,88187018
2020-03-11 00:00:00+05:30,495.667239,527.1832629,495.667239,516.0441895,59578576
2020-03-12 00:00:00+05:30,485.3781327,492.5357574,469.1392003,475.5363464,55970485
2020-03-13 00:00:00+05:30,446.4583606,509.9824778,421.585552,494.4593506,73297403
2020-03-16 00:00:00+05:30,474.4403067,483.0071128,449.5898351,454.3765259,38482258
2020-03-17 00:00:00+05:30,468.4905007,474.194269,448.784622,450.9319153,45445979
2020-03-18 00:00:00+05:30,458.6710899,463.4130464,429.9063023,433.2614441,44730415
2020-03-19 00:00:00+05:30,411.6095658,432.5904242,399.1284125,410.5359192,61404010
2020-03-20 00:00:00+05:30,420.2882505,462.9657459,416.0383975,455.3831177,63360475
2020-03-23 00:00:00+05:30,409.8648935,424.9854448,391.7247351,395.4825134,40670949
2020-03-24 00:00:00+05:30,416.0383885,433.9325105,400.7389302,422.0329285,45734887
2020-03-25 00:00:00+05:30,431.1589037,515.1494078,430.9128665,484.1478577,73130298
2020-03-26 00:00:00+05:30,490.2094961,499.6486456,466.2984693,476.9678345,45744488
2020-03-27 00:00:00+05:30,489.851626,495.3540612,468.0207913,476.6994324,41657940
2020-03-30 00:00:00+05:30,465.5156908,480.81515,456.3002102,460.9750366,30229866
2020-03-31 00:00:00+05:30,480.4348493,505.4194934,468.8260394,498.239502,44292810
2020-04-01 00:00:00+05:30,502.0420163,503.093296,467.5734865,483.3426819,41597459
2020-04-03 00:00:00+05:30,507.4997576,507.4997576,472.5390929,482.0006104,41367807
2020-04-07 00:00:00+05:30,493.0278157,543.0865994,492.0883712,539.5525513,54373624
2020-04-08 00:00:00+05:30,527.876677,549.7970117,518.9296309,533.3120117,49880330
2020-04-09 00:00:00+05:30,543.0865877,551.4968242,533.6922026,545.7483521,33032857
2020-04-13 00:00:00+05:30,538.590787,543.5340471,527.8766572,531.9699707,23673784
2020-04-15 00:00:00+05:30,535.5039758,552.9283885,511.3245453,514.388916,35321842
2020-04-16 00:00:00+05:30,514.388929,531.2094028,512.2192986,522.5307617,37455706
2020-04-17 00:00:00+05:30,543.9813375,550.2442809,533.5356129,547.5601196,33269335
2020-04-20 00:00:00+05:30,548.4548889,562.3227974,537.7184224,556.4177856,36030932
2020-04-21 00:00:00+05:30,541.2972025,560.0860337,520.71901,553.5323486,61371628
2020-04-22 00:00:00+05:30,590.5061044,619.5393292,581.5590585,610.0106812,142683366
2020-04-23 00:00:00+05:30,611.6882791,619.9643143,605.4029384,613.2763672,65464502
2020-04-24 00:00:00+05:30,603.9938437,668.7705821,602.6741597,633.8994141,134986308
2020-04-27 00:00:00+05:30,641.5043147,659.8458059,636.5834515,639.6030884,58482901
2020-04-28 00:00:00+05:30,648.6620459,651.1000808,622.7826591,638.8873901,78453401
2020-04-29 00:00:00+05:30,646.3805533,650.2948711,635.2414198,638.3505249,37494672
2020-04-30 00:00:00+05:30,650.4290406,668.7705323,643.31615,655.8196411,71345899
2020-05-04 00:00:00+05:30,644.1884921,655.3722994,634.1006388,642.0411987,53456868
2020-05-05 00:00:00+05:30,650.3172851,661.6352953,647.4094531,653.4263306,44903763
2020-05-06 00:00:00+05:30,654.9248941,664.2969422,646.6488597,653.4710083,40489094
2020-05-07 00:00:00+05:30,650.8988339,677.136094,646.4253106,674.1387939,50026966
2020-05-08 00:00:00+05:30,691.1605299,706.7731257,687.6264218,698.6760864,84262770
2020-05-11 00:00:00+05:30,706.8177804,722.4751683,703.3732005,705.3862915,67085063
2020-05-12 00:00:00+05:30,700.018143,701.6062909,655.3723209,661.7470703,100683202
2020-05-13 00:00:00+05:30,689.5834113,689.5834113,656.6170545,675.7872314,66430125
2020-05-14 00:00:00+05:30,663.390983,675.9001491,645.8014275,648.4658203,49266771
2020-05-15 00:00:00+05:30,652.1011648,662.3523669,639.0501134,659.0557251,62152260
2020-05-18 00:00:00+05:30,663.8425651,669.2616544,644.875633,650.6334229,62796089
2020-05-19 00:00:00+05:30,657.9718099,660.0943173,633.6986696,636.2501221,42315854
2020-05-20 00:00:00+05:30,636.7468652,653.3881034,629.0697531,647.449646,55320985
2020-05-21 00:00:00+05:30,648.0367074,659.9813508,643.5207801,650.8591919,39167981
2020-05-22 00:00:00+05:30,655.6236169,658.423466,644.1982807,646.4788208,37828973
2020-05-26 00:00:00+05:30,653.9751869,654.675164,639.5919113,643.0917969,33216635
2020-05-27 00:00:00+05:30,646.2303793,656.617037,637.6501047,652.8010864,35667956
2020-05-28 00:00:00+05:30,657.0685887,668.2455272,654.3590441,664.8585815,40126278
2020-05-29 00:00:00+05:30,662.9393134,664.7456964,656.0073898,661.3135986,40022527
2020-06-01 00:00:00+05:30,668.3584593,694.7089546,666.5295003,686.5802612,39943702
2020-06-02 00:00:00+05:30,689.1318561,695.4541673,686.7835282,693.5122681,22153960
2020-06-03 00:00:00+05:30,697.7121144,704.4860063,692.4509975,696.1992798,25381289
2020-06-04 00:00:00+05:30,697.2604078,717.8079614,695.9056654,713.4274902,34202350
2020-06-05 00:00:00+05:30,720.2917086,730.678366,710.6727565,714.2855225,33076685
2020-06-08 00:00:00+05:30,730.8590896,730.8590896,706.7439794,708.776123,31414953
2020-06-09 00:00:00+05:30,704.6214391,714.8726405,692.292942,694.1670532,25857161
2020-06-10 00:00:00+05:30,696.8540015,713.314633,695.476683,709.9728394,22132647
2020-06-11 00:00:00+05:30,707.1954824,708.0760679,691.3897363,694.4154053,20385805
2020-06-12 00:00:00+05:30,677.3903002,719.3885084,676.0354981,717.4918213,38548899
2020-06-15 00:00:00+05:30,706.7439675,734.7201801,704.9827365,729.1204224,53107403
2020-06-16 00:00:00+05:30,741.9682428,744.4745432,715.9112354,730.5429077,51187003
2020-06-17 00:00:00+05:30,726.2752913,738.5586354,723.4980186,729.4816284,41782053
2020-06-18 00:00:00+05:30,725.7108571,751.9032611,725.0786081,747.7937622,40471557
2020-06-19 00:00:00+05:30,754.1611973,807.8105014,750.5484912,794.5336914,105804173
2020-06-22 00:00:00+05:30,800.8560305,814.7650899,783.5148136,788.5501099,60198705
2020-06-23 00:00:00+05:30,790.2887548,796.4981856,774.9797402,777.1473999,37962078
2020-06-24 00:00:00+05:30,783.921292,800.5399568,772.9927489,780.2859497,51586221
2020-06-25 00:00:00+05:30,779.9021017,789.837179,773.6023667,775.7926025,39679374
2020-06-26 00:00:00+05:30,780.7149416,791.1919029,775.386097,786.5178833,30921913
2020-06-29 00:00:00+05:30,780.3762026,785.6598351,774.7312936,778.1633911,25621946
2020-06-30 00:00:00+05:30,784.4180409,786.2243642,765.6994456,769.5606079,30276420
2020-07-01 00:00:00+05:30,776.7409392,789.8371415,771.3443662,784.6889648,28464103
2020-07-02 00:00:00+05:30,790.3307243,801.4851429,786.7259245,798.1977539,28789533
2020-07-03 00:00:00+05:30,807.0169547,813.0023065,801.6664846,810.6897583,29434266
2020-07-06 00:00:00+05:30,818.4434654,842.4753051,812.594181,839.6640625,47016185
2020-07-07 00:00:00+05:30,843.3821558,845.3545651,819.0329065,826.8092041,35189589
2020-07-08 00:00:00+05:30,827.0813187,832.0237061,811.6420024,815.2694702,26204095
2020-07-09 00:00:00+05:30,820.2571396,832.0463194,809.9415549,827.171936,36418942
2020-07-10 00:00:00+05:30,829.0990778,854.5365672,827.1719444,851.5665894,43759967
2020-07-13 00:00:00+05:30,863.0383907,883.148079,861.5193998,877.3895264,69608392
2020-07-14 00:00:00+05:30,876.9361375,880.4275379,855.7608761,869.2277832,67331128
2020-07-15 00:00:00+05:30,878.7271917,897.249887,815.2695277,836.1273193,139669773
2020-07-16 00:00:00+05:30,837.487494,847.4629996,821.8214399,835.8551636,60961724
2020-07-17 00:00:00+05:30,836.5807151,870.5880603,833.4066658,866.824585,49726765
2020-07-20 00:00:00+05:30,869.5904908,876.029201,861.3607146,870.5426636,36592938
2020-07-21 00:00:00+05:30,879.2031843,896.4335648,878.0696082,893.9623413,42173371
2020-07-22 00:00:00+05:30,899.1542423,911.3969015,889.042728,908.6763306,59771457
2020-07-23 00:00:00+05:30,908.6535487,943.0009721,902.9403321,933.0708618,58333751
2020-07-24 00:00:00+05:30,933.1615027,980.7717596,933.070831,973.1314697,120597372
2020-07-27 00:00:00+05:30,987.9361195,997.0047293,964.8564523,977.6885376,80304827
2020-07-28 00:00:00+05:30,977.6884888,994.8281989,975.1719293,987.4372559,55114422
2020-07-29 00:00:00+05:30,987.52796,989.7497165,938.806734,950.6866455,72663399
2020-07-30 00:00:00+05:30,951.7522659,970.206896,939.509607,956.2185669,72857444
2020-07-31 00:00:00+05:30,958.7804524,965.3551703,930.8037346,937.2877808,74958061
2020-08-03 00:00:00+05:30,930.1235432,932.7081064,908.2681255,910.9434204,46715383
2020-08-04 00:00:00+05:30,916.2032119,982.5855096,906.9758674,975.149231,92041055
2020-08-05 00:00:00+05:30,983.4923741,995.734972,960.5033813,964.1988525,74549993
2020-08-06 00:00:00+05:30,978.0512527,982.9029684,955.7424157,967.6676636,49322975
2020-08-07 00:00:00+05:30,965.7178381,978.4139143,961.3649371,973.2674561,32984416
2020-08-10 00:00:00+05:30,979.0033749,981.6786096,955.8783753,961.2061768,26958997
2020-08-11 00:00:00+05:30,967.9850347,979.4115278,952.3643158,967.5316162,46828306
2020-08-12 00:00:00+05:30,961.7276302,972.6100327,955.2889203,964.7202759,30264617
2020-08-13 00:00:00+05:30,964.9016992,969.8440863,956.7399271,962.2037964,24830322
2020-08-14 00:00:00+05:30,962.430438,978.0511559,947.3312022,958.4629517,33224635
2020-08-17 00:00:00+05:30,954.4728114,954.4728114,938.6480809,948.2835083,30979066
2020-08-18 00:00:00+05:30,945.404185,967.758357,944.2026051,960.6168213,30547672
2020-08-19 00:00:00+05:30,970.7963711,976.6909913,961.8864371,966.5114136,34087543
2020-08-20 00:00:00+05:30,961.2742374,963.0426354,946.764427,950.867981,22537845
2020-08-21 00:00:00+05:30,960.3674398,962.1811737,941.7767425,943.9758911,25280895
2020-08-24 00:00:00+05:30,948.3061552,954.246051,938.8294034,950.2785645,32717218
2020-08-25 00:00:00+05:30,954.9262409,957.3294607,942.2301637,944.0892334,19388008
2020-08-26 00:00:00+05:30,945.404224,973.9477001,928.1738419,969.1186523,59870421
2020-08-27 00:00:00+05:30,973.9703303,974.8772272,953.6792993,957.0120239,28085062
2020-08-28 00:00:00+05:30,961.2742345,967.1235185,955.0395958,959.5285645,27166900
2020-08-31 00:00:00+05:30,985.7595292,985.7595292,934.2270625,943.4544067,62076132
2020-09-01 00:00:00+05:30,952.2055975,962.3624465,935.1565603,946.4243774,38616258
2020-09-02 00:00:00+05:30,948.5782148,969.4360647,945.4042254,964.9924316,26949439
2020-09-03 00:00:00+05:30,964.9017394,969.7761229,953.5659776,957.6921997,18586429
2020-09-04 00:00:00+05:30,944.746714,950.8226775,939.6002554,941.8900757,28475945
2020-09-07 00:00:00+05:30,944.950777,954.8128835,926.9268381,944.338623,21926473
2020-09-08 00:00:00+05:30,948.5781354,961.7276301,943.3636733,955.4249878,27397082
2020-09-09 00:00:00+05:30,945.4042413,982.9483239,943.7945187,980.0236816,55310877
2020-09-10 00:00:00+05:30,989.8858259,1063.273715,986.3716978,1049.23999,140304404
2020-09-11 00:00:00+05:30,1048.33316,1060.054276,1037.042734,1051.847168,59470807
2020-09-14 00:00:00+05:30,1054.227796,1070.097863,1034.730141,1044.048218,44063445
2020-09-15 00:00:00+05:30,1048.310434,1054.56774,1037.518702,1051.439087,27178393
2020-09-16 00:00:00+05:30,1051.960541,1074.337382,1047.675703,1054.023682,33952295
2020-09-17 00:00:00+05:30,1051.960503,1058.172594,1039.196422,1042.325195,25828669
2020-09-18 00:00:00+05:30,1049.353255,1051.711079,1032.258882,1045.47644,33074915
2020-09-21 00:00:00+05:30,1042.891758,1059.215301,1019.018597,1022.872864,33627381
2020-09-22 00:00:00+05:30,1032.462948,1032.462948,998.251592,1002.604553,34792254
2020-09-23 00:00:00+05:30,1024.754631,1032.349585,999.9519636,1011.514404,42988708
2020-09-24 00:00:00+05:30,1001.130945,1009.337993,986.6891368,989.024353,29826318
2020-09-25 00:00:00+05:30,992.5610883,1003.35276,982.7216491,998.3196411,28374935
2020-09-28 00:00:00+05:30,1009.791437,1014.77922,1000.745495,1004.917053,19666849
2020-09-29 00:00:00+05:30,1008.884553,1026.568293,1004.917007,1017.97583,25842539
2020-09-30 00:00:00+05:30,1024.754589,1027.928579,1008.884524,1013.124146,24465159
2020-10-01 00:00:00+05:30,1026.477654,1026.477654,1003.896802,1008.997925,20783227
2020-10-05 00:00:00+05:30,1017.499707,1019.834863,1000.269385,1003.080627,18922799
2020-10-06 00:00:00+05:30,1008.997943,1012.920093,998.2969426,1002.241821,18412175
2020-10-07 00:00:00+05:30,1013.418909,1046.972836,1006.617452,1023.621155,53170865
2020-10-08 00:00:00+05:30,1024.301156,1028.382102,1007.569589,1015.345886,21077808
2020-10-09 00:00:00+05:30,1013.41889,1021.580662,1005.302454,1012.716064,18545499
2020-10-12 00:00:00+05:30,1013.418884,1022.827512,1009.451397,1014.348389,14226473
2020-10-13 00:00:00+05:30,1011.423648,1036.430445,1009.269836,1034.140625,23112012
2020-10-14 00:00:00+05:30,1033.324516,1044.705613,1028.608749,1037.223999,26742011
2020-10-15 00:00:00+05:30,1038.357523,1038.357523,995.2815706,1000.496033,20036197
2020-10-16 00:00:00+05:30,1004.350214,1012.285187,985.1473645,986.5756836,21583600
2020-10-19 00:00:00+05:30,993.0371147,1010.562239,977.2123845,986.7570801,31200385
2020-10-20 00:00:00+05:30,988.0267509,994.3747896,975.8974318,977.5524902,18482288
2020-10-21 00:00:00+05:30,983.0390455,993.921389,951.1854522,963.3601074,34082321
2020-10-22 00:00:00+05:30,964.6296138,966.9421018,948.1247264,955.3569336,30802210
2020-10-23 00:00:00+05:30,954.9262685,968.0757646,950.5733671,958.1229858,23422125
2020-10-26 00:00:00+05:30,953.0898169,953.0898169,915.2509934,920.057373,37324416
2020-10-27 00:00:00+05:30,922.6872638,934.0003573,909.1296859,922.5059204,36478896
2020-10-28 00:00:00+05:30,925.8159104,933.0255098,910.2179196,912.0543213,29924017
2020-10-29 00:00:00+05:30,905.5022363,925.9066673,902.7816655,919.0598145,30655304
2020-10-30 00:00:00+05:30,922.0524364,936.3809035,916.7473025,931.5745239,34021563
2020-11-02 00:00:00+05:30,919.1051762,919.1051762,842.9967755,851.2945557,99366895
2020-11-03 00:00:00+05:30,856.9850494,865.6002399,832.0917105,839.0291748,88691623
2020-11-04 00:00:00+05:30,832.9532051,874.6689021,832.9532051,867.5046387,80180117
2020-11-05 00:00:00+05:30,886.435462,889.1560328,876.0292051,886.4581299,37205373
2020-11-06 00:00:00+05:30,902.3282736,924.9997976,896.9550757,920.0800781,66674086
2020-11-09 00:00:00+05:30,935.0205667,938.14922,923.1859913,929.8514404,35838510
2020-11-10 00:00:00+05:30,941.7767378,947.6713579,925.5439247,945.2001343,36934242
2020-11-11 00:00:00+05:30,947.2178582,949.9384288,896.9323085,905.5928345,56724780
2020-11-12 00:00:00+05:30,898.2473627,910.6940326,890.9924273,897.7938843,40046527
2020-11-13 00:00:00+05:30,898.700721,923.4807196,898.5873814,905.2301025,45388670
2020-11-14 00:00:00+05:30,913.6186107,913.7999541,904.7540133,907.9053345,5226220
2020-11-17 00:00:00+05:30,945.4042408,945.4042408,900.0610724,903.8018799,46542562
2020-11-18 00:00:00+05:30,903.8018325,909.809852,888.7705995,901.0585938,30402290
2020-11-19 00:00:00+05:30,901.0585724,911.6008364,892.4433819,894.6878662,27796343
2020-11-20 00:00:00+05:30,895.5266861,899.5169004,859.2521906,861.2926636,57471248
2020-11-23 00:00:00+05:30,884.6443694,893.25956,873.4219476,884.5083618,45327567
2020-11-24 00:00:00+05:30,890.5389776,895.0732821,876.0291672,890.5616455,30936268
2020-11-25 00:00:00+05:30,897.7938413,903.6657932,880.6541921,883.1933594,32637879
2020-11-26 00:00:00+05:30,885.5739443,890.992418,875.1450197,885.369873,25838637
2020-11-27 00:00:00+05:30,879.8833317,886.9568637,871.2228051,875.0316162,47336811
2020-12-01 00:00:00+05:30,879.8153351,891.5592393,875.1450229,886.4127808,19750687
2020-12-02 00:00:00+05:30,888.0451501,889.6322048,877.3895457,887.8864746,22188887
2020-12-03 00:00:00+05:30,894.1664452,898.2926671,888.1130899,890.5616455,27785372
2020-12-04 00:00:00+05:30,892.806069,892.806069,879.6565748,882.7172241,18464552
2020-12-07 00:00:00+05:30,879.9286891,890.992375,879.9286891,887.9090576,18242188
2020-12-08 00:00:00+05:30,889.2467387,913.3239128,884.1909519,904.0285645,43403061
2020-12-09 00:00:00+05:30,911.3742253,922.1885651,906.5225095,919.0825195,29175254
2020-12-10 00:00:00+05:30,916.6565508,919.7852039,907.3158675,910.036438,16065507
2020-12-11 00:00:00+05:30,912.7571538,924.092976,895.1866924,909.4924927,26944202
2020-12-14 00:00:00+05:30,910.467282,913.6639991,900.6731792,902.9176636,17312747
2020-12-15 00:00:00+05:30,902.1921882,902.1921882,889.224036,895.2320557,18551265
2020-12-16 00:00:00+05:30,901.4212863,904.5726673,891.3097732,896.2294922,18561011
2020-12-17 00:00:00+05:30,899.8344365,909.1297859,896.5017115,900.3331909,20252358
2020-12-18 00:00:00+05:30,897.8392108,909.0842999,890.9923585,903.0309448,18466344
2020-12-21 00:00:00+05:30,911.3967647,916.8379058,841.2282692,879.5205078,44135540
2020-12-22 00:00:00+05:30,883.7375485,888.2265173,856.2822534,878.1603394,28140001
2020-12-23 00:00:00+05:30,875.1223094,884.8484079,870.882688,881.4023438,19501410
2020-12-24 00:00:00+05:30,882.8306299,906.3183778,882.3318755,904.2099609,20776988
2020-12-28 00:00:00+05:30,909.9005455,915.0243363,904.731419,908.3588867,17221499
2020-12-29 00:00:00+05:30,910.9434138,912.4397367,898.9501027,902.3508911,18611939
2020-12-30 00:00:00+05:30,904.7086819,910.1271552,895.7760807,904.8220215,22043630
2020-12-31 00:00:00+05:30,903.9152831,912.2583993,897.1591617,900.1971436,18781189
2021-01-01 00:00:00+05:30,901.4213204,905.5022064,898.7007496,901.1946411,10015175
2021-01-04 00:00:00+05:30,904.6407576,906.3637598,892.3527629,902.7136841,24513534
2021-01-05 00:00:00+05:30,892.8061305,899.4262438,886.9115106,891.4912109,24123091
2021-01-06 00:00:00+05:30,891.4005201,891.4458559,863.8546129,867.980835,46401468
2021-01-07 00:00:00+05:30,870.8146344,881.9237156,863.8545027,866.5750732,32325918
2021-01-08 00:00:00+05:30,869.6811807,878.9311937,867.0059457,876.8000488,27540187
2021-01-11 00:00:00+05:30,879.1124427,879.1124427,858.1185874,860.2723999,33307825
2021-01-12 00:00:00+05:30,862.8797693,888.7253439,861.474118,887.3877563,41161546
2021-01-13 00:00:00+05:30,890.3349713,895.504098,869.8852637,879.1125488,26619458
2021-01-14 00:00:00+05:30,881.9237827,891.8539527,879.2258799,888.9973145,21553242
2021-01-15 00:00:00+05:30,888.9972941,894.9825854,870.6106694,878.5003662,20593268
2021-01-18 00:00:00+05:30,883.7828982,905.502249,872.1070575,899.5849609,35100458
2021-01-19 00:00:00+05:30,904.4366615,920.9188817,904.4366615,914.2988281,32006615
2021-01-20 00:00:00+05:30,916.5659852,933.1615451,907.4973159,931.6652222,30924537
2021-01-21 00:00:00+05:30,944.0438358,961.2742166,940.8698467,951.9335327,39087742
2021-01-22 00:00:00+05:30,957.1933717,959.165841,922.8006124,929.3527222,30532660
2021-01-25 00:00:00+05:30,922.7099125,922.7099125,876.0291604,880.1100464,54207104
2021-01-27 00:00:00+05:30,872.8551707,872.8551707,856.0782081,859.2521973,42370131
2021-01-28 00:00:00+05:30,852.518744,872.084341,847.9164357,850.8864136,34067814
2021-01-29 00:00:00+05:30,858.9347876,867.4593064,829.7791594,835.1976929,43712383
2021-02-01 00:00:00+05:30,843.1100368,863.7864815,837.9409106,859.3882446,34180952
2021-02-02 00:00:00+05:30,867.9807656,879.6566053,841.0922903,873.2178955,41470034
2021-02-03 00:00:00+05:30,874.3516028,885.0978794,861.5194572,875.4171753,30301696
2021-02-04 00:00:00+05:30,872.4016522,879.656587,863.7864621,872.5377197,25626981
2021-02-05 00:00:00+05:30,875.1450294,881.7651431,870.5880568,872.2883911,20248046
2021-02-08 00:00:00+05:30,876.5052136,892.8060891,874.6915398,884.8483887,21183400
2021-02-09 00:00:00+05:30,889.6095735,902.1469161,885.233944,886.9796143,19604141
2021-02-10 00:00:00+05:30,885.8913938,899.9477267,873.8980819,895.2093506,21234156
2021-02-11 00:00:00+05:30,897.7938372,935.9727981,894.2797692,932.1185913,42539278
2021-02-12 00:00:00+05:30,932.0279221,942.2301071,913.8453085,925.7252197,30497029
2021-02-15 00:00:00+05:30,928.6498762,934.6578357,918.1982839,921.6443481,15791099
2021-02-16 00:00:00+05:30,924.8864054,942.864948,922.7325927,933.8416748,21421660
2021-02-17 00:00:00+05:30,934.068333,950.369209,929.8061036,944.6106567,23742994
2021-02-18 00:00:00+05:30,945.4041757,956.0144435,933.6602718,937.5598145,18646877
2021-02-19 00:00:00+05:30,932.7081992,954.4502194,931.0304728,943.2731323,23403483
2021-02-22 00:00:00+05:30,943.1370314,947.6260001,904.5727146,910.5352783,23804335
2021-02-23 00:00:00+05:30,928.6272337,930.8490501,913.0291825,917.4954834,25644108
2021-02-24 00:00:00+05:30,920.4655184,936.4489852,918.7197882,934.5219116,10807663
2021-02-25 00:00:00+05:30,941.3233368,975.784101,939.9630214,972.3153687,34855693
2021-02-26 00:00:00+05:30,959.9139703,967.576928,938.9200542,945.7669067,37481215
2021-03-01 00:00:00+05:30,956.8306485,957.6468737,935.2019694,952.9765015,17680764
2021-03-02 00:00:00+05:30,962.1811438,965.8085514,947.2632506,954.9262085,17150760
2021-03-03 00:00:00+05:30,961.7503937,1006.572077,955.4703591,998.5009766,31924461
2021-03-04 00:00:00+05:30,988.4801263,992.9917629,978.3686128,986.5983887,21435754
2021-03-05 00:00:00+05:30,977.5977683,1002.967253,976.2601209,987.890625,25511666
2021-03-08 00:00:00+05:30,983.2656636,1012.013209,983.0389844,993.5132446,19506841
2021-03-09 00:00:00+05:30,997.5487578,1003.806125,973.3355759,993.4905396,15154484
2021-03-10 00:00:00+05:30,1000.722747,1004.39555,984.0591241,989.3642578,11519358
2021-03-12 00:00:00+05:30,995.2816158,1000.450742,963.0426687,969.2546997,16864952
2021-03-15 00:00:00+05:30,970.3656072,974.3784296,943.3637305,956.2412109,16698099
2021-03-16 00:00:00+05:30,958.5536855,963.9948871,950.165234,952.4777222,13873801
2021-03-17 00:00:00+05:30,951.3215497,953.5660342,922.7780125,931.960022,19210236
2021-03-18 00:00:00+05:30,939.9176595,945.3135252,907.315966,910.9887695,20647480
2021-03-19 00:00:00+05:30,902.7816056,950.3238576,899.0634664,944.0438232,41787429
2021-03-22 00:00:00+05:30,939.056159,940.4164144,921.916449,935.1566162,18572478
2021-03-23 00:00:00+05:30,934.9526119,956.6039587,932.254709,946.5377808,17421165
2021-03-24 00:00:00+05:30,943.0236985,943.0236985,925.1812219,928.3098755,16822814
2021-03-25 00:00:00+05:30,931.3477881,931.3477881,900.0610147,902.9856567,22001648
2021-03-26 00:00:00+05:30,912.3036747,913.0745041,894.9372858,904.4366455,20180202
2021-03-30 00:00:00+05:30,910.4899154,929.0352757,903.030969,920.1480103,20441701
2021-03-31 00:00:00+05:30,915.0243084,929.4887233,906.4090578,908.2681274,16250796
2021-04-01 00:00:00+05:30,915.0242884,920.4654298,908.2907755,916.7699585,11723312
2021-04-05 00:00:00+05:30,918.1756272,918.1982951,889.6774882,903.5071411,14875099
2021-04-06 00:00:00+05:30,908.6763154,909.107066,892.8061886,899.7437134,14009194
2021-04-07 00:00:00+05:30,906.8625945,928.1285275,903.8246126,908.1548462,24266353
2021-04-08 00:00:00+05:30,911.8502253,916.8379481,903.6884533,909.2883301,15369188
2021-04-09 00:00:00+05:30,906.159667,909.7417387,897.7938239,898.7233887,14037885
2021-04-12 00:00:00+05:30,888.2717534,889.3599936,861.6326865,866.5750732,20901482
2021-04-13 00:00:00+05:30,872.4018023,879.9288135,869.6132275,875.9385986,19411189
2021-04-15 00:00:00+05:30,873.4446121,889.1786705,867.4139846,881.6063843,19723716
2021-04-16 00:00:00+05:30,878.1150582,884.1456861,873.5126895,876.074585,15656948
2021-04-19 00:00:00+05:30,863.3331266,868.9556717,856.9850881,862.2902222,18478808
2021-04-20 00:00:00+05:30,866.280394,870.1345408,857.1891171,862.0408325,17203668
2021-04-22 00:00:00+05:30,858.0052836,868.0714612,850.9544198,864.4213257,14490954
2021-04-23 00:00:00+05:30,864.2400438,870.0892682,859.410996,863.4918823,11828857
2021-04-26 00:00:00+05:30,870.5880541,889.6321696,866.7338471,878.6817627,20846778
2021-04-27 00:00:00+05:30,879.6566953,905.5929405,878.863198,901.7161255,19992524
2021-04-28 00:00:00+05:30,905.8876518,910.4899602,897.8619469,905.6382446,17122437
2021-04-29 00:00:00+05:30,917.2460959,927.0402589,910.1726237,917.7675781,17412606
2021-04-30 00:00:00+05:30,910.7166908,923.1860285,901.217331,904.3686523,19828769
2021-05-03 00:00:00+05:30,891.4458159,897.3404357,881.0622873,888.2944946,23640186
2021-05-04 00:00:00+05:30,884.1908962,892.2619962,866.5070974,869.0462646,21849830
2021-05-05 00:00:00+05:30,872.1070779,878.9765389,865.1695531,870.6334229,12393609
2021-05-06 00:00:00+05:30,871.4268548,877.3894784,864.5119985,875.5757446,14624666
2021-05-07 00:00:00+05:30,878.6364645,886.7529013,873.3086623,875.9158936,12288548
2021-05-10 00:00:00+05:30,879.2031789,882.7399146,871.0187392,873.399231,13941237
2021-05-11 00:00:00+05:30,868.3208227,878.9990937,866.0536106,876.5505981,13478264
2021-05-12 00:00:00+05:30,875.1676805,876.4372642,864.6934201,867.4819946,13177961
2021-05-14 00:00:00+05:30,874.2380875,880.5634578,864.2399738,878.432373,13291616
2021-05-17 00:00:00+05:30,878.43238,890.2895634,875.3036667,888.8839722,11873078
2021-05-18 00:00:00+05:30,898.2473603,908.0414632,894.3931534,901.3986816,12064918
2021-05-19 00:00:00+05:30,897.7938805,914.3214965,894.1664728,905.5249023,16317002
2021-05-20 00:00:00+05:30,905.9103738,911.8049943,898.2474153,900.2424927,11422532
2021-05-21 00:00:00+05:30,903.235087,911.215456,900.5145162,908.0187988,10785605
2021-05-24 00:00:00+05:30,910.4898939,911.306119,898.7007146,900.3557129,8551760
2021-05-25 00:00:00+05:30,905.2301951,905.5022701,888.7253063,890.1536255,14780102
2021-05-26 00:00:00+05:30,895.5267109,897.567184,891.1284739,893.2822266,7480204
2021-05-27 00:00:00+05:30,893.3956137,903.6884705,889.7454782,896.0255127,26819294
2021-05-28 00:00:00+05:30,902.3281939,954.4727544,902.3281939,949.8477783,56469931
2021-05-31 00:00:00+05:30,953.112488,993.7852821,945.4268621,979.5475464,59124142
2021-06-01 00:00:00+05:30,982.132103,998.4556475,973.2901731,983.4470825,28013832
2021-06-02 00:00:00+05:30,978.0511883,1001.856347,978.0511883,998.1155396,24630162
2021-06-03 00:00:00+05:30,1007.070715,1020.220269,995.7803497,1001.924316,23974257
2021-06-04 00:00:00+05:30,1004.259562,1005.007723,990.4072405,993.2412109,14468646
2021-06-07 00:00:00+05:30,998.4556731,1016.592892,990.7473191,1009.972778,16336573
2021-06-08 00:00:00+05:30,1009.610086,1009.859433,996.7099375,1004.168884,9674735
2021-06-09 00:00:00+05:30,1006.163841,1007.070678,978.4818697,986.2128906,11409161
2021-06-10 00:00:00+05:30,994.5561634,1011.151784,987.3692914,989.8405151,14155653
2021-06-11 00:00:00+05:30,993.2457555,1013.766814,991.9716856,1007.009827,13762778
2021-06-14 00:00:00+05:30,1007.85176,1027.531003,998.7742214,1021.456604,20332436
2021-06-15 00:00:00+05:30,1028.782271,1035.106887,1019.363469,1023.7771,15174215
2021-06-16 00:00:00+05:30,1021.456502,1022.434741,1003.688245,1006.304565,10797349
2021-06-17 00:00:00+05:30,1001.026461,1016.951914,991.8807423,1008.1474,15745975
2021-06-18 00:00:00+05:30,1012.629269,1016.951912,993.9055194,1012.69751,29369026
2021-06-21 00:00:00+05:30,1002.618988,1022.639433,1001.094701,1017.975586,12186448
2021-06-22 00:00:00+05:30,1025.597054,1028.782229,1009.83089,1012.742981,12871913
2021-06-23 00:00:00+05:30,1023.777093,1024.050056,1001.799987,1003.460815,16653951
2021-06-24 00:00:00+05:30,1004.143379,1007.669698,973.7258293,979.8684692,91461975
2021-06-25 00:00:00+05:30,979.8683558,979.8683558,946.9254774,957.5499878,55355022
2021-06-28 00:00:00+05:30,965.5355426,967.5830691,946.8800342,949.1550903,20277042
2021-06-29 00:00:00+05:30,950.7476378,959.620393,948.290606,949.9741211,27144063
2021-06-30 00:00:00+05:30,953.8189497,965.8312655,951.4529058,960.3711548,19762858
2021-07-01 00:00:00+05:30,963.7155009,966.0587979,953.2502185,954.5925293,12534407
2021-07-02 00:00:00+05:30,954.1601447,970.4951021,952.3173409,968.7432861,14086620
2021-07-05 00:00:00+05:30,972.1103871,979.8911076,969.8580781,978.3668213,11702287
2021-07-06 00:00:00+05:30,975.9780344,977.7752841,964.716489,966.8095093,10070124
2021-07-07 00:00:00+05:30,968.1518276,968.1518276,954.6152261,960.0980835,10454892
2021-07-08 00:00:00+05:30,963.2377121,963.2377121,946.8800072,952.1581421,11185460
2021-07-09 00:00:00+05:30,950.0651388,951.7487142,940.1004093,942.4209595,9037675
2021-07-12 00:00:00+05:30,946.3112426,956.207791,943.9224517,948.2905884,8585292
2021-07-13 00:00:00+05:30,955.5252146,956.9130192,950.087791,955.3887329,6717133
2021-07-14 00:00:00+05:30,955.6844882,958.6420732,946.993769,949.1550903,8532544
2021-07-15 00:00:00+05:30,953.2502049,953.2502049,945.7425076,947.4943237,9448356
2021-07-16 00:00:00+05:30,949.9513673,962.2367067,949.8831264,961.1674194,8828185
2021-07-19 00:00:00+05:30,955.5252315,966.4455126,951.9989126,955.0474854,8354449
2021-07-20 00:00:00+05:30,955.2977362,959.1653798,948.2450983,952.7041626,6741464
2021-07-22 00:00:00+05:30,964.1705141,966.4000764,954.6835309,964.9440308,7972397
2021-07-23 00:00:00+05:30,971.2003764,971.2003764,956.4579462,958.1187744,9937030
2021-07-26 00:00:00+05:30,959.1653976,965.0805076,942.3754396,944.9917603,12389668
2021-07-27 00:00:00+05:30,944.9689778,948.1085383,929.1345729,935.0496826,10824523
2021-07-28 00:00:00+05:30,936.4147327,936.4147327,917.4179602,927.0187378,12897848
2021-07-29 00:00:00+05:30,934.5946824,943.8769426,929.7715466,934.253418,13765738
2021-07-30 00:00:00+05:30,936.4147388,940.942104,924.1748936,926.0859985,11350608
2021-08-02 00:00:00+05:30,934.7312372,946.1520118,928.7478264,943.0124512,10925104
2021-08-03 00:00:00+05:30,950.9751483,951.4301475,939.2358562,949.951355,11817299
2021-08-04 00:00:00+05:30,952.9771655,961.8954143,949.6100753,957.2315674,13169800
2021-08-05 00:00:00+05:30,962.0318379,980.4598153,957.4589791,971.109375,21252078
2021-08-06 00:00:00+05:30,969.1528623,976.8880893,945.8562535,950.5429077,16620987
2021-08-09 00:00:00+05:30,946.8799898,950.8841149,940.2822913,945.1281738,7494143
2021-08-10 00:00:00+05:30,947.3349665,961.4403616,943.5811181,950.0877686,11919198
2021-08-11 00:00:00+05:30,954.1373988,964.6254274,947.9720127,963.3969116,9184963
2021-08-12 00:00:00+05:30,966.8550624,967.4466035,957.8003316,960.3029175,8137612
2021-08-13 00:00:00+05:30,963.3969421,978.2303606,959.5975997,976.2965088,12780901
2021-08-16 00:00:00+05:30,977.9801057,1002.391495,968.333834,988.9686279,21935444
2021-08-17 00:00:00+05:30,986.8529073,994.2923038,977.297623,984.7598267,12658169
2021-08-18 00:00:00+05:30,989.1961362,995.020258,979.4588769,988.5818481,10075860
2021-08-20 00:00:00+05:30,975.0907632,988.2861008,972.3607079,977.4796143,9426282
2021-08-23 00:00:00+05:30,989.1960842,989.1960842,970.2220598,983.8952026,9854395
2021-08-24 00:00:00+05:30,985.123745,997.3863366,980.8238494,993.6097412,11864472
2021-08-25 00:00:00+05:30,994.3833786,1010.126797,991.9717804,1002.209534,13380559
2021-08-26 00:00:00+05:30,1004.666525,1021.456482,1003.301468,1014.881531,18589616
2021-08-27 00:00:00+05:30,1017.861911,1020.478292,1008.329434,1013.493774,10480636
2021-08-30 00:00:00+05:30,1023.777129,1035.539229,1017.770971,1032.991089,14027062
2021-08-31 00:00:00+05:30,1036.016904,1039.133718,1020.250739,1027.485474,26485463
2021-09-01 00:00:00+05:30,1034.242361,1043.297092,1029.692249,1031.557739,11145486
2021-09-02 00:00:00+05:30,1026.052128,1050.07676,1026.052128,1043.979614,9956770
2021-09-03 00:00:00+05:30,1051.077774,1089.75385,1047.66525,1086.796265,30664428
2021-09-06 00:00:00+05:30,1097.944052,1128.4299,1097.488992,1103.677246,33641710
2021-09-07 00:00:00+05:30,1105.679238,1118.419577,1097.489012,1110.638916,17349882
2021-09-08 00:00:00+05:30,1115.689389,1116.599387,1095.054538,1106.293335,14301651
2021-09-09 00:00:00+05:30,1104.723726,1109.251092,1099.354603,1103.677246,8963249
2021-09-13 00:00:00+05:30,1107.044319,1107.044319,1077.491335,1079.083862,16311160
2021-09-14 00:00:00+05:30,1080.653672,1089.298838,1076.558498,1077.67334,8908356
2021-09-15 00:00:00+05:30,1077.696027,1090.095041,1077.696027,1082.155151,9071075
2021-09-16 00:00:00+05:30,1083.633834,1108.750437,1077.013389,1104.860107,13448882
2021-09-17 00:00:00+05:30,1112.959465,1117.441337,1080.926582,1087.729004,34882133
2021-09-20 00:00:00+05:30,1079.333931,1100.378228,1078.378438,1089.458008,11779819
2021-09-21 00:00:00+05:30,1094.303962,1099.582097,1084.748678,1094.16748,9915736
2021-09-22 00:00:00+05:30,1095.668926,1111.139259,1091.232549,1105.906738,10995912
2021-09-23 00:00:00+05:30,1113.596412,1136.164996,1112.731907,1132.934448,15748397
2021-09-24 00:00:00+05:30,1139.145368,1140.009873,1124.789756,1129.658325,15192163
2021-09-27 00:00:00+05:30,1131.614916,1151.134928,1126.291287,1148.655029,15373834
2021-09-28 00:00:00+05:30,1153.000456,1167.060359,1143.354184,1159.393433,18035258
2021-09-29 00:00:00+05:30,1169.38096,1169.38096,1146.653144,1150.202271,9719875
2021-09-30 00:00:00+05:30,1148.905443,1153.27358,1137.689391,1146.289063,13590654
2021-10-01 00:00:00+05:30,1138.417355,1155.639564,1135.255047,1148.313843,8958928
2021-10-04 00:00:00+05:30,1161.645681,1171.587663,1154.3882,1163.078979,10918552
2021-10-05 00:00:00+05:30,1162.601235,1188.491477,1159.074855,1187.217407,13533634
2021-10-06 00:00:00+05:30,1192.108616,1192.108616,1160.781133,1164.762451,10258881
2021-10-07 00:00:00+05:30,1180.756086,1182.462468,1168.334326,1170.4729,6336665
2021-10-08 00:00:00+05:30,1176.319794,1221.434339,1174.613532,1215.450928,15772493
2021-10-11 00:00:00+05:30,1229.169311,1237.632499,1203.665891,1206.987427,14768666
2021-10-12 00:00:00+05:30,1203.506808,1220.797258,1201.800425,1213.880981,6682011
2021-10-13 00:00:00+05:30,1218.977017,1237.405054,1214.563387,1226.234497,9959762
2021-10-14 00:00:00+05:30,1228.691731,1236.472512,1222.70832,1228.714478,8623469
2021-10-18 00:00:00+05:30,1214.245091,1249.007967,1211.378494,1231.990601,13594479
2021-10-19 00:00:00+05:30,1239.361797,1251.897414,1232.172677,1243.024658,8833409
2021-10-20 00:00:00+05:30,1247.984274,1247.984274,1224.664918,1228.714478,12710570
2021-10-21 00:00:00+05:30,1240.999848,1241.272811,1184.487276,1193.269043,20831669
2021-10-22 00:00:00+05:30,1192.131385,1212.561515,1188.263802,1195.498535,11027475
2021-10-25 00:00:00+05:30,1219.432353,1219.432353,1169.380993,1183.850342,17198417
2021-10-26 00:00:00+05:30,1190.811994,1214.381565,1184.464512,1210.809692,9750178
2021-10-27 00:00:00+05:30,1206.69184,1217.976132,1192.108638,1195.498535,9896298
2021-10-28 00:00:00+05:30,1192.131424,1200.298903,1178.708678,1182.394165,9886181
2021-10-29 00:00:00+05:30,1181.279472,1181.279472,1138.303622,1154.024292,14233025
2021-11-01 00:00:00+05:30,1154.024338,1163.010828,1134.845529,1154.729614,15481114
2021-11-02 00:00:00+05:30,1158.005597,1159.370654,1135.36877,1137.894043,10569130
2021-11-03 00:00:00+05:30,1140.282816,1146.630298,1119.784565,1130.067871,11989430
2021-11-04 00:00:00+05:30,1134.322214,1139.759698,1132.980024,1137.006836,1705656
2021-11-08 00:00:00+05:30,1146.357248,1146.630331,1117.691516,1138.417358,20337183
2021-11-09 00:00:00+05:30,1139.805245,1150.679973,1131.637765,1147.403931,15682497
2021-11-10 00:00:00+05:30,1145.128726,1163.920715,1139.190809,1160.235107,10253470
2021-11-11 00:00:00+05:30,1155.753375,1169.608435,1153.705788,1162.351074,10722478
2021-11-12 00:00:00+05:30,1166.150398,1182.462611,1163.465777,1179.891724,8712341
2021-11-15 00:00:00+05:30,1183.031265,1184.032371,1169.380928,1172.930054,4803269
2021-11-16 00:00:00+05:30,1170.313603,1171.655914,1135.255017,1145.674805,11337581
2021-11-17 00:00:00+05:30,1137.052304,1137.052304,1119.7846,1121.149658,10202029
2021-11-18 00:00:00+05:30,1119.329695,1132.525095,1114.802329,1125.381348,8505625
2021-11-22 00:00:00+05:30,1108.454675,1114.32435,1069.733111,1075.534546,24124307
2021-11-23 00:00:00+05:30,1061.565702,1092.597596,1050.622735,1085.590332,25326999
2021-11-24 00:00:00+05:30,1082.928584,1096.533426,1066.34341,1069.915283,16820296
2021-11-25 00:00:00+05:30,1079.743546,1138.440064,1072.531559,1134.322144,42401936
2021-11-26 00:00:00+05:30,1122.878691,1127.337815,1092.711419,1097.762085,15763138
2021-11-29 00:00:00+05:30,1109.820013,1137.530256,1091.619441,1110.911987,24325354
2021-11-30 00:00:00+05:30,1122.969594,1126.564214,1086.955396,1094.48584,32172299
2021-12-01 00:00:00+05:30,1107.044316,1125.699825,1103.449696,1122.514771,10104610
2021-12-02 00:00:00+05:30,1123.743152,1135.800961,1120.057544,1129.726563,12720411
2021-12-03 00:00:00+05:30,1136.80196,1136.847454,1092.028745,1095.782593,19222481
2021-12-06 00:00:00+05:30,1099.309192,1103.404245,1072.531696,1075.011475,10332254
2021-12-07 00:00:00+05:30,1081.176872,1093.848849,1073.828404,1083.770386,11235122
2021-12-08 00:00:00+05:30,1102.994642,1106.498153,1094.895404,1100.264526,8744178
2021-12-09 00:00:00+05:30,1107.954227,1126.109182,1103.404115,1117.714233,13213547
2021-12-10 00:00:00+05:30,1110.343003,1122.059608,1105.838385,1118.851807,8364414
2021-12-13 00:00:00+05:30,1125.472351,1125.745314,1093.848913,1096.4198,12901733
2021-12-14 00:00:00+05:30,1082.928585,1094.758925,1079.925507,1082.996826,12991523
2021-12-15 00:00:00+05:30,1084.748536,1094.303819,1074.328748,1079.834473,9366969
2021-12-16 00:00:00+05:30,1094.622355,1099.08148,1077.764217,1093.803345,9761279
2021-12-17 00:00:00+05:30,1091.14156,1095.668925,1055.627794,1064.932861,21049821
2021-12-20 00:00:00+05:30,1054.649598,1054.649598,1022.457488,1036.22168,14325846
2021-12-21 00:00:00+05:30,1051.6921,1067.458266,1042.978694,1051.646606,12836561
2021-12-22 00:00:00+05:30,1057.857386,1079.243009,1056.537943,1076.603882,17658543
2021-12-23 00:00:00+05:30,1080.198604,1082.928719,1072.941243,1076.217285,9072401
2021-12-24 00:00:00+05:30,1078.378518,1088.388741,1063.61334,1079.652588,7886494
2021-12-27 00:00:00+05:30,1074.533738,1082.018689,1068.413845,1078.49231,4017223
2021-12-28 00:00:00+05:30,1080.926487,1094.235619,1079.766273,1091.300781,6374613
2021-12-29 00:00:00+05:30,1087.933741,1100.674079,1083.884062,1093.166382,15425312
2021-12-30 00:00:00+05:30,1092.028961,1094.281271,1067.276305,1073.418945,29333171
2021-12-31 00:00:00+05:30,1079.743558,1084.703116,1073.828389,1077.536743,9477290
2022-01-03 00:00:00+05:30,1076.10337,1095.646128,1075.443589,1093.780518,5421611
2022-01-04 00:00:00+05:30,1099.263532,1119.78453,1093.848795,1118.464966,10847728
2022-01-05 00:00:00+05:30,1120.239736,1127.064905,1107.02159,1123.697754,11643813
2022-01-06 00:00:00+05:30,1115.325409,1116.599479,1096.123855,1099.536499,14447422
2022-01-07 00:00:00+05:30,1106.111499,1118.442271,1097.284238,1108.409302,13112115
2022-01-10 00:00:00+05:30,1115.689565,1117.964622,1099.33186,1109.319336,9246731
2022-01-11 00:00:00+05:30,1108.409429,1126.132073,1107.954369,1117.304932,16205164
2022-01-12 00:00:00+05:30,1124.471284,1148.882736,1121.604687,1147.130859,14800442
2022-01-13 00:00:00+05:30,1147.199063,1156.185553,1141.352135,1153.591919,11856712
2022-01-14 00:00:00+05:30,1153.455516,1168.152333,1149.292102,1155.275513,19930176
2022-01-17 00:00:00+05:30,1154.820478,1167.105756,1154.365419,1161.304321,8036453
2022-01-18 00:00:00+05:30,1162.441865,1165.899882,1144.696357,1147.449219,6215029
2022-01-19 00:00:00+05:30,1151.180488,1156.640599,1141.625204,1147.358398,9755485
2022-01-20 00:00:00+05:30,1137.552961,1142.05758,1117.054587,1127.269653,16494486
2022-01-21 00:00:00+05:30,1115.68968,1138.553979,1115.68968,1127.45166,13338594
2022-01-24 00:00:00+05:30,1126.154703,1139.691425,1071.59885,1081.973145,21868937
2022-01-25 00:00:00+05:30,1069.07344,1086.864444,1048.802658,1079.8573,24510205
2022-01-27 00:00:00+05:30,1062.908155,1072.053874,1051.555621,1063.863647,20020431
2022-01-28 00:00:00+05:30,1076.103482,1081.06304,1059.450067,1062.839844,14667727
2022-01-31 00:00:00+05:30,1073.919567,1094.941123,1072.09945,1085.931885,12143683
2022-02-01 00:00:00+05:30,1095.669038,1101.402113,1067.958798,1082.337158,13200509
2022-02-02 00:00:00+05:30,1095.21395,1095.21395,1080.699109,1084.543945,10017691
2022-02-03 00:00:00+05:30,1088.388786,1092.688682,1068.004268,1070.529541,9572839
2022-02-04 00:00:00+05:30,1065.183039,1068.572936,1056.12831,1060.769409,11061241
2022-02-07 00:00:00+05:30,1065.638136,1072.372316,1048.802625,1054.30835,10714467
2022-02-08 00:00:00+05:30,1060.47375,1073.828376,1051.077695,1072.031006,12060849
2022-02-09 00:00:00+05:30,1078.901659,1086.204633,1072.918369,1084.521118,11486225
2022-02-10 00:00:00+05:30,1090.072314,1090.072314,1076.149013,1083.406494,12464491
2022-02-11 00:00:00+05:30,1079.857351,1084.976257,1066.593712,1081.290649,15943370
2022-02-14 00:00:00+05:30,1064.841876,1071.530562,1052.442742,1064.068359,10719633
2022-02-15 00:00:00+05:30,1069.824296,1102.90378,1062.771657,1100.196411,11212671
2022-02-16 00:00:00+05:30,1105.679301,1107.044359,1090.186219,1097.921387,10392840
2022-02-17 00:00:00+05:30,1101.17452,1117.008924,1096.578914,1111.821777,12853252
2022-02-18 00:00:00+05:30,1112.23145,1117.691561,1101.197374,1103.131226,6775458
2022-02-21 00:00:00+05:30,1097.48888,1109.09175,1085.021627,1091.983276,11107193
2022-02-22 00:00:00+05:30,1070.597736,1090.163363,1067.981475,1087.023682,13494914
2022-02-23 00:00:00+05:30,1092.52946,1095.009239,1077.468571,1080.221313,7310110
2022-02-24 00:00:00+05:30,1048.802543,1064.68256,1020.77385,1026.393188,24846650
2022-02-25 00:00:00+05:30,1037.472855,1050.144952,1035.721099,1039.224731,14570089
2022-02-28 00:00:00+05:30,1020.59197,1077.172661,1020.59197,1073.623535,21297446
2022-03-02 00:00:00+05:30,1062.202736,1092.48386,1059.813945,1091.369019,21471786
2022-03-03 00:00:00+05:30,1092.028893,1098.78582,1078.401303,1082.155151,10186748
2022-03-04 00:00:00+05:30,1070.643199,1075.784852,1055.787154,1058.153198,10805667
2022-03-07 00:00:00+05:30,1036.835909,1052.0334,1011.036774,1019.022278,17983310
2022-03-08 00:00:00+05:30,1006.259101,1021.957085,991.9262348,1017.179382,21289374
2022-03-09 00:00:00+05:30,1017.40684,1077.013352,1016.564962,1071.143677,20414228
2022-03-10 00:00:00+05:30,1092.028943,1094.303999,1073.828493,1088.502563,17980493
2022-03-11 00:00:00+05:30,1081.131192,1097.033958,1081.131192,1091.641968,12257423
2022-03-14 00:00:00+05:30,1086.068246,1103.131228,1080.19857,1100.605835,8340678
2022-03-15 00:00:00+05:30,1104.746453,1104.746453,1065.114887,1075.398193,15925769
2022-03-16 00:00:00+05:30,1083.83871,1095.623556,1081.609147,1093.553223,11149828
2022-03-17 00:00:00+05:30,1106.930375,1136.346872,1098.899378,1129.203247,21422098
2022-03-21 00:00:00+05:30,1112.049519,1130.249969,1109.774462,1122.696777,11999466
2022-03-22 00:00:00+05:30,1119.374905,1153.432622,1116.41744,1151.703613,22557065
2022-03-23 00:00:00+05:30,1147.99536,1167.037566,1147.99536,1155.366455,15462187
2022-03-24 00:00:00+05:30,1142.080273,1175.819419,1142.080273,1173.316772,13168266
2022-03-25 00:00:00+05:30,1175.068546,1190.311409,1172.5659,1181.142944,14222488
2022-03-28 00:00:00+05:30,1187.581436,1196.567927,1176.888684,1193.018921,9891424
2022-03-29 00:00:00+05:30,1200.321639,1200.321639,1186.398339,1193.291748,8684065
2022-03-30 00:00:00+05:30,1201.186345,1223.072403,1190.812051,1216.224487,15811550
2022-03-31 00:00:00+05:30,1212.584464,1214.745786,1196.044781,1198.843018,13223718
2022-04-01 00:00:00+05:30,1199.41162,1212.675258,1193.041512,1208.443604,7922880
2022-04-04 00:00:00+05:30,1208.261776,1217.157279,1201.982654,1212.015625,7929162
2022-04-05 00:00:00+05:30,1206.282428,1214.836726,1192.450114,1194.884399,13149870
2022-04-06 00:00:00+05:30,1177.161752,1198.729232,1177.161752,1191.699341,12257215
2022-04-07 00:00:00+05:30,1180.801692,1185.76137,1168.01586,1170.677734,15496499
2022-04-08 00:00:00+05:30,1164.830774,1194.406624,1164.830774,1190.152222,15152495
2022-04-11 00:00:00+05:30,1183.031143,1200.571929,1175.295977,1187.672363,9254209
2022-04-12 00:00:00+05:30,1177.11619,1184.214443,1162.737829,1165.308716,13217742
2022-04-13 00:00:00+05:30,1171.428413,1179.664132,1158.233016,1161.031372,10354235
2022-04-18 00:00:00+05:30,1152.545489,1164.739781,1147.44933,1157.4823,9974224
2022-04-19 00:00:00+05:30,1163.920618,1213.971966,1160.758311,1201.595581,26141820
2022-04-20 00:00:00+05:30,1209.012408,1244.002873,1205.372294,1236.927368,25072240
2022-04-21 00:00:00+05:30,1251.692533,1269.028476,1243.092742,1265.888916,21708633
2022-04-22 00:00:00+05:30,1255.332603,1274.943602,1248.643917,1255.287109,15054154
2022-04-25 00:00:00+05:30,1247.82517,1255.105279,1211.992942,1226.257568,17063215
2022-04-26 00:00:00+05:30,1233.082661,1271.758738,1232.036181,1262.954224,12227666
2022-04-27 00:00:00+05:30,1253.944805,1286.773948,1253.580734,1264.182617,19338945
2022-04-28 00:00:00+05:30,1278.561056,1297.239311,1267.708955,1283.065674,25614076
2022-04-29 00:00:00+05:30,1299.582834,1299.582834,1263.70511,1269.597534,18214862
2022-05-02 00:00:00+05:30,1256.743235,1276.536211,1254.945865,1265.138184,9467006
2022-05-04 00:00:00+05:30,1267.208609,1269.483665,1217.748793,1225.643188,19247660
2022-05-05 00:00:00+05:30,1239.225215,1242.1828,1197.591676,1201.641235,17210669
2022-05-06 00:00:00+05:30,1188.58241,1209.876925,1180.096353,1192.427246,19649948
2022-05-09 00:00:00+05:30,1171.633074,1181.711657,1140.715037,1145.856689,18083752
2022-05-10 00:00:00+05:30,1135.254934,1149.633292,1118.419424,1125.995361,19511677
2022-05-11 00:00:00+05:30,1125.085448,1130.682161,1102.01631,1114.460938,16643899
2022-05-12 00:00:00+05:30,1104.541691,1107.885974,1078.378487,1091.755859,20490321
2022-05-13 00:00:00+05:30,1103.859239,1127.519799,1099.013296,1104.132202,19308778
2022-05-16 00:00:00+05:30,1107.70394,1128.884719,1099.604703,1104.405151,13437911
2022-05-17 00:00:00+05:30,1107.999824,1155.685138,1106.589272,1150.793701,16551828
2022-05-18 00:00:00+05:30,1155.571277,1169.380842,1141.283906,1154.979736,17276788
2022-05-19 00:00:00+05:30,1130.24993,1143.217739,1122.082451,1128.361572,14699118
2022-05-20 00:00:00+05:30,1143.217762,1203.23385,1138.44018,1194.156372,21793091
2022-05-23 00:00:00+05:30,1197.364206,1207.397297,1179.846284,1186.171021,15252755
2022-05-24 00:00:00+05:30,1186.216474,1200.32175,1181.984819,1190.243286,13527818
2022-05-25 00:00:00+05:30,1198.95686,1208.830603,1183.713875,1188.491577,12714544
2022-05-26 00:00:00+05:30,1194.133617,1198.911319,1159.370738,1177.161743,17882023
2022-05-27 00:00:00+05:30,1179.869018,1185.374623,1155.776144,1171.701538,16521973
2022-05-30 00:00:00+05:30,1189.856419,1216.702154,1180.392243,1212.516113,13853398
2022-05-31 00:00:00+05:30,1201.868647,1218.886133,1190.17491,1197.887329,70620653
2022-06-01 00:00:00+05:30,1198.638243,1208.148034,1190.402523,1198.274292,9776989
2022-06-02 00:00:00+05:30,1198.501623,1243.297588,1198.501623,1239.589233,22126569
2022-06-03 00:00:00+05:30,1248.55307,1281.928143,1247.642951,1264.705933,23939791
2022-06-06 00:00:00+05:30,1264.933631,1280.403966,1252.102183,1259.268677,11093152
2022-06-07 00:00:00+05:30,1260.337827,1269.984099,1252.215961,1261.634644,12358255
2022-06-08 00:00:00+05:30,1261.634607,1265.388455,1235.949207,1239.475586,12479250
2022-06-09 00:00:00+05:30,1233.082628,1275.398697,1233.082628,1273.464966,17278305
2022-06-10 00:00:00+05:30,1261.247802,1269.438028,1229.214923,1235.016357,18093057
2022-06-13 00:00:00+05:30,1205.781812,1216.155985,1190.447841,1211.651367,17620803
2022-06-14 00:00:00+05:30,1205.804612,1215.723847,1189.151077,1195.817017,14714312
2022-06-15 00:00:00+05:30,1191.016674,1200.003164,1175.93304,1181.347656,11195535
2022-06-16 00:00:00+05:30,1193.496417,1209.899615,1162.100573,1164.830688,17111475
2022-06-17 00:00:00+05:30,1164.830743,1194.338231,1163.05624,1178.481079,24457187
2022-06-20 00:00:00+05:30,1185.306334,1190.812059,1147.130812,1157.118408,12066797
2022-06-21 00:00:00+05:30,1164.830674,1180.028043,1150.406822,1175.796509,11720049
2022-06-22 00:00:00+05:30,1163.966274,1164.057262,1137.985044,1140.078125,10617206
2022-06-23 00:00:00+05:30,1144.377961,1148.905326,1112.50431,1121.581787,19446323
2022-06-24 00:00:00+05:30,1128.430006,1142.535283,1122.969775,1137.552979,14240234
2022-06-27 00:00:00+05:30,1157.982955,1157.982955,1129.135125,1134.185791,15474529
2022-06-28 00:00:00+05:30,1129.385441,1152.977762,1129.385441,1150.133911,13572847
2022-06-29 00:00:00+05:30,1140.80617,1181.666314,1137.985067,1173.999268,19205146
2022-06-30 00:00:00+05:30,1173.931003,1190.265961,1167.560894,1181.052002,23112959
2022-07-01 00:00:00+05:30,1171.610576,1179.391238,1076.103583,1095.987549,81997149
2022-07-04 00:00:00+05:30,1082.450794,1111.139271,1076.603865,1098.262451,41857728
2022-07-05 00:00:00+05:30,1102.494112,1121.559065,1099.809491,1107.157959,17647327
2022-07-06 00:00:00+05:30,1101.174625,1111.116608,1086.568796,1097.420776,23943726
2022-07-07 00:00:00+05:30,1103.813721,1107.158004,1080.653594,1086.614258,23301033
2022-07-08 00:00:00+05:30,1100.219025,1100.219025,1084.088791,1088.115723,19010108
2022-07-11 00:00:00+05:30,1081.336088,1105.133128,1078.378503,1102.903687,13847467
2022-07-12 00:00:00+05:30,1093.84879,1110.09276,1093.84879,1101.33374,10778989
2022-07-13 00:00:00+05:30,1104.450791,1107.499363,1079.743629,1081.813843,14224132
2022-07-14 00:00:00+05:30,1086.568762,1107.47658,1081.540843,1090.732056,16970315
2022-07-15 00:00:00+05:30,1098.854058,1098.854058,1084.339217,1092.8479,9603210
2022-07-18 00:00:00+05:30,1101.584038,1103.404035,1088.525123,1102.152832,15160908
2022-07-19 00:00:00+05:30,1092.165388,1113.414531,1092.165388,1108.909912,16439888
2022-07-20 00:00:00+05:30,1155.730531,1156.867999,1131.273588,1138.89502,23924246
2022-07-21 00:00:00+05:30,1134.800019,1137.530135,1122.651221,1131.296387,16523230
2022-07-22 00:00:00+05:30,1137.530122,1144.946832,1135.255066,1138.940674,10969995
2022-07-25 00:00:00+05:30,1122.719405,1122.719405,1093.393893,1101.311035,23110452
2022-07-26 00:00:00+05:30,1101.62967,1112.003965,1097.193292,1101.811646,11303288
2022-07-27 00:00:00+05:30,1101.106341,1104.314142,1092.938862,1100.765137,8655086
2022-07-28 00:00:00+05:30,1108.409354,1122.946942,1101.584185,1118.010132,12496073
2022-07-29 00:00:00+05:30,1126.018297,1145.310841,1121.149727,1141.829956,15130683
2022-08-01 00:00:00+05:30,1146.243572,1177.457445,1140.988184,1171.587769,15700044
2022-08-02 00:00:00+05:30,1170.518402,1186.580275,1165.535978,1176.046753,13917913
2022-08-03 00:00:00+05:30,1183.03131,1187.581423,1168.220757,1185.920654,14250977
2022-08-04 00:00:00+05:30,1187.581429,1191.107809,1153.455585,1170.245483,14467127
2022-08-05 00:00:00+05:30,1172.111057,1173.385006,1149.792687,1153.000488,13942438
2022-08-08 00:00:00+05:30,1151.635413,1175.54631,1151.635413,1168.084106,10165178
2022-08-10 00:00:00+05:30,1172.520464,1178.435634,1163.48848,1175.068604,10724688
2022-08-11 00:00:00+05:30,1184.4418,1187.535867,1174.022012,1178.981689,8198226
2022-08-12 00:00:00+05:30,1178.617606,1201.845973,1174.932118,1198.046631,12650587
2022-08-16 00:00:00+05:30,1204.052741,1209.103406,1195.45307,1206.373291,6607378
2022-08-17 00:00:00+05:30,1212.607052,1218.021669,1208.307156,1212.675293,6595965
2022-08-18 00:00:00+05:30,1214.281041,1218.389455,1205.242409,1214.874512,7410035
2022-08-19 00:00:00+05:30,1209.715983,1215.056981,1189.150731,1193.213623,9460724
2022-08-22 00:00:00+05:30,1194.651701,1201.179521,1180.500282,1189.904053,9471680
2022-08-23 00:00:00+05:30,1184.152352,1211.176964,1182.942588,1208.255371,9678484
2022-08-24 00:00:00+05:30,1205.196734,1218.845966,1203.028361,1205.036865,10369622
2022-08-25 00:00:00+05:30,1209.236858,1215.604931,1197.208169,1201.522095,7871946
2022-08-26 00:00:00+05:30,1201.955469,1209.715994,1190.086651,1195.108032,10742038
2022-08-29 00:00:00+05:30,1180.043638,1211.998463,1176.871013,1185.818359,19838975
2022-08-30 00:00:00+05:30,1193.28218,1207.547704,1176.209169,1204.21521,23139054
2022-09-01 00:00:00+05:30,1178.971076,1189.150887,1164.385933,1168.813965,19909939
2022-09-02 00:00:00+05:30,1168.813905,1175.638521,1152.973478,1155.164673,12999345
2022-09-05 00:00:00+05:30,1155.392977,1178.446102,1155.392977,1173.105103,11327815
2022-09-06 00:00:00+05:30,1174.565859,1189.630246,1174.109315,1185.453247,10899618
2022-09-07 00:00:00+05:30,1175.47884,1184.563114,1173.196361,1178.560181,7488501
2022-09-08 00:00:00+05:30,1181.527366,1185.978219,1173.652856,1180.226318,7057077
2022-09-09 00:00:00+05:30,1191.45616,1191.45616,1170.457304,1172.876831,8314850
2022-09-12 00:00:00+05:30,1173.447282,1192.369169,1173.447282,1186.000977,7435419
2022-09-13 00:00:00+05:30,1195.108121,1200.449119,1187.347716,1195.906982,8888657
2022-09-14 00:00:00+05:30,1175.47878,1191.456134,1174.451707,1181.572998,8678219
2022-09-15 00:00:00+05:30,1179.130735,1188.511684,1167.14769,1169.863892,10365600
2022-09-16 00:00:00+05:30,1161.213264,1165.435905,1137.133067,1140.876343,20217708
2022-09-19 00:00:00+05:30,1140.876368,1151.604008,1132.727882,1142.359985,7580254
2022-09-20 00:00:00+05:30,1151.489827,1158.451491,1138.822026,1142.54248,8411448
2022-09-21 00:00:00+05:30,1139.758035,1156.306039,1138.959173,1145.692505,9207309
2022-09-22 00:00:00+05:30,1134.850598,1142.611003,1128.505347,1134.89624,10308170
2022-09-23 00:00:00+05:30,1134.39418,1139.39274,1112.071454,1113.623535,9528051
2022-09-26 00:00:00+05:30,1092.875675,1103.717541,1084.247945,1085.252197,12479523
2022-09-27 00:00:00+05:30,1092.852933,1107.460896,1077.377765,1093.880127,16154822
2022-09-28 00:00:00+05:30,1077.491757,1085.548958,1062.313266,1064.755493,16997059
2022-09-29 00:00:00+05:30,1077.332003,1080.755661,1055.876604,1061.491577,14671827
2022-09-30 00:00:00+05:30,1054.963725,1096.504894,1054.963725,1085.434937,18613024
2022-10-03 00:00:00+05:30,1091.711707,1103.329493,1078.701588,1081.668823,11852723
2022-10-04 00:00:00+05:30,1094.587669,1103.80887,1091.095426,1101.617676,8948850
2022-10-06 00:00:00+05:30,1108.830345,1118.416685,1103.877306,1105.68042,13352162
2022-10-07 00:00:00+05:30,1102.279597,1115.632154,1102.279597,1110.359619,7714340
2022-10-10 00:00:00+05:30,1097.874365,1103.626265,1090.11396,1098.239624,6329527
2022-10-11 00:00:00+05:30,1101.982746,1101.982746,1073.269129,1076.373291,9215177
2022-10-12 00:00:00+05:30,1073.680046,1087.237993,1069.617153,1084.293579,7417103
2022-10-13 00:00:00+05:30,1082.536163,1092.852901,1077.377733,1087.740234,7328492
2022-10-14 00:00:00+05:30,1102.439369,1103.055661,1081.486155,1082.216553,9106089
2022-10-17 00:00:00+05:30,1075.049562,1101.982767,1069.845491,1099.586182,16729355
2022-10-18 00:00:00+05:30,1105.634869,1124.351247,1104.790365,1118.987427,12415820
2022-10-19 00:00:00+05:30,1120.470931,1153.955018,1114.627746,1138.456909,19247142
2022-10-20 00:00:00+05:30,1134.394211,1149.915022,1134.394211,1141.515503,8717053
2022-10-21 00:00:00+05:30,1144.756517,1148.910694,1126.177189,1128.276978,8243452
2022-10-24 00:00:00+05:30,1122.981638,1142.382771,1120.836207,1132.043091,3370033
2022-10-25 00:00:00+05:30,1140.785075,1140.785075,1112.938782,1114.559326,12233241
2022-10-27 00:00:00+05:30,1122.068633,1126.839103,1110.564954,1118.94165,12513059
2022-10-28 00:00:00+05:30,1125.264198,1157.219028,1122.730686,1153.179077,17609592
2022-10-31 00:00:00+05:30,1159.957944,1169.065039,1155.940694,1163.883789,12419943
2022-11-01 00:00:00+05:30,1186.891214,1186.891214,1144.893621,1154.868042,13963166
2022-11-02 00:00:00+05:30,1155.986349,1164.157655,1148.089017,1162.080566,8981896
2022-11-03 00:00:00+05:30,1154.867915,1168.425861,1152.676721,1166.417236,6693449
2022-11-04 00:00:00+05:30,1165.846719,1186.891218,1164.568612,1183.581665,12575815
2022-11-07 00:00:00+05:30,1182.782761,1191.593181,1175.022357,1189.904053,11789748
2022-11-09 00:00:00+05:30,1191.593113,1196.91129,1182.348971,1188.717163,11254205
2022-11-10 00:00:00+05:30,1182.32614,1185.316196,1170.000778,1174.337524,5966242
2022-11-11 00:00:00+05:30,1186.891159,1203.325057,1181.413233,1201.407837,12310132
2022-11-14 00:00:00+05:30,1200.928523,1206.064131,1189.242153,1195.587524,9043112
2022-11-15 00:00:00+05:30,1197.071193,1198.94277,1182.326302,1190.223755,7086433
2022-11-16 00:00:00+05:30,1191.456128,1194.17233,1178.377546,1183.399048,9716161
2022-11-17 00:00:00+05:30,1180.020985,1192.825714,1177.761327,1186.457642,6661451
2022-11-18 00:00:00+05:30,1189.972415,1190.999609,1173.698388,1185.818359,5303197
2022-11-21 00:00:00+05:30,1181.413258,1181.413258,1160.916589,1164.477295,6390268
2022-11-22 00:00:00+05:30,1161.783908,1172.511548,1157.903706,1170.936646,6611488
2022-11-23 00:00:00+05:30,1175.478796,1176.802665,1165.093474,1167.284668,6413408
2022-11-24 00:00:00+05:30,1171.370352,1184.152259,1163.244688,1177.350464,9389439
2022-11-25 00:00:00+05:30,1181.869656,1198.257788,1178.719731,1194.925415,7349922
2022-11-28 00:00:00+05:30,1190.954019,1242.150108,1142.154514,1235.987427,31527484
2022-11-29 00:00:00+05:30,1234.344011,1246.988991,1229.801874,1238.110107,11058913
2022-11-30 00:00:00+05:30,1238.247142,1253.288707,1231.719201,1246.852051,26164986
2022-12-01 00:00:00+05:30,1251.622407,1257.648161,1239.844872,1243.177246,9485801
2022-12-02 00:00:00+05:30,1246.235626,1254.452574,1232.814607,1242.6521,11589592
2022-12-05 00:00:00+05:30,1238.018781,1240.187154,1222.497971,1224.529297,14828536
2022-12-06 00:00:00+05:30,1216.609102,1231.1713,1214.737404,1228.067139,8594245
2022-12-07 00:00:00+05:30,1225.693478,1230.258437,1206.132597,1209.944336,8462111
2022-12-08 00:00:00+05:30,1214.281054,1216.563533,1205.19678,1209.373657,7757008
2022-12-09 00:00:00+05:30,1207.89009,1214.281104,1187.735737,1191.04541,12655763
2022-12-12 00:00:00+05:30,1180.27212,1197.390654,1180.043788,1192.871338,9479842
2022-12-13 00:00:00+05:30,1192.871307,1201.955581,1189.949714,1198.303711,8333348
2022-12-14 00:00:00+05:30,1204.078266,1204.671737,1191.912652,1193.966919,7268947
2022-12-15 00:00:00+05:30,1188.032492,1193.73863,1173.652862,1177.008057,8688551
2022-12-16 00:00:00+05:30,1173.652791,1195.473329,1167.786785,1171.187622,15837349
2022-12-19 00:00:00+05:30,1178.21778,1188.717207,1171.689839,1186.571655,7729933
2022-12-20 00:00:00+05:30,1179.541673,1198.760115,1171.370366,1196.842896,7467588
2022-12-21 00:00:00+05:30,1196.477661,1201.955587,1175.980992,1179.815552,8527550
2022-12-22 00:00:00+05:30,1185.978159,1189.013857,1171.712635,1176.756958,7451122
2022-12-23 00:00:00+05:30,1170.137785,1182.554553,1137.703713,1142.24585,10257115
2022-12-26 00:00:00+05:30,1147.974874,1160.414342,1137.772122,1152.220215,5990242
2022-12-27 00:00:00+05:30,1154.936462,1163.51855,1148.203131,1161.646973,5763271
2022-12-28 00:00:00+05:30,1158.588545,1163.975186,1151.056351,1161.532959,7459393
2022-12-29 00:00:00+05:30,1153.566904,1163.564145,1152.882149,1161.007813,6930648
2022-12-30 00:00:00+05:30,1161.829476,1176.391675,1160.003541,1162.788086,7289476
2023-01-02 00:00:00+05:30,1164.066352,1177.304802,1163.244669,1175.889648,5316175
2023-01-03 00:00:00+05:30,1170.936659,1174.565828,1163.062148,1167.284668,7658932
2023-01-04 00:00:00+05:30,1167.261851,1169.110728,1147.632506,1149.709595,9264891
2023-01-05 00:00:00+05:30,1151.969199,1157.858026,1143.067494,1147.655273,13637099
2023-01-06 00:00:00+05:30,1153.40724,1163.130627,1149.595501,1158.086304,6349597
2023-01-09 00:00:00+05:30,1161.920753,1187.804182,1161.030607,1185.430298,10722753
2023-01-10 00:00:00+05:30,1189.630256,1189.630256,1162.240506,1167.901001,8047142
2023-01-11 00:00:00+05:30,1165.207766,1167.718457,1150.873656,1153.179077,11509553
2023-01-12 00:00:00+05:30,1152.585506,1156.077628,1125.2641,1128.276978,17688773
2023-01-13 00:00:00+05:30,1122.251352,1128.870578,1111.386784,1126.451172,20618583
2023-01-16 00:00:00+05:30,1128.779149,1131.951775,1107.917221,1115.723389,13623855
2023-01-17 00:00:00+05:30,1122.068667,1133.481062,1118.690651,1131.563843,10751000
2023-01-18 00:00:00+05:30,1129.144431,1137.178689,1123.141497,1129.692139,13448286
2023-01-19 00:00:00+05:30,1128.870504,1132.6366,1121.452416,1128.482544,11940054
2023-01-20 00:00:00+05:30,1129.829114,1129.829114,1112.596475,1115.061523,14930286
2023-01-23 00:00:00+05:30,1117.960395,1125.812085,1107.004422,1109.423828,10954118
2023-01-24 00:00:00+05:30,1113.851719,1115.517906,1089.817165,1102.873047,16488755
2023-01-25 00:00:00+05:30,1101.275206,1102.302279,1086.461854,1087.625854,12385018
2023-01-27 00:00:00+05:30,1088.470654,1089.817224,1055.260419,1066.992432,25830975
2023-01-30 00:00:00+05:30,1064.413289,1082.764407,1050.398796,1077.218018,21772103
2023-01-31 00:00:00+05:30,1087.374906,1089.954181,1068.65853,1074.524536,22691594
2023-02-01 00:00:00+05:30,1086.439272,1086.439272,1052.224782,1068.156616,19347800
2023-02-02 00:00:00+05:30,1058.159159,1071.854034,1054.963713,1062.244873,13662663
2023-02-03 00:00:00+05:30,1072.310581,1072.310581,1046.746766,1063.180664,24699575
2023-02-06 00:00:00+05:30,1056.789612,1059.528635,1052.589913,1055.169067,14837879
2023-02-07 00:00:00+05:30,1055.420163,1062.45017,1046.746671,1052.635498,15135435
2023-02-08 00:00:00+05:30,1055.876639,1077.286396,1053.137736,1073.657227,21160332
2023-02-09 00:00:00+05:30,1074.341987,1082.284961,1065.463104,1075.528809,13172763
2023-02-10 00:00:00+05:30,1075.003906,1075.003906,1059.665546,1066.672852,10790445
2023-02-13 00:00:00+05:30,1068.293504,1072.767178,1056.127889,1060.601563,10352493
2023-02-14 00:00:00+05:30,1063.614319,1087.329255,1060.738368,1085.594604,14321920
2023-02-15 00:00:00+05:30,1084.635888,1112.573585,1083.266497,1110.17688,33503591
2023-02-16 00:00:00+05:30,1118.165632,1124.716394,1107.027091,1109.30957,17264487
2023-02-17 00:00:00+05:30,1104.721792,1117.275487,1100.430688,1113.942993,11809520
2023-02-20 00:00:00+05:30,1116.134257,1118.30263,1100.202545,1102.165527,8836937
2023-02-21 00:00:00+05:30,1106.547968,1116.955992,1101.22967,1111.158569,13311592
2023-02-22 00:00:00+05:30,1107.438061,1109.286817,1084.202367,1085.959839,11024335
2023-02-23 00:00:00+05:30,1085.549028,1093.195327,1077.948371,1080.755737,9851910
2023-02-24 00:00:00+05:30,1082.809881,1093.834315,1080.983946,1088.150879,9434053
2023-02-27 00:00:00+05:30,1087.375005,1090.867248,1073.543203,1080.915527,11199715
2023-02-28 00:00:00+05:30,1075.551625,1080.527485,1056.173434,1060.236206,21994038
2023-03-01 00:00:00+05:30,1070.028064,1070.71282,1060.55571,1069.982422,11551145
2023-03-02 00:00:00+05:30,1066.832666,1073.520355,1059.802538,1061.833984,9333535
2023-03-03 00:00:00+05:30,1072.379119,1092.601936,1068.909818,1088.927124,14643807
2023-03-06 00:00:00+05:30,1095.591868,1106.821693,1095.591868,1099.563354,10171916
2023-03-08 00:00:00+05:30,1099.56342,1104.265426,1088.744496,1103.512207,15782657
2023-03-09 00:00:00+05:30,1102.895876,1103.306657,1075.095226,1076.989624,16235128
2023-03-10 00:00:00+05:30,1068.886896,1070.028075,1056.812445,1060.304688,13334091
2023-03-13 00:00:00+05:30,1063.180678,1070.028115,1038.529831,1042.866577,12771592
2023-03-14 00:00:00+05:30,1040.812257,1052.201831,1035.813697,1038.963501,16027522
2023-03-15 00:00:00+05:30,1042.683971,1049.166148,1016.80054,1021.20575,21728555
2023-03-16 00:00:00+05:30,1023.921952,1028.943333,1005.296859,1016.115784,18363159
2023-03-17 00:00:00+05:30,1024.720782,1028.007513,1010.090059,1014.837646,34014213
2023-03-20 00:00:00+05:30,1011.140007,1013.422486,995.1625933,1004.863159,19524589
2023-03-21 00:00:00+05:30,1012.943123,1038.073334,1012.052977,1036.110352,21400360
2023-03-22 00:00:00+05:30,1043.094692,1046.039105,1036.247255,1039.260132,10920094
2023-03-23 00:00:00+05:30,1035.33436,1036.201685,1023.944786,1026.113159,16249370
2023-03-24 00:00:00+05:30,1024.949051,1027.117424,1003.379605,1005.799011,12375945
2023-03-27 00:00:00+05:30,1012.281283,1028.943332,1004.383891,1021.43396,14054323
2023-03-28 00:00:00+05:30,1024.834956,1030.08467,1021.182965,1026.204468,12576424
2023-03-29 00:00:00+05:30,1022.095919,1024.743657,1009.359714,1020.133057,18804065
2023-03-31 00:00:00+05:30,1029.399903,1069.777071,1029.262976,1064.116455,28171201
2023-04-03 00:00:00+05:30,1070.484696,1072.310631,1056.7897,1064.299072,10293043
2023-04-05 00:00:00+05:30,1071.854023,1071.854023,1053.845344,1061.742676,16262928
2023-04-06 00:00:00+05:30,1058.227537,1074.592971,1058.227537,1068.863892,18435046
2023-04-10 00:00:00+05:30,1072.767113,1072.949682,1059.779694,1061.286133,12961408
2023-04-11 00:00:00+05:30,1065.463173,1068.65862,1060.921036,1066.535889,10542367
2023-04-12 00:00:00+05:30,1066.535787,1080.892596,1063.659958,1071.237793,18179087
2023-04-13 00:00:00+05:30,1074.136532,1079.979717,1069.11515,1075.277832,12378208
2023-04-17 00:00:00+05:30,1106.98148,1106.98148,1072.333392,1080.73291,17929479
2023-04-18 00:00:00+05:30,1085.092512,1085.092512,1061.811176,1068.361938,10405576
2023-04-19 00:00:00+05:30,1067.768405,1076.373314,1064.641422,1073.680054,12273475
2023-04-20 00:00:00+05:30,1074.638679,1076.875516,1064.595795,1070.963867,7007330
2023-04-21 00:00:00+05:30,1073.063766,1077.788472,1066.558647,1072.310547,7647317
2023-04-24 00:00:00+05:30,1084.179472,1086.872732,1071.853989,1076.419067,12936186
2023-04-25 00:00:00+05:30,1080.070912,1086.73578,1072.995264,1084.658691,9236126
2023-04-26 00:00:00+05:30,1086.005535,1089.246745,1074.615959,1078.290771,8617834
2023-04-27 00:00:00+05:30,1084.179446,1088.28786,1079.157944,1085.115234,9167125
2023-04-28 00:00:00+05:30,1087.374875,1106.502153,1087.26077,1104.949951,15565210
2023-05-02 00:00:00+05:30,1112.117039,1116.499428,1108.419406,1114.331055,12981805
2023-05-03 00:00:00+05:30,1116.134086,1116.134086,1101.549067,1104.767334,7061872
2023-05-04 00:00:00+05:30,1105.246763,1119.717678,1102.256707,1117.503662,8635233
2023-05-05 00:00:00+05:30,1114.308195,1123.597859,1112.025716,1114.650513,8746585
2023-05-08 00:00:00+05:30,1118.4167,1133.777882,1115.746261,1128.414063,9153782
2023-05-09 00:00:00+05:30,1129.829039,1135.215801,1124.46522,1131.906128,6464721
2023-05-10 00:00:00+05:30,1136.676698,1141.173193,1132.659447,1139.689575,10872255
2023-05-11 00:00:00+05:30,1140.762159,1145.578149,1130.536585,1132.248535,10557860
2023-05-12 00:00:00+05:30,1127.455244,1135.489623,1121.383847,1134.09729,6955341
2023-05-15 00:00:00+05:30,1136.631024,1143.318593,1128.984605,1136.334229,6833343
2023-05-16 00:00:00+05:30,1138.502483,1141.058816,1118.48506,1120.151367,8717229
2023-05-17 00:00:00+05:30,1124.351151,1125.264118,1108.830341,1113.532227,8798967
2023-05-18 00:00:00+05:30,1118.211269,1121.612227,1107.985695,1111.13562,10525531
2023-05-19 00:00:00+05:30,1111.135716,1116.567999,1104.196872,1114.741943,8050447
2023-05-22 00:00:00+05:30,1111.569181,1125.720599,1110.359538,1120.699097,7434906
2023-05-23 00:00:00+05:30,1123.278318,1126.633512,1119.078499,1120.493652,6092034
2023-05-24 00:00:00+05:30,1116.544973,1124.807563,1110.861537,1113.965698,8112254
2023-05-25 00:00:00+05:30,1111.067134,1117.960213,1102.918649,1113.828857,11487863
2023-05-26 00:00:00+05:30,1122.068586,1145.349919,1118.759034,1144.20874,12626260
2023-05-29 00:00:00+05:30,1150.827955,1154.93649,1144.528347,1150.645386,10010304
2023-05-30 00:00:00+05:30,1150.645308,1158.451475,1147.792179,1150.348633,11342504
2023-05-31 00:00:00+05:30,1141.241614,1145.738109,1123.438205,1127.500977,27107927
2023-06-01 00:00:00+05:30,1132.180093,1134.348466,1122.068625,1124.46521,14592692
2023-06-02 00:00:00+05:30,1128.003102,1133.412564,1118.873186,1120.790405,15800644
2023-06-05 00:00:00+05:30,1126.268544,1133.823558,1122.274115,1130.856323,10908682
2023-06-06 00:00:00+05:30,1133.686517,1135.626558,1123.894667,1131.814819,7493309
2023-06-07 00:00:00+05:30,1135.307129,1141.241599,1128.733546,1140.397095,10312545
2023-06-08 00:00:00+05:30,1143.980559,1148.933598,1137.133121,1141.081787,12071109
2023-06-09 00:00:00+05:30,1144.436924,1145.144501,1131.198475,1133.001709,5877018
2023-06-12 00:00:00+05:30,1130.057316,1136.311282,1125.264026,1134.005981,6391969
2023-06-13 00:00:00+05:30,1138.959166,1151.946464,1134.964737,1150.759521,11248016
2023-06-14 00:00:00+05:30,1150.827934,1166.348864,1149.001999,1164.910889,13277380
2023-06-15 00:00:00+05:30,1164.88803,1169.795427,1157.447122,1165.230469,11813494
2023-06-16 00:00:00+05:30,1168.722653,1178.856942,1168.722653,1176.574463,24171579
2023-06-19 00:00:00+05:30,1179.587432,1179.587432,1160.711306,1164.888184,6798554
2023-06-20 00:00:00+05:30,1162.948048,1170.457299,1157.218969,1167.307495,6921096
2023-06-21 00:00:00+05:30,1167.261866,1173.127872,1163.153452,1170.59436,6961603
2023-06-22 00:00:00+05:30,1166.805392,1174.702724,1155.84942,1157.447144,7619166
2023-06-23 00:00:00+05:30,1154.434333,1156.4886,1146.71957,1147.974976,6628570
2023-06-26 00:00:00+05:30,1144.437098,1148.271658,1136.083222,1139.210205,12641159
2023-06-27 00:00:00+05:30,1139.666736,1145.578264,1135.14742,1139.621094,9689466
2023-06-28 00:00:00+05:30,1147.176059,1158.519991,1140.260037,1154.708252,11354006
2023-06-30 00:00:00+05:30,1162.42307,1167.102135,1156.511422,1164.180542,11151555
2023-07-03 00:00:00+05:30,1167.741314,1196.9343,1166.508729,1194.05835,12154387
2023-07-04 00:00:00+05:30,1198.303742,1198.303742,1174.679967,1181.755737,8061643
2023-07-05 00:00:00+05:30,1190.999736,1190.999736,1175.844065,1179.815552,10248062
2023-07-06 00:00:00+05:30,1175.958112,1207.18242,1175.958112,1204.580444,19117987
2023-07-07 00:00:00+05:30,1202.868606,1216.540658,1199.673038,1202.229492,13375267
2023-07-10 00:00:00+05:30,1227.473697,1258.104655,1221.128446,1248.541016,33240016
2023-07-11 00:00:00+05:30,1256.689409,1264.495456,1249.705046,1262.07605,20069348
2023-07-12 00:00:00+05:30,1262.806571,1279.103542,1260.68384,1263.468506,18733835
2023-07-13 00:00:00+05:30,1270.841024,1277.734103,1249.545491,1252.170288,14682934
2023-07-14 00:00:00+05:30,1255.36558,1260.34144,1243.998828,1251.120239,15124144
2023-07-17 00:00:00+05:30,1253.996339,1285.060902,1245.322846,1276.684204,22220040
2023-07-18 00:00:00+05:30,1285.950977,1295.286284,1274.995005,1287.525879,25867313
2023-07-19 00:00:00+05:30,1291.88546,1303.754399,1276.821074,1297.294922,39122156
2023-07-20 00:00:00+05:30,1276.01496,1301.213758,1276.01496,1295.723999,38717624
2023-07-21 00:00:00+05:30,1290.357605,1293.275575,1248.120574,1255.613403,30249238
2023-07-24 00:00:00+05:30,1227.051537,1243.842484,1221.264982,1230.216797,23727866
2023-07-25 00:00:00+05:30,1233.481064,1239.020329,1226.556952,1229.425537,12026020
2023-07-26 00:00:00+05:30,1229.029726,1259.693647,1229.029726,1249.406372,12911012
2023-07-27 00:00:00+05:30,1253.288926,1255.069339,1231.67583,1237.783813,17226898
2023-07-28 00:00:00+05:30,1242.408156,1257.641225,1236.720493,1250.222534,20827852
2023-07-31 00:00:00+05:30,1250.222568,1263.106264,1245.326159,1260.806519,8551174
2023-08-01 00:00:00+05:30,1263.650372,1265.628689,1239.0698,1242.976929,9536632
2023-08-02 00:00:00+05:30,1240.998576,1242.383423,1218.445829,1229.69751,12748214
2023-08-03 00:00:00+05:30,1224.232378,1236.893537,1215.700883,1224.529053,10168350
2023-08-04 00:00:00+05:30,1235.855024,1244.361766,1222.402489,1241.171753,22885610
2023-08-07 00:00:00+05:30,1246.834785,1250.494625,1238.921514,1248.244385,5982870
2023-08-08 00:00:00+05:30,1250.296599,1253.486612,1236.225841,1240.72644,9844072
2023-08-09 00:00:00+05:30,1238.847247,1250.791291,1227.100986,1248.911865,11486586
2023-08-10 00:00:00+05:30,1248.788167,1261.177405,1240.627608,1254.47583,15470598
2023-08-11 00:00:00+05:30,1252.49753,1265.554498,1242.556556,1259.767822,22179330
2023-08-14 00:00:00+05:30,1255.737002,1277.152313,1248.812891,1274.654663,9575812
2023-08-16 00:00:00+05:30,1261.672045,1277.399694,1261.672045,1273.616089,10203112
2023-08-17 00:00:00+05:30,1269.634863,1275.075237,1252.695518,1255.242554,13673744
2023-08-18 00:00:00+05:30,1251.904121,1274.827925,1240.677193,1264.540649,18639978
2023-08-21 00:00:00+05:30,1260.644364,1268.337425,1248.583607,1250.742676,9221746
2023-08-22 00:00:00+05:30,1249.204008,1259.651704,1240.319813,1250.444824,7713044
2023-08-23 00:00:00+05:30,1252.827248,1262.083809,1249.228881,1251.834595,9517952
2023-08-24 00:00:00+05:30,1260.619553,1260.619553,1226.422708,1230.790405,14140020
2023-08-25 00:00:00+05:30,1218.977863,1243.297861,1212.327137,1225.107544,22222400
2023-08-28 00:00:00+05:30,1226.918927,1232.874844,1206.619224,1212.897705,12580826
2023-08-29 00:00:00+05:30,1217.017338,1217.712147,1195.228534,1201.283813,16876644
2023-08-30 00:00:00+05:30,1207.066065,1212.525656,1198.628514,1200.142334,12168946
2023-08-31 00:00:00+05:30,1202.599061,1203.591714,1191.13387,1194.657837,21638600
2023-09-01 00:00:00+05:30,1194.434396,1203.914158,1192.002323,1197.461914,18112842
2023-09-04 00:00:00+05:30,1197.461953,1202.921544,1193.814026,1196.494141,9347626
2023-09-05 00:00:00+05:30,1201.110149,1208.033879,1197.362859,1202.896973,8675876
2023-09-06 00:00:00+05:30,1201.656092,1209.125709,1199.745187,1205.428101,8200370
2023-09-07 00:00:00+05:30,1201.953731,1210.167958,1196.643063,1207.065918,13652572
2023-09-08 00:00:00+05:30,1211.036592,1218.977816,1202.574202,1215.106445,23109288
2023-09-11 00:00:00+05:30,1216.992446,1229.326207,1216.992446,1228.209473,13271074
2023-09-12 00:00:00+05:30,1232.378585,1232.378585,1209.026401,1210.46582,16255666
2023-09-13 00:00:00+05:30,1211.036564,1222.27831,1204.212076,1216.520996,12803338
2023-09-14 00:00:00+05:30,1220.963058,1223.841776,1213.518162,1217.637695,9209636
2023-09-15 00:00:00+05:30,1224.933661,1224.933661,1215.751622,1219.895996,25468592
2023-09-18 00:00:00+05:30,1211.061482,1216.496233,1207.09087,1209.274658,7516300
2023-09-20 00:00:00+05:30,1202.623923,1204.882233,1168.848881,1182.324097,57081884
2023-09-21 00:00:00+05:30,1178.750433,1186.269851,1171.330377,1173.712769,12226182
2023-09-22 00:00:00+05:30,1179.271671,1182.472952,1166.367183,1168.823975,19176786
2023-09-25 00:00:00+05:30,1166.565744,1171.677931,1158.972045,1161.627319,14254884
2023-09-26 00:00:00+05:30,1160.68431,1166.466465,1159.220171,1162.644775,10087782
2023-09-27 00:00:00+05:30,1163.141158,1177.187222,1160.659526,1175.747803,11722778
2023-09-28 00:00:00+05:30,1182.746025,1182.746025,1153.959088,1158.475708,14518346
2023-09-29 00:00:00+05:30,1162.2974,1175.847137,1158.47571,1163.88562,12342014
2023-10-03 00:00:00+05:30,1156.415881,1159.220198,1149.492151,1150.559204,8859056
2023-10-04 00:00:00+05:30,1146.01782,1150.981084,1139.11893,1148.573853,10286386
2023-10-05 00:00:00+05:30,1151.105227,1156.142893,1146.017881,1148.549194,10953682
2023-10-06 00:00:00+05:30,1150.013255,1153.859785,1147.531623,1150.484741,5431026
2023-10-09 00:00:00+05:30,1145.571115,1147.481899,1139.06919,1140.682251,7576878
2023-10-10 00:00:00+05:30,1144.801839,1150.435072,1143.412101,1145.719971,10236032
2023-10-11 00:00:00+05:30,1148.722762,1166.21827,1148.003113,1163.9104,9814118
2023-10-12 00:00:00+05:30,1163.314821,1171.007881,1160.485663,1166.069336,12554450
2023-10-13 00:00:00+05:30,1161.403915,1170.089628,1156.018725,1166.019775,10150316
2023-10-16 00:00:00+05:30,1163.885548,1168.62549,1159.41861,1163.414063,5929036
2023-10-17 00:00:00+05:30,1169.345145,1171.181529,1162.04917,1168.9729,7928180
2023-10-18 00:00:00+05:30,1168.972971,1174.804808,1151.973789,1153.462769,8918320
2023-10-19 00:00:00+05:30,1147.50683,1152.370854,1142.047239,1144.603271,12032556
2023-10-20 00:00:00+05:30,1141.550893,1148.846868,1139.71451,1141.104248,8913312
2023-10-23 00:00:00+05:30,1136.587584,1144.652889,1119.34024,1123.286011,7853962
2023-10-25 00:00:00+05:30,1116.759489,1132.220011,1113.260363,1120.68042,11620688
2023-10-26 00:00:00+05:30,1117.230798,1120.705083,1101.993601,1105.070801,15222534
2023-10-27 00:00:00+05:30,1111.771291,1128.398228,1109.761145,1124.576538,11771084
2023-10-30 00:00:00+05:30,1128.646435,1153.959086,1126.636289,1147.755005,16813304
2023-10-31 00:00:00+05:30,1155.448028,1155.448028,1133.063656,1135.545288,12808438
2023-11-01 00:00:00+05:30,1136.165683,1150.236586,1129.241953,1140.260376,10309190
2023-11-02 00:00:00+05:30,1148.47462,1153.611647,1145.496661,1151.57666,10562104
2023-11-03 00:00:00+05:30,1155.05094,1158.89747,1149.368026,1151.328491,8850156
2023-11-06 00:00:00+05:30,1157.58223,1161.403919,1154.256867,1160.907593,10647304
2023-11-07 00:00:00+05:30,1158.450749,1160.957222,1151.254016,1153.363403,6960204
2023-11-08 00:00:00+05:30,1157.433394,1161.900332,1152.346047,1159.369019,7884494
2023-11-09 00:00:00+05:30,1159.344193,1159.368912,1143.635388,1146.787109,14513610
2023-11-10 00:00:00+05:30,1144.305587,1149.665937,1140.583138,1148.946167,7734954
2023-11-13 00:00:00+05:30,1152.916776,1153.760628,1147.357944,1148.797363,3854810
2023-11-15 00:00:00+05:30,1161.403935,1172.298277,1154.951691,1169.568481,12220648
2023-11-16 00:00:00+05:30,1166.913195,1178.353423,1164.853368,1171.677856,13134910
2023-11-17 00:00:00+05:30,1167.806488,1177.90678,1167.384684,1169.121826,7758634
2023-11-20 00:00:00+05:30,1165.64747,1170.536213,1159.617031,1166.044556,4490186
2023-11-21 00:00:00+05:30,1174.308375,1185.227557,1171.429657,1180.710938,8214450
2023-11-22 00:00:00+05:30,1178.775297,1188.428822,1177.385559,1185.326782,8534814
2023-11-23 00:00:00+05:30,1185.326866,1191.183542,1185.326866,1188.950073,8531542
2023-11-24 00:00:00+05:30,1187.01443,1192.474021,1186.741426,1188.155884,6749486
2023-11-28 00:00:00+05:30,1188.155889,1191.034607,1178.899449,1188.404053,13792174
2023-11-29 00:00:00+05:30,1195.154091,1197.114556,1190.215667,1191.530884,12531306
2023-11-30 00:00:00+05:30,1188.552965,1191.530923,1176.244044,1179.991333,28439984
2023-12-01 00:00:00+05:30,1180.264346,1189.396705,1180.065864,1188.354492,14342842
2023-12-04 00:00:00+05:30,1215.999904,1215.999904,1190.488771,1201.209351,15590990
2023-12-05 00:00:00+05:30,1210.54033,1211.458582,1201.929017,1209.919922,12693624
2023-12-06 00:00:00+05:30,1214.560585,1227.390551,1208.554986,1221.509155,16422442
2023-12-07 00:00:00+05:30,1220.96304,1221.434526,1212.029164,1219.498901,8142096
2023-12-08 00:00:00+05:30,1222.87393,1229.251652,1213.518129,1218.853638,10204894
2023-12-11 00:00:00+05:30,1218.977761,1224.735196,1217.190937,1220.640503,7066138
2023-12-12 00:00:00+05:30,1220.963028,1223.41982,1201.184371,1203.120117,9197124
2023-12-13 00:00:00+05:30,1202.102615,1210.2176,1194.310314,1208.033691,10031182
2023-12-14 00:00:00+05:30,1217.985162,1228.383177,1212.351808,1223.022827,16972354
2023-12-15 00:00:00+05:30,1229.89693,1240.816112,1225.951159,1238.632324,15932152
2023-12-18 00:00:00+05:30,1238.63237,1258.137903,1236.324379,1251.239014,14165188
2023-12-19 00:00:00+05:30,1268.11405,1277.494571,1253.323497,1269.65271,16820604
2023-12-20 00:00:00+05:30,1276.080186,1289.878086,1250.742696,1254.291382,17736722
2023-12-21 00:00:00+05:30,1254.21702,1277.296201,1249.874163,1271.86145,13765454
2023-12-22 00:00:00+05:30,1270.39734,1280.968997,1264.466141,1273.102295,16541784
2023-12-26 00:00:00+05:30,1274.566338,1286.453333,1271.935784,1279.554443,7465664
2023-12-27 00:00:00+05:30,1281.515009,1290.399205,1277.097752,1283.922241,9204156
2023-12-28 00:00:00+05:30,1285.386349,1296.404773,1283.92221,1293.203491,12302636
2023-12-29 00:00:00+05:30,1295.958013,1297.397311,1280.174808,1282.979004,10864584
2024-01-01 00:00:00+05:30,1280.795277,1293.848687,1277.122388,1285.609619,4030540
2024-01-02 00:00:00+05:30,1283.003966,1297.893761,1277.048049,1296.255859,7448800
2024-01-03 00:00:00+05:30,1295.412048,1307.323883,1279.132516,1282.160156,9037536
2024-01-04 00:00:00+05:30,1284.492835,1295.337617,1280.075579,1288.786011,9612778
2024-01-05 00:00:00+05:30,1291.888117,1300.300947,1289.456165,1294.270508,8086406
2024-01-08 00:00:00+05:30,1295.412034,1306.306375,1275.037809,1284.170288,7734652
2024-01-09 00:00:00+05:30,1290.448874,1293.823919,1279.132606,1280.770508,5403074
2024-01-10 00:00:00+05:30,1279.033306,1319.732076,1278.065494,1315.314819,11102740
2024-01-11 00:00:00+05:30,1319.732139,1352.489687,1318.739486,1349.908813,23725852
2024-01-12 00:00:00+05:30,1349.908755,1363.235048,1335.862692,1360.654175,15012164
2024-01-15 00:00:00+05:30,1364.897836,1386.190194,1355.963959,1383.882324,8610594
2024-01-16 00:00:00+05:30,1379.762711,1386.041313,1360.430819,1364.525513,9069024
2024-01-17 00:00:00+05:30,1349.511583,1376.089888,1345.069485,1351.571289,12197382
2024-01-18 00:00:00+05:30,1341.471203,1360.927176,1341.322281,1357.899536,10279438
2024-01-19 00:00:00+05:30,1365.890429,1365.890429,1349.015329,1357.403198,10422704
2024-01-23 00:00:00+05:30,1361.671682,1361.671682,1312.833206,1318.813843,20055420
2024-01-24 00:00:00+05:30,1325.414993,1339.585138,1314.198087,1334.001465,21919128
2024-01-25 00:00:00+05:30,1333.083178,1354.127493,1325.390118,1343.133789,11808872
2024-01-29 00:00:00+05:30,1354.474932,1441.82839,1350.181756,1437.411133,23893438
2024-01-30 00:00:00+05:30,1449.223597,1449.248438,1394.10664,1397.283081,14093978
2024-01-31 00:00:00+05:30,1393.684781,1423.712534,1392.195802,1416.143555,15130226
2024-02-01 00:00:00+05:30,1424.456963,1432.745591,1407.631544,1416.168335,13349362
2024-02-02 00:00:00+05:30,1422.645396,1464.063815,1422.645396,1446.990112,19652588
2024-02-05 00:00:00+05:30,1450.017753,1459.696119,1421.007496,1428.452393,8814432
2024-02-06 00:00:00+05:30,1431.256515,1431.256515,1409.393311,1417.309814,9047984
2024-02-07 00:00:00+05:30,1425.375203,1438.850418,1418.749196,1431.554443,9296568
2024-02-08 00:00:00+05:30,1439.346744,1448.752106,1417.036893,1439.470825,14694634
2024-02-09 00:00:00+05:30,1443.317293,1461.160205,1440.289653,1450.0177,12556798
2024-02-12 00:00:00+05:30,1450.017752,1450.265915,1431.752914,1441.679443,6674430
2024-02-13 00:00:00+05:30,1444.806371,1468.133716,1443.317392,1454.335815,7715594
2024-02-14 00:00:00+05:30,1446.791623,1472.749521,1446.791623,1470.491211,7117888
2024-02-15 00:00:00+05:30,1472.451612,1473.81651,1455.750276,1459.795288,10006782
2024-02-16 00:00:00+05:30,1465.6272,1466.148367,1447.833969,1449.843994,9767498
2024-02-19 00:00:00+05:30,1451.308256,1468.630001,1442.845866,1463.17041,6729828
2024-02-20 00:00:00+05:30,1464.188019,1464.659505,1451.060208,1460.217407,7117496
2024-02-21 00:00:00+05:30,1463.17051,1477.588819,1446.841417,1456.916748,12720292
2024-02-22 00:00:00+05:30,1457.363348,1474.039844,1447.287897,1470.863403,18493728
2024-02-23 00:00:00+05:30,1478.556552,1486.547456,1472.451712,1482.651245,14438584
2024-02-26 00:00:00+05:30,1482.576822,1483.544635,1471.607959,1476.397461,7513106
2024-02-27 00:00:00+05:30,1472.129149,1488.929728,1467.190725,1474.734863,10826044
2024-02-28 00:00:00+05:30,1472.104294,1480.318521,1439.52051,1444.93042,8647950
2024-02-29 00:00:00+05:30,1454.236599,1468.1089,1443.838583,1450.067505,23628976
2024-03-01 00:00:00+05:30,1452.747542,1488.979373,1451.754889,1481.162231,12132926
2024-03-04 00:00:00+05:30,1479.524374,1501.337898,1476.298252,1496.325073,10024420
2024-03-05 00:00:00+05:30,1494.711969,1496.32503,1475.131915,1489.177856,7107668
2024-03-06 00:00:00+05:30,1482.477513,1497.913315,1467.6374,1491.957397,7805676
2024-03-07 00:00:00+05:30,1491.932557,1492.056639,1464.709122,1468.059326,8315726
2024-03-11 00:00:00+05:30,1478.060156,1478.060156,1452.747507,1455.824707,11277130
2024-03-12 00:00:00+05:30,1455.824848,1477.067646,1454.261468,1464.585083,9432678
2024-03-13 00:00:00+05:30,1468.902964,1472.203486,1417.285013,1421.65271,13522134
2024-03-14 00:00:00+05:30,1429.122432,1437.882667,1415.026808,1420.957886,18571102
2024-03-15 00:00:00+05:30,1415.473395,1422.69497,1402.519347,1407.805176,19223818
2024-03-18 00:00:00+05:30,1409.567156,1431.132517,1406.117712,1428.899048,9169392
2024-03-19 00:00:00+05:30,1418.25285,1427.037804,1406.837341,1414.778564,8275764
2024-03-20 00:00:00+05:30,1417.458614,1434.383394,1413.562525,1433.142578,8488806
2024-03-21 00:00:00+05:30,1441.853236,1447.188745,1434.060934,1440.314575,13006936
2024-03-22 00:00:00+05:30,1439.321893,1449.273263,1436.716179,1444.334839,19527608
2024-03-26 00:00:00+05:30,1434.383527,1441.729184,1428.42761,1430.983643,11415906
2024-03-27 00:00:00+05:30,1437.361497,1488.979451,1436.368844,1481.881958,16326644
2024-03-28 00:00:00+05:30,1481.906761,1494.88565,1467.786297,1474.93335,21854364
2024-04-01 00:00:00+05:30,1481.509712,1482.998692,1471.608023,1473.866333,5013880
2024-04-02 00:00:00+05:30,1473.096869,1483.023398,1464.162993,1476.025146,8910166
2024-04-03 00:00:00+05:30,1471.186102,1473.543652,1458.107971,1460.788086,7008292
2024-04-04 00:00:00+05:30,1468.878217,1468.878217,1439.346792,1452.17688,14490272
2024-04-05 00:00:00+05:30,1450.141767,1459.993895,1445.302584,1449.372437,7442298
2024-04-08 00:00:00+05:30,1452.226356,1480.020638,1450.265891,1475.057373,8357118
2024-04-09 00:00:00+05:30,1478.060212,1478.854383,1451.754909,1452.896484,7071414
2024-04-10 00:00:00+05:30,1455.576656,1476.074965,1455.576656,1468.704468,9138330
2024-04-12 00:00:00+05:30,1465.0316,1475.553696,1452.325594,1456.370728,15551012
2024-04-15 00:00:00+05:30,1450.265895,1471.235688,1435.698665,1454.062744,12902062
2024-04-16 00:00:00+05:30,1442.672158,1460.36627,1440.265047,1454.981079,9366184
2024-04-18 00:00:00+05:30,1452.747516,1475.082206,1448.627982,1453.566406,19005692
2024-04-19 00:00:00+05:30,1446.072081,1463.170505,1432.423103,1459.323975,15741778
2024-04-22 00:00:00+05:30,1461.631761,1471.930535,1457.016022,1468.977417,10350362
2024-04-23 00:00:00+05:30,1468.133767,1482.527236,1444.856103,1448.603271,14605554
2024-04-24 00:00:00+05:30,1452.74756,1457.760505,1438.850419,1439.520508,10462776
2024-04-25 00:00:00+05:30,1431.901828,1457.189636,1430.909175,1449.248413,15943926
2024-04-26 00:00:00+05:30,1453.194321,1454.236655,1439.34686,1441.878174,9413848
2024-04-29 00:00:00+05:30,1439.346718,1457.11523,1439.346718,1454.261353,7247974
2024-04-30 00:00:00+05:30,1457.214455,1472.178649,1452.127109,1456.221802,11474262
2024-05-02 00:00:00+05:30,1461.185179,1466.471007,1453.368037,1455.775269,14512646
2024-05-03 00:00:00+05:30,1460.192515,1464.113446,1405.745524,1423.464355,17226958
2024-05-06 00:00:00+05:30,1424.95331,1429.420248,1407.581883,1409.095703,7394208
2024-05-07 00:00:00+05:30,1405.57169,1410.311632,1381.772861,1391.178223,14517472
2024-05-08 00:00:00+05:30,1387.232536,1422.422036,1387.232536,1408.12793,9439002
2024-05-09 00:00:00+05:30,1402.618649,1413.289669,1379.787631,1383.882324,11009612
2024-05-10 00:00:00+05:30,1386.487976,1399.640628,1377.876664,1397.084595,10505096
2024-05-13 00:00:00+05:30,1389.614931,1396.637903,1373.831725,1392.394287,8456620
2024-05-14 00:00:00+05:30,1390.681834,1416.59005,1389.738862,1409.641479,7188300
2024-05-15 00:00:00+05:30,1410.063564,1419.468926,1402.643507,1405.869629,5046534
2024-05-16 00:00:00+05:30,1408.127841,1417.012036,1387.753615,1414.877808,14711774
2024-05-17 00:00:00+05:30,1412.594892,1426.640835,1402.866844,1425.151855,10916476
2024-05-21 00:00:00+05:30,1415.126034,1431.231804,1415.126034,1425.57373,11176128
2024-05-22 00:00:00+05:30,1425.722663,1457.983884,1425.722663,1449.918579,10281604
2024-05-23 00:00:00+05:30,1447.834002,1481.261517,1444.310036,1475.131958,14608260
2024-05-24 00:00:00+05:30,1472.724715,1477.563898,1465.254978,1469.374512,7094776
2024-05-27 00:00:00+05:30,1469.349718,1473.990419,1450.811997,1455.477417,6629010
2024-05-28 00:00:00+05:30,1457.214451,1467.637307,1442.076495,1445.501099,7820162
2024-05-29 00:00:00+05:30,1435.872489,1447.287998,1427.881584,1430.189575,7383556
2024-05-30 00:00:00+05:30,1424.953247,1429.817271,1409.666368,1414.38147,13206858
2024-05-31 00:00:00+05:30,1420.784159,1431.65366,1411.800602,1419.890747,31069832
2024-06-03 00:00:00+05:30,1472.104322,1503.37289,1448.280652,1499.228516,21527942
2024-06-04 00:00:00+05:30,1487.043779,1487.043779,1349.313184,1387.009155,36709098
2024-06-05 00:00:00+05:30,1411.552462,1420.63526,1373.930892,1410.311646,17464890
2024-06-06 00:00:00+05:30,1424.456953,1433.092985,1410.907217,1421.081909,17855722
2024-06-07 00:00:00+05:30,1418.004612,1461.185011,1416.019306,1459.150024,18558696
2024-06-10 00:00:00+05:30,1459.150058,1482.37816,1457.288834,1460.589478,9251760
2024-06-11 00:00:00+05:30,1458.207177,1462.847878,1443.987472,1445.972778,11774902
2024-06-12 00:00:00+05:30,1446.791697,1465.155777,1444.483828,1452.573853,10081742
2024-06-13 00:00:00+05:30,1461.185149,1461.433312,1449.372554,1454.484741,9181160
2024-06-14 00:00:00+05:30,1459.19988,1468.803846,1446.518713,1466.694458,8157998
2024-06-18 00:00:00+05:30,1476.422403,1476.472084,1460.539955,1470.143921,7196766
2024-06-19 00:00:00+05:30,1476.57124,1476.57124,1445.302673,1447.933228,8725874
2024-06-20 00:00:00+05:30,1448.28073,1471.95548,1439.446094,1462.872681,16113776
2024-06-21 00:00:00+05:30,1462.798201,1463.865255,1429.990973,1443.515869,31170360
2024-06-24 00:00:00+05:30,1434.90457,1438.850341,1426.938506,1430.884277,8878386
2024-06-25 00:00:00+05:30,1432.398204,1445.228292,1430.412898,1443.466309,7045386
2024-06-26 00:00:00+05:30,1435.425809,1507.814951,1434.507557,1502.901367,22014882
2024-06-27 00:00:00+05:30,1502.628315,1526.203821,1494.935255,1519.304932,28383030
2024-06-28 00:00:00+05:30,1519.776481,1569.384287,1519.776481,1553.898926,28957336
2024-07-01 00:00:00+05:30,1551.045051,1567.796069,1544.245402,1548.6875,7724306
2024-07-02 00:00:00+05:30,1557.968835,1561.939447,1545.560673,1553.675659,7749246
2024-07-03 00:00:00+05:30,1554.817066,1563.428379,1531.440162,1541.019287,9049620
2024-07-04 00:00:00+05:30,1545.560662,1555.983518,1539.406262,1542.607544,6837176
2024-07-05 00:00:00+05:30,1542.408877,1586.755695,1536.626722,1576.953247,12269710
2024-07-08 00:00:00+05:30,1577.325589,1596.980166,1570.898185,1589.138184,9500806
2024-07-09 00:00:00+05:30,1585.862321,1588.741039,1568.88798,1578.591187,6960002
2024-07-10 00:00:00+05:30,1583.281431,1585.763063,1551.665459,1572.585571,7134578
2024-07-11 00:00:00+05:30,1575.836514,1592.46345,1558.961414,1569.036865,11940946
2024-07-12 00:00:00+05:30,1572.858616,1593.356924,1562.932087,1584.993774,12924784
2024-07-15 00:00:00+05:30,1592.662006,1594.051744,1573.85128,1585.490112,5329688
2024-07-16 00:00:00+05:30,1581.792453,1588.244697,1557.596537,1564.669189,9386838
2024-07-18 00:00:00+05:30,1564.421081,1582.189594,1546.379565,1575.0177,12298374
2024-07-19 00:00:00+05:30,1574.347562,1578.293333,1541.391533,1543.724243,13140390
2024-07-22 00:00:00+05:30,1525.95577,1526.203933,1488.259798,1489.649536,19674376
2024-07-23 00:00:00+05:30,1489.97199,1494.687092,1452.25118,1476.968262,18052044
2024-07-24 00:00:00+05:30,1474.0896,1498.409596,1465.552809,1484.710938,11913362
2024-07-25 00:00:00+05:30,1470.118914,1489.450804,1466.222703,1481.435181,12519876
2024-07-26 00:00:00+05:30,1481.435255,1501.313155,1479.400268,1497.93811,9859940
2024-07-29 00:00:00+05:30,1500.841617,1516.277419,1500.667975,1508.931763,7538550
2024-07-30 00:00:00+05:30,1505.879245,1513.795627,1498.905834,1502.032715,8228208
2024-07-31 00:00:00+05:30,1492.949923,1499.352486,1490.120887,1494.364502,10057346
2024-08-01 00:00:00+05:30,1500.891311,1506.847229,1493.247931,1504.167114,10764222
2024-08-02 00:00:00+05:30,1493.942558,1498.235733,1482.303727,1488.309204,10268248
2024-08-05 00:00:00+05:30,1469.126266,1472.997636,1422.719743,1436.691284,17046704
2024-08-06 00:00:00+05:30,1444.459005,1466.644775,1440.662035,1445.352417,10236186
2024-08-07 00:00:00+05:30,1458.207118,1461.681404,1450.762222,1454.062744,8174568
2024-08-08 00:00:00+05:30,1446.816581,1454.236638,1435.30183,1438.478271,12387192
2024-08-09 00:00:00+05:30,1449.273276,1465.65205,1445.302665,1463.468262,6249776
2024-08-12 00:00:00+05:30,1459.199798,1462.177757,1447.0398,1449.893677,8184584
2024-08-13 00:00:00+05:30,1450.017827,1459.274267,1447.288031,1452.871704,6265064
2024-08-14 00:00:00+05:30,1452.797324,1461.185193,1443.019595,1451.109741,6267466
2024-08-16 00:00:00+05:30,1457.859836,1469.523509,1447.337739,1467.3396,9416902
2024-08-19 00:00:00+05:30,1476.602572,1492.339768,1474.610528,1482.479126,13797742
2024-08-20 00:00:00+05:30,1491.268976,1497.942396,1484.097666,1489.999023,8411808
2024-08-21 00:00:00+05:30,1487.309789,1501.87661,1484.072718,1492.713257,7769996
2024-08-22 00:00:00+05:30,1497.021012,1500.507089,1484.720165,1492.165405,10445782
2024-08-23 00:00:00+05:30,1497.768064,1505.312882,1492.464296,1494.008057,9249654
2024-08-26 00:00:00+05:30,1500.980262,1516.941539,1497.021099,1506.582886,8816114
2024-08-27 00:00:00+05:30,1504.491271,1507.454412,1493.485179,1494.481201,6251156
2024-08-28 00:00:00+05:30,1499.013143,1501.478273,1487.060878,1492.339844,9610286
2024-08-29 00:00:00+05:30,1497.120591,1530.88576,1488.056816,1514.874756,38335358
2024-08-30 00:00:00+05:30,1527.897788,1533.59999,1497.344764,1503.619751,41620730
2024-09-02 00:00:00+05:30,1504.864765,1520.726465,1500.631672,1510.218384,11240852
2024-09-03 00:00:00+05:30,1515.198471,1516.941509,1501.503168,1503.121704,10923800
2024-09-04 00:00:00+05:30,1494.730145,1511.463363,1493.534967,1508.525146,11983304
2024-09-05 00:00:00+05:30,1513.007235,1519.705458,1481.134531,1487.035889,16264168
2024-09-06 00:00:00+05:30,1486.562759,1491.044858,1455.810581,1458.997803,19394228
2024-09-09 00:00:00+05:30,1460.666262,1464.077686,1449.809598,1456.632324,9010298
2024-09-10 00:00:00+05:30,1454.690113,1466.194215,1451.7767,1455.71106,10768260
2024-09-11 00:00:00+05:30,1457.230055,1462.907332,1441.791714,1445.725952,9760202
2024-09-12 00:00:00+05:30,1451.203981,1480.088618,1440.123237,1473.91333,22349376
2024-09-13 00:00:00+05:30,1470.526853,1477.250001,1463.654277,1466.766846,8711328
2024-09-16 00:00:00+05:30,1471.672358,1475.009007,1458.923227,1465.496948,5481774
2024-09-17 00:00:00+05:30,1468.136426,1471.597578,1460.790764,1466.443237,5935328
2024-09-18 00:00:00+05:30,1464.152288,1476.104552,1454.739929,1457.628296,8574714
2024-09-19 00:00:00+05:30,1460.417189,1470.626414,1449.759803,1463.828613,16955902
2024-09-20 00:00:00+05:30,1468.136427,1489.052889,1465.521869,1480.014038,30897320
2024-09-23 00:00:00+05:30,1485.068774,1495.527005,1483.02688,1487.434326,8832314
2024-09-24 00:00:00+05:30,1482.578676,1494.53094,1481.956162,1483.450195,17137444
2024-09-25 00:00:00+05:30,1477.99701,1490.546863,1474.311656,1488.006958,7069002
2024-09-26 00:00:00+05:30,1484.720201,1498.017071,1482.130568,1491.991089,18818998
2024-09-27 00:00:00+05:30,1493.036936,1527.374769,1486.064782,1520.103882,20597478
2024-09-30 00:00:00+05:30,1513.355888,1518.908662,1468.534897,1470.701172,27008814
2024-10-01 00:00:00+05:30,1474.759923,1482.03081,1457.005759,1458.997803,16431642
2024-10-03 00:00:00+05:30,1430.860279,1443.634334,1396.49752,1401.378052,37757294
2024-10-04 00:00:00+05:30,1398.340206,1411.711728,1376.278295,1381.009399,37072876
2024-10-07 00:00:00+05:30,1387.956642,1390.944708,1355.959436,1365.272217,22181340
2024-10-08 00:00:00+05:30,1367.513225,1395.426764,1359.669552,1391.79126,17020808
2024-10-09 00:00:00+05:30,1391.965689,1395.401917,1367.040214,1369.131836,14310610
2024-10-10 00:00:00+05:30,1374.53522,1380.486427,1363.977412,1365.595947,22358646
2024-10-11 00:00:00+05:30,1364.550102,1377.772318,1363.379727,1366.641724,7980122
2024-10-14 00:00:00+05:30,1373.962443,1374.584956,1362.807045,1367.065063,12221432
2024-10-15 00:00:00+05:30,1353.120786,1366.243302,1335.366621,1338.678467,33762794
2024-10-16 00:00:00+05:30,1334.669515,1358.574044,1332.303963,1348.688477,20034438
2024-10-17 00:00:00+05:30,1360.267181,1363.006242,1346.671579,1351.029175,15543660
2024-10-18 00:00:00+05:30,1346.796044,1362.981401,1335.989108,1353.8927,12082452
2024-10-21 00:00:00+05:30,1361.686599,1368.53425,1352.323968,1363.753296,14067408
2024-10-22 00:00:00+05:30,1363.753247,1370.526246,1334.893535,1338.006104,15831960
2024-10-23 00:00:00+05:30,1332.179371,1352.074885,1329.689316,1333.200317,17214742
2024-10-24 00:00:00+05:30,1329.963313,1338.354725,1317.861621,1334.470337,22155934
2024-10-25 00:00:00+05:30,1338.155517,1339.002112,1316.741045,1322.567749,18597496
2024-10-28 00:00:00+05:30,1331.681353,1347.617704,1316.840601,1329.04187,10824350
2024-10-29 00:00:00+05:30,1322.816748,1337.856655,1315.04785,1334.669434,12008361
2024-10-30 00:00:00+05:30,1329.689335,1344.629665,1320.077699,1338.553955,11984423
2024-10-31 00:00:00+05:30,1334.669425,1337.65749,1320.874545,1326.751099,9331650
2024-11-01 00:00:00+05:30,1327.74713,1336.611629,1327.697281,1333.324829,2127335
2024-11-04 00:00:00+05:30,1332.52803,1334.669502,1279.987869,1296.970093,19796890
2024-11-05 00:00:00+05:30,1287.856425,1304.340637,1281.033699,1300.107544,16267479
2024-11-06 00:00:00+05:30,1304.788845,1323.016097,1295.027781,1320.077759,21625209
2024-11-07 00:00:00+05:30,1318.733157,1318.733157,1297.418261,1300.456177,9611974
2024-11-08 00:00:00+05:30,1292.487918,1296.472006,1269.927996,1278.643188,19814406
2024-11-11 00:00:00+05:30,1273.862222,1280.884226,1261.959808,1267.637085,9056552
2024-11-12 00:00:00+05:30,1270.475908,1284.17121,1262.457882,1269.18103,10671091
2024-11-13 00:00:00+05:30,1265.196887,1270.376152,1244.529431,1247.069336,14633633
2024-11-14 00:00:00+05:30,1248.613187,1267.537605,1246.123132,1262.557495,12612633
2024-11-18 00:00:00+05:30,1262.557468,1267.836433,1238.951795,1255.734741,13620611
2024-11-19 00:00:00+05:30,1255.734689,1276.402144,1230.236551,1236.710693,14183746
2024-11-21 00:00:00+05:30,1236.710722,1239.0015,1212.407761,1218.134888,19433843
2024-11-22 00:00:00+05:30,1224.50942,1263.802438,1217.586995,1260.366211,20471957
2024-11-25 00:00:00+05:30,1284.868315,1299.260783,1277.348301,1281.880249,28923341
2024-11-26 00:00:00+05:30,1289.798638,1292.687126,1279.091401,1290.545654,9247557
2024-11-27 00:00:00+05:30,1288.354397,1298.6632,1280.884233,1288.055542,9572746
2024-11-28 00:00:00+05:30,1284.818474,1291.442045,1264.001713,1265.744751,15027412
2024-11-29 00:00:00+05:30,1274.908151,1294.330579,1270.177046,1287.05957,13202307
2024-12-02 00:00:00+05:30,1282.876371,1306.133461,1271.969978,1303.942261,11024152
2024-12-03 00:00:00+05:30,1311.760902,1321.521965,1301.800682,1318.035889,16869482
2024-12-04 00:00:00+05:30,1320.725143,1323.11562,1298.862509,1303.74292,19608540
2024-12-05 00:00:00+05:30,1309.121451,1324.65937,1300.95412,1316.790894,16858723
2024-12-06 00:00:00+05:30,1318.633488,1318.633488,1304.788759,1306.332642,9037514
2024-12-09 00:00:00+05:30,1297.816673,1309.768937,1287.956031,1289.997925,14650002
2024-12-10 00:00:00+05:30,1284.12129,1289.748839,1275.107243,1279.73877,16043729
2024-12-11 00:00:00+05:30,1279.888232,1284.868342,1270.973884,1273.115234,11724373
2024-12-12 00:00:00+05:30,1264.947953,1273.115285,1255.585321,1257.876221,20906813
2024-12-13 00:00:00+05:30,1254.987762,1270.127249,1234.668888,1267.786621,28630222
2024-12-16 00:00:00+05:30,1269.92806,1275.904192,1261.511722,1263.254761,9486781
2024-12-17 00:00:00+05:30,1256.033537,1258.872175,1237.856137,1240.346191,17462791
2024-12-18 00:00:00+05:30,1235.714674,1254.937825,1235.714674,1248.264526,12670179
2024-12-19 00:00:00+05:30,1234.071212,1239.947766,1224.110993,1225.555176,14244653
2024-12-20 00:00:00+05:30,1219.130934,1234.569275,1196.720439,1200.505371,20312896
2024-12-23 00:00:00+05:30,1210.166735,1222.318155,1208.373847,1217.437744,10052824
2024-12-24 00:00:00+05:30,1217.437703,1228.64295,1216.142826,1217.885864,6734917
2024-12-26 00:00:00+05:30,1219.379892,1222.816119,1209.419672,1211.710571,10016178
2024-12-27 00:00:00+05:30,1213.453688,1223.015476,1212.158811,1216.192749,7000397
2024-12-30 00:00:00+05:30,1211.561187,1218.334064,1203.294156,1205.883789,8818766
2024-12-31 00:00:00+05:30,1203.194553,1214.250373,1201.351937,1210.614868,6405475
2025-01-01 00:00:00+05:30,1210.017281,1221.421805,1206.780209,1216.391846,5892590
2025-01-02 00:00:00+05:30,1216.391808,1239.499468,1215.14678,1236.860107,15486276
2025-01-03 00:00:00+05:30,1238.951814,1257.029638,1230.585205,1246.172974,15521102
2025-01-06 00:00:00+05:30,1248.961727,1256.979753,1210.166719,1213.154785,14816766
2025-01-07 00:00:00+05:30,1217.138829,1239.549323,1216.391812,1235.913818,10070505
2025-01-08 00:00:00+05:30,1244.031458,1265.993791,1240.395953,1260.46582,19346579
2025-01-09 00:00:00+05:30,1261.959814,1264.698874,1243.085246,1249.758545,12794704
2025-01-10 00:00:00+05:30,1248.862131,1251.750619,1231.083163,1236.959717,8120332
2025-01-13 00:00:00+05:30,1225.107054,1240.29639,1221.521399,1234.917847,13764861
2025-01-14 00:00:00+05:30,1239.150959,1248.364163,1222.368013,1233.822266,13095266
2025-01-15 00:00:00+05:30,1239.997469,1251.999582,1236.909825,1247.218628,9578856
2025-01-16 00:00:00+05:30,1253.892094,1269.928024,1246.322352,1261.411987,14117603
2025-01-17 00:00:00+05:30,1316.990051,1320.725133,1279.888233,1297.169189,29366277
2025-01-20 00:00:00+05:30,1310.764916,1310.764916,1295.07757,1300.256836,14040244
2025-01-21 00:00:00+05:30,1305.286837,1307.776892,1265.147102,1268.633179,14562976
2025-01-22 00:00:00+05:30,1273.214953,1277.796629,1263.653044,1272.019653,10273590
2025-01-23 00:00:00+05:30,1264.947884,1272.268621,1256.581275,1258.623169,8720682
2025-01-24 00:00:00+05:30,1260.96387,1267.936024,1238.553375,1241.342285,14235970
2025-01-27 00:00:00+05:30,1234.170809,1235.515414,1215.146814,1224.459595,9536019
2025-01-28 00:00:00+05:30,1233.075279,1239.798428,1213.652849,1229.489624,10568025
2025-01-29 00:00:00+05:30,1231.083216,1237.806365,1223.16489,1230.585205,5928156
2025-01-30 00:00:00+05:30,1230.635044,1251.999668,1227.497551,1248.06543,9269259
2025-01-31 00:00:00+05:30,1250.854179,1261.959849,1244.031453,1260.067383,6584612
2025-02-01 00:00:00+05:30,1260.067347,1265.49574,1236.063242,1259.569336,7118453
2025-02-03 00:00:00+05:30,1246.023536,1251.003646,1232.627088,1240.943848,9252345
2025-02-04 00:00:00+05:30,1243.085283,1283.673179,1241.640978,1280.087402,16691069
2025-02-05 00:00:00+05:30,1277.547605,1285.366353,1271.621201,1273.115234,10112028
2025-02-06 00:00:00+05:30,1268.633156,1282.87632,1265.296507,1276.452026,9956001
2025-02-07 00:00:00+05:30,1271.073492,1278.593385,1256.979756,1261.661011,8764283
2025-02-10 00:00:00+05:30,1259.469778,1261.461822,1240.59521,1248.662964,6970972
2025-02-11 00:00:00+05:30,1259.519671,1259.519671,1225.20664,1229.937744,8859714
2025-02-12 00:00:00+05:30,1214.598938,1222.019374,1188.602789,1211.710571,21131654
2025-02-13 00:00:00+05:30,1212.208623,1223.115015,1207.178663,1211.262329,8511216
2025-02-14 00:00:00+05:30,1214.150753,1219.130863,1200.654607,1212.407715,10298145
2025-02-17 00:00:00+05:30,1206.282192,1222.616977,1199.708471,1220.027344,8166683
2025-02-18 00:00:00+05:30,1219.97753,1225.00749,1211.262337,1220.525391,6673250
2025-02-19 00:00:00+05:30,1214.648813,1227.846104,1212.706618,1222.567139,6217338
2025-02-20 00:00:00+05:30,1219.081045,1234.419808,1217.138851,1228.095093,7795582
2025-02-21 00:00:00+05:30,1223.812143,1235.06724,1217.288272,1223.264404,6904025
2025-02-24 00:00:00+05:30,1211.71055,1218.383848,1205.684568,1209.718506,7172498
2025-02-25 00:00:00+05:30,1206.182603,1216.142823,1196.720394,1199.210449,11552182
2025-02-27 00:00:00+05:30,1207.975494,1210.166694,1195.873803,1202.298096,11509215
2025-02-28 00:00:00+05:30,1197.218394,1212.507307,1188.553051,1195.325928,23007298
2025-03-03 00:00:00+05:30,1199.210417,1201.650622,1151.401364,1166.590698,17944938
2025-03-04 00:00:00+05:30,1157.576688,1169.329796,1154.937327,1157.277954,11377373
2025-03-05 00:00:00+05:30,1156.381565,1178.294049,1152.397477,1170.923462,8664095
2025-03-06 00:00:00+05:30,1192.238355,1209.120879,1180.435518,1204.788208,14468014
2025-03-07 00:00:00+05:30,1211.162776,1249.808479,1207.178688,1244.828369,16474965
2025-03-10 00:00:00+05:30,1240.047354,1252.995639,1230.485567,1233.473633,11931051
2025-03-11 00:00:00+05:30,1235.067248,1244.529457,1224.858023,1242.338257,10089838
2025-03-12 00:00:00+05:30,1252.995611,1257.97572,1239.051303,1252.049438,11977555
2025-03-13 00:00:00+05:30,1255.037605,1259.121271,1238.901975,1242.935913,9505270
2025-03-17 00:00:00+05:30,1237.208674,1252.398009,1228.194627,1233.921753,16640917
2025-03-18 00:00:00+05:30,1233.921753,1233.921753,1233.921753,1233.921753,0
2025-03-19 00:00:00+05:30,1236.113133,1248.264553,1233.872084,1242.188843,16162399
2025-03-20 00:00:00+05:30,1246.870089,1267.935979,1245.077323,1264.101318,15971477
2025-03-21 00:00:00+05:30,1269.927978,1275.904109,1265.047446,1271.272583,21780769
2025-03-24 00:00:00+05:30,1285.864347,1300.804676,1279.141198,1296.920166,20299319
2025-03-25 00:00:00+05:30,1302.497915,1302.497915,1277.497787,1280.336426,13713899
2025-03-26 00:00:00+05:30,1285.864386,1288.653296,1263.702897,1267.98584,12074747
2025-03-27 00:00:00+05:30,1273.065506,1279.888232,1266.24278,1273.115234,15028056
2025-03-28 00:00:00+05:30,1274.90812,1290.595466,1263.951878,1270.027588,18147129
2025-04-01 00:00:00+05:30,1259.569329,1272.816469,1244.330266,1247.617065,12099648
2025-04-02 00:00:00+05:30,1242.587319,1250.555495,1238.951814,1246.172974,10142590
2025-04-03 00:00:00+05:30,1228.145018,1246.820432,1228.145018,1243.732666,7434366
2025-04-04 00:00:00+05:30,1236.162816,1240.495487,1188.403612,1199.907593,17908652
2025-04-07 00:00:00+05:30,1127.696009,1166.590715,1110.415052,1161.062744,22156106
2025-04-08 00:00:00+05:30,1167.337816,1191.839934,1158.672473,1177.497192,19555040
2025-04-09 00:00:00+05:30,1164.847719,1185.067014,1163.353686,1180.634644,10223104
2025-04-11 00:00:00+05:30,1190.395702,1217.786306,1190.395702,1214.100952,11224242
2025-04-15 00:00:00+05:30,1246.023534,1246.023534,1232.178804,1235.16687,13378535
2025-04-16 00:00:00+05:30,1229.19073,1235.963728,1224.111042,1234.370117,8248464
2025-04-17 00:00:00+05:30,1235.26645,1275.107331,1222.716597,1269.430054,15398401
2025-04-21 00:00:00+05:30,1264.947876,1295.724978,1261.95981,1290.346436,10429964
2025-04-22 00:00:00+05:30,1294.828641,1298.713151,1281.183188,1286.063599,13051707
2025-04-23 00:00:00+05:30,1291.840547,1300.804745,1280.286716,1294.828613,10480888
2025-04-24 00:00:00+05:30,1287.258887,1299.310729,1285.167265,1296.422241,10468940
2025-04-25 00:00:00+05:30,1298.314695,1319.928324,1282.975931,1295.227051,14431012
2025-04-28 00:00:00+05:30,1334.669498,1369.131835,1314.948213,1363.35498,31104496
2025-04-29 00:00:00+05:30,1365.546175,1405.287477,1364.550153,1394.131958,32538970
2025-04-30 00:00:00+05:30,1396.422823,1406.781476,1363.554097,1399.410889,25480745
2025-05-02 00:00:00+05:30,1408.375123,1421.024554,1403.494591,1414.1521,13007841
2025-05-05 00:00:00+05:30,1425.307468,1433.773655,1421.223802,1425.606323,12685649
2025-05-06 00:00:00+05:30,1425.307479,1426.303501,1404.988605,1415.247681,14084117
2025-05-07 00:00:00+05:30,1415.247612,1418.733689,1397.119939,1400.40686,13440169
2025-05-08 00:00:00+05:30,1398.514466,1415.148106,1392.438756,1401.402954,16106175
2025-05-09 00:00:00+05:30,1379.988467,1389.25152,1369.032225,1371.721436,13668904
2025-05-12 00:00:00+05:30,1394.430722,1433.275577,1394.430722,1430.785522,10674081
2025-05-13 00:00:00+05:30,1427.797477,1441.94094,1406.781438,1410.068237,11407896
2025-05-14 00:00:00+05:30,1414.351244,1424.211886,1409.869145,1418.733765,5570160
2025-05-15 00:00:00+05:30,1419.331367,1455.586593,1407.080248,1448.415161,20177211
2025-05-16 00:00:00+05:30,1447.419102,1455.188122,1441.54267,1450.606445,9036695
2025-05-19 00:00:00+05:30,1446.323457,1448.813511,1432.478727,1435.068481,6195791
2025-05-20 00:00:00+05:30,1432.478736,1439.251734,1416.144073,1418.932861,11270560
2025-05-21 00:00:00+05:30,1418.235683,1430.48668,1412.458707,1423.514526,6136364
2025-05-22 00:00:00+05:30,1415.546444,1418.136198,1391.343182,1403.793457,12134466
2025-05-23 00:00:00+05:30,1401.00455,1428.096422,1401.00455,1421.124268,6474883
2025-05-26 00:00:00+05:30,1426.303497,1435.267695,1419.430921,1429.092407,4842944
2025-05-27 00:00:00+05:30,1420.426959,1431.283623,1408.275539,1416.442871,12640414
2025-05-28 00:00:00+05:30,1414.450851,1416.940906,1405.08822,1407.279541,5944611
2025-05-29 00:00:00+05:30,1406.482636,1414.351234,1402.996559,1412.160034,13771917
2025-05-30 00:00:00+05:30,1412.359193,1424.909045,1404.092161,1415.247681,13788484
2025-06-02 00:00:00+05:30,1406.482683,1411.861226,1390.04832,1408.076294,8098668
2025-06-03 00:00:00+05:30,1416.642154,1420.825398,1397.817314,1399.908936,11252626
2025-06-04 00:00:00+05:30,1409.072238,1420.02848,1400.506474,1417.83728,8126827
2025-06-05 00:00:00+05:30,1422.319369,1448.913107,1417.936848,1436.662109,13716817
2025-06-06 00:00:00+05:30,1435.267636,1445.725866,1431.283548,1437.75769,8182161
2025-06-09 00:00:00+05:30,1451.204075,1451.702086,1439.550666,1443.036743,7885125
2025-06-10 00:00:00+05:30,1444.23184,1448.11635,1430.287533,1432.777588,7913181
2025-06-11 00:00:00+05:30,1440.048587,1462.757814,1437.359255,1443.13623,8195700
2025-06-12 00:00:00+05:30,1447.71792,1451.203997,1428.693925,1435.865234,8828114
2025-06-13 00:00:00+05:30,1418.335338,1429.789592,1408.673974,1422.219849,9757276
2025-06-16 00:00:00+05:30,1421.22378,1436.662121,1418.733726,1432.080444,8458093
2025-06-17 00:00:00+05:30,1442.239809,1442.239809,1420.12817,1425.506592,10366599
2025-06-18 00:00:00+05:30,1424.311433,1437.060563,1420.02849,1424.411011,6681735
2025-06-19 00:00:00+05:30,1424.411045,1434.17211,1420.028524,1427.598389,10007230
2025-06-20 00:00:00+05:30,1425.307505,1465.148386,1422.419017,1460.367432,29010635
2025-06-23 00:00:00+05:30,1447.219951,1457.977037,1436.263709,1451.004883,5989078
2025-06-24 00:00:00+05:30,1459.17215,1469.132369,1437.359245,1445.028687,16402744
2025-06-25 00:00:00+05:30,1458.176214,1466.542823,1454.690137,1461.463135,7525851
2025-06-26 00:00:00+05:30,1463.255836,1492.837761,1459.271748,1489.351685,14657893
2025-06-27 00:00:00+05:30,1493.435353,1515.945425,1490.945298,1509.371704,11117052
2025-06-30 00:00:00+05:30,1507.778179,1518.734421,1490.048938,1494.630615,8409527
2025-07-01 00:00:00+05:30,1494.630608,1525.308134,1494.132597,1522.320068,10368523
2025-07-02 00:00:00+05:30,1522.320088,1523.913699,1502.698381,1512.758301,6361002
2025-07-03 00:00:00+05:30,1514.750273,1525.806093,1506.981253,1511.762207,11283291
2025-07-04 00:00:00+05:30,1517.937566,1523.913698,1511.164568,1521.224487,6603501
2025-07-07 00:00:00+05:30,1520.527168,1538.654841,1518.933557,1535.36792,7251074
2025-07-08 00:00:00+05:30,1529.889788,1538.754408,1524.112811,1531.483398,7171261
2025-07-09 00:00:00+05:30,1530.586938,1544.830101,1504.092777,1512.957397,8870660
2025-07-10 00:00:00+05:30,1513.654606,1518.634716,1501.503186,1511.164551,10047129
2025-07-11 00:00:00+05:30,1505.985294,1508.97336,1484.371665,1489.252075,7234991
2025-07-14 00:00:00+05:30,1486.263916,1494.032936,1473.216053,1477.797729,10311846
2025-07-15 00:00:00+05:30,1480.287834,1490.546909,1476.503023,1479.491089,8132454
2025-07-16 00:00:00+05:30,1467.140333,1485.068728,1465.6463,1479.690186,10409983
2025-07-17 00:00:00+05:30,1481.483097,1483.674297,1468.036801,1470.526855,11854613
2025-07-18 00:00:00+05:30,1478.89346,1478.89346,1463.255842,1470.128418,10296318
2025-07-21 00:00:00+05:30,1459.172217,1470.128459,1417.438871,1422.916992,22442744
2025-07-22 00:00:00+05:30,1421.721829,1426.203928,1405.088188,1407.179932,20396320
2025-07-23 00:00:00+05:30,1420.327316,1420.327316,1408.773486,1418.932861,8354596
2025-07-24 00:00:00+05:30,1413.554299,1417.339231,1390.446638,1397.319214,14740507
2025-07-25 00:00:00+05:30,1393.335127,1395.426749,1378.593954,1386.163696,11854722
2025-07-28 00:00:00+05:30,1386.761454,1402.199795,1379.490445,1382.080078,7748361
2025-07-29 00:00:00+05:30,1377.498442,1414.550412,1377.498442,1411.462769,10750072
2025-07-30 00:00:00+05:30,1412.458777,1417.638164,1395.72568,1404.490601,7209849
2025-07-31 00:00:00+05:30,1382.578056,1397.020374,1376.701502,1384.669678,17065827
2025-08-01 00:00:00+05:30,1381.382885,1400.307303,1378.793253,1388.155762,10321171
2025-08-04 00:00:00+05:30,1389.550225,1410.466687,1386.163726,1405.88501,6312820
2025-08-05 00:00:00+05:30,1405.386969,1405.386969,1382.578042,1386.163696,9315972
2025-08-06 00:00:00+05:30,1386.363077,1390.347165,1377.797312,1387.259521,5834312
2025-08-07 00:00:00+05:30,1382.179615,1388.155746,1360.565987,1383.872925,9976705
2025-08-08 00:00:00+05:30,1379.490416,1391.641835,1359.569977,1362.358887,8793606
2025-08-11 00:00:00+05:30,1364.550161,1382.478557,1355.785119,1380.685669,9997486
2025-08-12 00:00:00+05:30,1376.402846,1396.323287,1369.729426,1374.908813,12244664
2025-08-13 00:00:00+05:30,1382.478519,1386.263451,1372.020288,1377.099976,7457021
2025-08-14 00:00:00+05:30,1377.300049,1380.699951,1370.099976,1373.800049,7126128
2025-08-18 00:00:00+05:30,1390,1394.900024,1377,1381.699951,11785109
2025-08-19 00:00:00+05:30,1390,1421,1389.099976,1420.099976,14382667
